record_id,standard_acronym,project_public_id,project_name,country_standard,project_type,project_status,geometry_type,project_url,redd_redd_plus_classification,redd_redd_plus_basis,wkt,original_wkt,coordinate_fix_applied
VCS_1027_2026-04-01,VCS,1027,"IWC BRAZILIAN AMAZON GROUPED REDD APD, AUPD AND BIOMASS TO FUEL PROJECTS",Brazil,Agriculture Forestry and Other Land Use,Under development,Point,https://registry.verra.org/app/projectDetail/VCS/1027,REDD/REDD+,project_name: REDD; project_description: REDD; project_subcategories: REDD,POINT (-48.480831999999999 -3.245556),,
VCS_1047_2026-04-01,VCS,1047,"Carbon Emissions Reduction Project in the Forest Corridor Ambositra-Vondrozo (COFAV), Madagascar",Madagascar,Agriculture Forestry and Other Land Use,Late to verify,Point,https://registry.verra.org/app/projectDetail/VCS/1047,REDD/REDD+,project_subcategories: REDD,POINT (47.299042 -22.27252),,
VCS_1052_2026-04-01,VCS,1052,North Pikounda REDD+,Congo,Agriculture Forestry and Other Land Use,Registered,Point,https://registry.verra.org/app/projectDetail/VCS/1052,REDD/REDD+,project_name: REDD+; project_description: REDD+; project_subcategories: REDD,POINT (16.181197000000001 0.824273),,
VCS_1067_2026-04-01,VCS,1067,Reduction of deforestation and degradation in Tambopata National Reserve and Bahuaja-Sonene National Park within the area of Madre de Dios region –Peru,Peru,Agriculture Forestry and Other Land Use,Registered,Point,https://registry.verra.org/app/projectDetail/VCS/1067,REDD/REDD+,project_name: reduction of deforestation; project_subcategories: REDD,POINT (-69.952832000000001 -13.033343),,
VCS_1094_2026-04-01,VCS,1094,Ecomapua Amazon REDD Project,Brazil,Agriculture Forestry and Other Land Use,On Hold - see notification letter,Point,https://registry.verra.org/app/projectDetail/VCS/1094,REDD/REDD+,project_name: REDD; project_description: REDD; project_subcategories: REDD,POINT (-50.427069000000003 -1.050581),,
VCS_1112_2026-04-01,VCS,1112,The Russas Project,Brazil,Agriculture Forestry and Other Land Use,Registered,Point,https://registry.verra.org/app/projectDetail/VCS/1112,REDD/REDD+,project_description: REDD; project_subcategories: REDD,POINT (-72.642201 -8.095019000000001),,
VCS_1113_2026-04-01,VCS,1113,The Valparaiso Project,Brazil,Agriculture Forestry and Other Land Use,Registered,Point,https://registry.verra.org/app/projectDetail/VCS/1113,REDD/REDD+,project_description: REDD; project_subcategories: REDD,POINT (-72.606003000000001 -8.116398),,
VCS_1115_2026-04-01,VCS,1115,JARI/AMAPÁ REDD+ PROJECT,Brazil,Agriculture Forestry and Other Land Use,Verification approval requested,Point,https://registry.verra.org/app/projectDetail/VCS/1115,REDD/REDD+,project_name: REDD+; project_description: REDD+; project_subcategories: REDD,POINT (-52.372455000000002 0.816536),,
VCS_1118_2026-04-01,VCS,1118,Suruí Forest Carbon Project,Brazil,Agriculture Forestry and Other Land Use,Late to verify,Point,https://registry.verra.org/app/projectDetail/VCS/1118,REDD/REDD+,project_subcategories: REDD,POINT (-61.151479000000002 -11.009945),,
VCS_1122_2026-04-01,VCS,1122,April Salumei Rainforest Community Conservation Project,Papua New Guinea,Agriculture Forestry and Other Land Use,Verification approval requested,Point,https://registry.verra.org/app/projectDetail/VCS/1122,REDD/REDD+,project_description: REDD; project_subcategories: REDD,POINT (142.679259000000002 -4.66352),,
VCS_1133_2026-04-01,VCS,1133,Yacumama Forest Carbon Project,Peru,Agriculture Forestry and Other Land Use,Registered,Point,https://registry.verra.org/app/projectDetail/VCS/1133,REDD/REDD+,project_subcategories: REDD,POINT (-73.409591000000006 -4.60025),,
VCS_1168_2026-04-01,VCS,1168,"Kulera Landscape REDD+ Program for Co-Managed Protected Areas, Malawi",Malawi,Agriculture Forestry and Other Land Use,Late to verify,Point,https://registry.verra.org/app/projectDetail/VCS/1168,REDD/REDD+,project_name: REDD+; project_description: REDD+; project_subcategories: REDD,POINT (33.938948000000003 -12.917289),,
VCS_1175_2026-04-01,VCS,1175,"AVOIDING PLANNED DEFORESTATION AND DEGRADATION IN THE VALDIVIAN COASTAL RESERVE, CHILE",Chile,Agriculture Forestry and Other Land Use,Registered,Point,https://registry.verra.org/app/projectDetail/VCS/1175,REDD/REDD+,project_subcategories: REDD,POINT (-73.709187 -40.202382),,
VCS_1201_2026-04-01,VCS,1201,Gola REDD project,Sierra Leone,Agriculture Forestry and Other Land Use,Verification approval requested,Point,https://registry.verra.org/app/projectDetail/VCS/1201,REDD/REDD+,project_name: REDD; project_description: REDD; project_subcategories: REDD,POINT (-11.020161 7.606174),,
VCS_1202_2026-04-01,VCS,1202,LOWER ZAMBEZI REDD+ PROJECT,Zambia,Agriculture Forestry and Other Land Use,Registered,Point,https://registry.verra.org/app/projectDetail/VCS/1202,REDD/REDD+,project_name: REDD+; project_description: REDD+; project_subcategories: REDD,POINT (29.296648000000001 -15.494631),,
VCS_1215_2026-04-01,VCS,1215,The Makira Forest Protected Area in Madagascar,Madagascar,Agriculture Forestry and Other Land Use,Late to verify,Point,https://registry.verra.org/app/projectDetail/VCS/1215,REDD/REDD+,project_description: REDD+; project_subcategories: REDD,POINT (49.538719 -15.179273),,
VCS_1218_2026-04-01,VCS,1218,"Evio Kuiñaji Ese´Eja Cuana, To Mitigate Climate Change, Madre de Dios - Perú",Peru,Agriculture Forestry and Other Land Use,Registered,Point,https://registry.verra.org/app/projectDetail/VCS/1218,REDD/REDD+,project_subcategories: REDD,POINT (-69.214939000000001 -12.687075),,
VCS_1285_2026-04-01,VCS,1285,New Leaf Carbon Project,Australia,Agriculture Forestry and Other Land Use,Late to verify,Point,https://registry.verra.org/app/projectDetail/VCS/1285,REDD/REDD+,project_subcategories: REDD,POINT (147.688328000000013 -42.713391000000001),,
VCS_1311_2026-04-01,VCS,1311,"Carbon Emissions Reduction Project in the Corridor Ankeniheny-Zahamena (CAZ) Protected Area, Madagascar",Madagascar,Agriculture Forestry and Other Land Use,Late to verify,Point,https://registry.verra.org/app/projectDetail/VCS/1311,REDD/REDD+,project_subcategories: REDD,POINT (48.846282000000002 -17.76201),,
VCS_1325_2026-04-01,VCS,1325,Village Climate Solutions,"Tanzania, United Republic of",Agriculture Forestry and Other Land Use,Verification approval requested,Point,https://registry.verra.org/app/projectDetail/VCS/1325,REDD/REDD+,project_subcategories: REDD,POINT (39.458677000000002 -9.939811000000001),,
VCS_1326_2026-04-01,VCS,1326,Laguna Seca Forest Carbon Project,Belize,Agriculture Forestry and Other Land Use,Registered,Point,https://registry.verra.org/app/projectDetail/VCS/1326,REDD/REDD+,project_subcategories: REDD,POINT (-89.051749000000001 17.571013000000001),,
VCS_1329_2026-04-01,VCS,1329,Maísa REDD+ Project,Brazil,Agriculture Forestry and Other Land Use,Inactive,Point,https://registry.verra.org/app/projectDetail/VCS/1329,REDD/REDD+,project_name: REDD+; project_description: REDD+; project_subcategories: REDD,POINT (-49.336863000000001 -3.23083),,
VCS_1340_2026-04-01,VCS,1340,Bale Mountains Eco-region REDD+ project,Ethiopia,Agriculture Forestry and Other Land Use,Registered,Point,https://registry.verra.org/app/projectDetail/VCS/1340,REDD/REDD+,project_name: REDD+; project_description: REDD+; project_subcategories: REDD,POINT (40.003875000000001 6.62225),,
VCS_1359_2026-04-01,VCS,1359,Isangi REDD+ Project,"Congo, The Democratic Republic of the",Agriculture Forestry and Other Land Use,Withdrawn,Point,https://registry.verra.org/app/projectDetail/VCS/1359,REDD/REDD+,project_name: REDD+; project_description: REDD+; project_subcategories: REDD,POINT (23.838165 0.075068),,
VCS_1360_2026-04-01,VCS,1360,Forest Management to reduce deforestation and degradation in Shipibo Conibo and Cacataibo Indigenous communities of Ucayali region,Peru,Agriculture Forestry and Other Land Use,Verification approval request denied,Point,https://registry.verra.org/app/projectDetail/VCS/1360,REDD/REDD+,project_subcategories: REDD,POINT (-74.387325000000004 -9.20195),,
VCS_1381_2026-04-01,VCS,1381,HIMA (Hifadhi ya Misitu ya Asili ya jamii) REDD+ Program,"Tanzania, United Republic of",Agriculture Forestry and Other Land Use,Under development,Point,https://registry.verra.org/app/projectDetail/VCS/1381,REDD/REDD+,project_name: REDD+; project_subcategories: REDD,POINT (39.317 -6.133),,
VCS_1382_2026-04-01,VCS,1382,"The Envira Amazonia Project - A Tropical Forest Conservation Project in Acre, Brazil",Brazil,Agriculture Forestry and Other Land Use,Verification approval requested,Point,https://registry.verra.org/app/projectDetail/VCS/1382,REDD/REDD+,project_description: REDD+; project_subcategories: REDD,POINT (-70.177176000000003 -8.847445),,
VCS_1384_2026-04-01,VCS,1384,Reduced Emissions from Avoided Deforestation in the Multiple Use Zone of the Maya Biosphere Reserve in Guatemala (GuateCarbon),Guatemala,Agriculture Forestry and Other Land Use,Late to verify,Point,https://registry.verra.org/app/projectDetail/VCS/1384,REDD/REDD+,project_name: avoided deforestation; project_description: REDD+; project_subcategories: REDD,POINT (-89.631290000000007 17.209557),,
VCS_1389_2026-04-01,VCS,1389,Acapa -­ Bajo Mira Y Frontera REDD+ Project,Colombia,Agriculture Forestry and Other Land Use,Registered,Point,https://registry.verra.org/app/projectDetail/VCS/1389,REDD/REDD+,project_name: REDD+; project_description: REDD+; project_subcategories: REDD,POINT (-78.892797000000002 1.6428),,
VCS_1390_2026-04-01,VCS,1390,Carmen del Darién (CDD) REDD+ Project,Colombia,Agriculture Forestry and Other Land Use,Registered,Point,https://registry.verra.org/app/projectDetail/VCS/1390,REDD/REDD+,project_name: REDD+; project_description: REDD+; project_subcategories: REDD,POINT (-77.126078000000007 6.87222),,
VCS_1391_2026-04-01,VCS,1391,SIVIRÚ-USARAGÁ-PIZARRO-PILIZÁ (SUPP) REDD+ Project,Colombia,Agriculture Forestry and Other Land Use,Registered,Point,https://registry.verra.org/app/projectDetail/VCS/1391,REDD/REDD+,project_name: REDD+; project_description: REDD+; project_subcategories: REDD,POINT (-77.359746000000001 4.915528),,
VCS_1392_2026-04-01,VCS,1392,Cajambre REDD+ Project,Colombia,Agriculture Forestry and Other Land Use,Registered,Point,https://registry.verra.org/app/projectDetail/VCS/1392,REDD/REDD+,project_name: REDD+; project_description: REDD+; project_subcategories: REDD,POINT (-77.128245000000007 3.292599),,
VCS_1395_2026-04-01,VCS,1395,Bajo Calima y Bahía Málaga (BCBM) REDD+ Project,Colombia,Agriculture Forestry and Other Land Use,Registered,Point,https://registry.verra.org/app/projectDetail/VCS/1395,REDD/REDD+,project_name: REDD+; project_description: REDD+; project_subcategories: REDD,POINT (-77.159722000000002 4.005277),,
VCS_1396_2026-04-01,VCS,1396,Rio Pepe y ACABA REDD+ Project,Colombia,Agriculture Forestry and Other Land Use,Registered,Point,https://registry.verra.org/app/projectDetail/VCS/1396,REDD/REDD+,project_name: REDD+; project_description: REDD+; project_subcategories: REDD,POINT (-76.933610000000002 5.117181),,
VCS_1398_2026-04-01,VCS,1398,Reducing Emissions from Deforestation and Carbon Enhancement in Xe Pian National Protected Area,Lao People's Democratic Republic,Agriculture Forestry and Other Land Use,Late to verify,Point,https://registry.verra.org/app/projectDetail/VCS/1398,REDD/REDD+,project_subcategories: REDD,POINT (106.153401000000002 14.385716),,
VCS_1399_2026-04-01,VCS,1399,Mutatá REDD+ Project,Colombia,Agriculture Forestry and Other Land Use,Registered,Point,https://registry.verra.org/app/projectDetail/VCS/1399,REDD/REDD+,project_name: REDD+; project_description: REDD+; project_subcategories: REDD,POINT (-76.487774000000002 7.298886),,
VCS_1400_2026-04-01,VCS,1400,Concosta REDD+ Project,Colombia,Agriculture Forestry and Other Land Use,Registered,Point,https://registry.verra.org/app/projectDetail/VCS/1400,REDD/REDD+,project_name: REDD+; project_description: REDD+; project_subcategories: REDD,POINT (-77.221666999999997 4.704722),,
VCS_1403_2026-04-01,VCS,1403,"The Paraguay Forest Conservation Project – Reduction of GHG Emissions from Deforestation and Forest Degradation in the Parana Atlantic Ecosystem – Forest Protection in the La Amistad Community, San Rafael",Paraguay,Agriculture Forestry and Other Land Use,Registered,Point,https://registry.verra.org/app/projectDetail/VCS/1403,REDD/REDD+,project_subcategories: REDD,POINT (-55.971380000000003 -26.923259000000002),,
VCS_1408_2026-04-01,VCS,1408,Chyulu Hills REDD+ Project,Kenya,Agriculture Forestry and Other Land Use,Registered,Point,https://registry.verra.org/app/projectDetail/VCS/1408,REDD/REDD+,project_name: REDD+; project_description: REDD+; project_subcategories: REDD,POINT (37.687992000000001 -2.806913),,
VCS_1455_2026-04-01,VCS,1455,Reduction of the deforestation and degradation of tropical dry forests in Piura and Lambayeque,Peru,Agriculture Forestry and Other Land Use,Registration requested,Point,https://registry.verra.org/app/projectDetail/VCS/1455,REDD/REDD+,project_subcategories: REDD,POINT (-79.739570000000001 -5.857984),,
VCS_1498_2026-04-01,VCS,1498,Preserving Peat Swamp Forest Ecosystem Through Redd+ Activity In Kampar Peninsula Riau-Indonesia,Indonesia,Agriculture Forestry and Other Land Use,Under validation,Point,https://registry.verra.org/app/projectDetail/VCS/1498,REDD/REDD+,project_name: REDD+; project_description: REDD; project_subcategories: REDD,POINT (102.496048999999999 0.681619),,
VCS_1503_2026-04-01,VCS,1503,RESEX Rio Preto-Jacundá REDD+ Project,Brazil,Agriculture Forestry and Other Land Use,Verification approval requested,Point,https://registry.verra.org/app/projectDetail/VCS/1503,REDD/REDD+,project_name: REDD+; project_description: REDD+; project_subcategories: REDD,POINT (-62.288229000000001 -8.863412),,
VCS_1532_2026-04-01,VCS,1532,COMACO Landscape Management Project,Zambia,Agriculture Forestry and Other Land Use,Verification approval requested,Point,https://registry.verra.org/app/projectDetail/VCS/1532,REDD/REDD+,project_description: REDD+; project_subcategories: REDD,POINT (33.185848 -11.925421),,
VCS_1541_2026-04-01,VCS,1541,Lacandon – Forest for life REDD+ Project,Guatemala,Agriculture Forestry and Other Land Use,Registered,Point,https://registry.verra.org/app/projectDetail/VCS/1541,REDD/REDD+,project_name: REDD+; project_description: REDD+; project_subcategories: REDD,POINT (-90.566631000000001 16.642129000000001),,
VCS_1561_2026-04-01,VCS,1561,Sustainable Forestry Management Plan Capture and Sequestration Carbon,Brazil,Agriculture Forestry and Other Land Use,Under development,Point,https://registry.verra.org/app/projectDetail/VCS/1561,REDD/REDD+,project_subcategories: REDD,POINT (-52.972453000000002 -4.499895),,
VCS_1566_2026-04-01,VCS,1566,REDD+ Project Resguardo Indigena Unificado Selva de Mataven (RIU SM),Colombia,Agriculture Forestry and Other Land Use,Verification approval requested,Point,https://registry.verra.org/app/projectDetail/VCS/1566,REDD/REDD+,project_name: REDD+; project_description: REDD+; project_subcategories: REDD,POINT (-68.393332999999998 4.244444),,
VCS_1571_2026-04-01,VCS,1571,Manoa REDD+ Project,Brazil,Agriculture Forestry and Other Land Use,Verification approval requested,Point,https://registry.verra.org/app/projectDetail/VCS/1571,REDD/REDD+,project_name: REDD+; project_description: REDD+; project_subcategories: REDD,POINT (-62.534638000000001 -8.995660000000001),,
VCS_1596_2026-04-01,VCS,1596,"The Juma Sustainable Development Reserve Project: Reducing Greenhouse Gas Emissions from Deforestation and Forest Degradation plus forest management in the State of Amazonas, Brazil",Brazil,Agriculture Forestry and Other Land Use,Registration requested,Point,https://registry.verra.org/app/projectDetail/VCS/1596,REDD/REDD+,project_description: REDD+; project_subcategories: REDD,POINT (-60.267794000000002 -5.853733),,
VCS_1622_2026-04-01,VCS,1622,REDD+ Project for Caribbean Guatemala: The Conservation Coast,Guatemala,Agriculture Forestry and Other Land Use,Verification approval requested,Point,https://registry.verra.org/app/projectDetail/VCS/1622,REDD/REDD+,project_name: REDD+; project_description: REDD+; project_subcategories: REDD,POINT (-88.891564000000002 15.216831000000001),,
VCS_1650_2026-04-01,VCS,1650,Reduced Emissions from Deforestation and Degradation in Keo Seima Wildlife Sanctuary,Cambodia,Agriculture Forestry and Other Land Use,Registered,Point,https://registry.verra.org/app/projectDetail/VCS/1650,REDD/REDD+,project_description: REDD+; project_subcategories: REDD,POINT (106.684903000000006 12.314823000000001),,
VCS_1654_2026-04-01,VCS,1654,Fortaleza Ituxi REDD Project,Brazil,Agriculture Forestry and Other Land Use,On Hold - see notification letter,Point,https://registry.verra.org/app/projectDetail/VCS/1654,REDD/REDD+,project_name: REDD; project_description: REDD; project_subcategories: REDD,POINT (-66.155054000000007 -8.909852000000001),,
VCS_1657_2026-04-01,VCS,1657,"Grouped Project REDD+ conservation of the Oak ecological corridor Guantiva – La Rusia – Iguaque, Colombia",Colombia,Agriculture Forestry and Other Land Use,Under validation,Point,https://registry.verra.org/app/projectDetail/VCS/1657,REDD/REDD+,project_name: REDD+; project_subcategories: REDD,POINT (-72.955734000000007 6.551636),,
VCS_1672_2026-04-01,VCS,1672,Musokotwane REDD+ Project,Zambia,Agriculture Forestry and Other Land Use,Withdrawn,Point,https://registry.verra.org/app/projectDetail/VCS/1672,REDD/REDD+,project_name: REDD+; project_description: REDD+; project_subcategories: REDD,POINT (25.732769999999999 -17.566389000000001),,
VCS_1674_2026-04-01,VCS,1674,Gilé National Reserve REDD Project,Mozambique,Agriculture Forestry and Other Land Use,Late to verify,Point,https://registry.verra.org/app/projectDetail/VCS/1674,REDD/REDD+,project_name: REDD; project_description: REDD; project_subcategories: REDD,POINT (38.276744000000001 -16.539947000000002),,
VCS_1686_2026-04-01,VCS,1686,Agrocortex REDD Project,Brazil,Agriculture Forestry and Other Land Use,Registered,Point,https://registry.verra.org/app/projectDetail/VCS/1686,REDD/REDD+,project_name: REDD; project_description: REDD; project_subcategories: REDD,POINT (-69.069997000000001 -8.44646),,
VCS_1689_2026-04-01,VCS,1689,Tumring REDD+ Project,Cambodia,Agriculture Forestry and Other Land Use,Late to verify,Point,https://registry.verra.org/app/projectDetail/VCS/1689,REDD/REDD+,project_name: REDD+; project_description: REDD+; project_subcategories: REDD,POINT (105.428055000000001 12.983651),,
VCS_1695_2026-04-01,VCS,1695,PAYMENT FOR ENVIRONMENTAL SERVICES SCHEME FOR FOREST MANAGEMENT AND CONSERVATION OF WATER SOURCES IN THE JURISDICTION OF CORPOCHIVOR,Colombia,Agriculture Forestry and Other Land Use,Registered,Point,https://registry.verra.org/app/projectDetail/VCS/1695,REDD/REDD+,project_subcategories: REDD,POINT (-73.366905000000003 4.888858),,
VCS_1704_2026-04-01,VCS,1704,"Agricultural Land Management project in Beed District, India implemented by Godrej Properties Ltd.",India,Agriculture Forestry and Other Land Use,Late to verify,Point,https://registry.verra.org/app/projectDetail/VCS/1704,REDD/REDD+,project_subcategories: REDD,POINT (75.467382000000001 19.061066),,
VCS_1711_2026-04-01,VCS,1711,"Agricultural Land Management project in Telangana, India implemented by Godrej Consumer Products Limited",India,Agriculture Forestry and Other Land Use,Withdrawn,Point,https://registry.verra.org/app/projectDetail/VCS/1711,REDD/REDD+,project_subcategories: REDD,POINT (78.816665 17.803056000000002),,
VCS_1743_2026-04-01,VCS,1743,Beampingaratsy REDD Project,Madagascar,Agriculture Forestry and Other Land Use,Registration requested,Point,https://registry.verra.org/app/projectDetail/VCS/1743,REDD/REDD+,project_name: REDD; project_description: REDD; project_subcategories: REDD,POINT (47.058750000000003 -24.157762000000002),,
VCS_1748_2026-04-01,VCS,1748,Southern Cardamom REDD+ Project,Cambodia,Agriculture Forestry and Other Land Use,Verification approval requested,Point,https://registry.verra.org/app/projectDetail/VCS/1748,REDD/REDD+,project_name: REDD+; project_description: REDD+; project_subcategories: REDD,POINT (103.503275000000002 11.540589000000001),,
VCS_1765_2026-04-01,VCS,1765,Grouped Project for reducing emissions from deforestation and forest degradation-REDD-in the Regional Natural Park:Biological Corridor PNN Purace-PNN Cueva de los Guacharos,Colombia,Agriculture Forestry and Other Land Use,Verification approval requested,Point,https://registry.verra.org/app/projectDetail/VCS/1765,REDD/REDD+,project_description: REDD; project_subcategories: REDD,POINT (-76.259782000000001 1.764026),,
VCS_1769_2026-04-01,VCS,1769,"Grouped Project for restoration of degraded lands in Jaguar Corridors, Colombia",Colombia,Agriculture Forestry and Other Land Use,Late to verify,Point,https://registry.verra.org/app/projectDetail/VCS/1769,REDD/REDD+,project_subcategories: REDD,POINT (-73.947500000000005 6.313054),,
VCS_1775_2026-04-01,VCS,1775,Luangwa Community Forests Project,Zambia,Agriculture Forestry and Other Land Use,Registered,Point,https://registry.verra.org/app/projectDetail/VCS/1775,REDD/REDD+,project_description: REDD+; project_subcategories: REDD,POINT (29.896999999999998 -15.0395),,
VCS_1799_2026-04-01,VCS,1799,"Forest Management to mitigate climate change in the native community of Bélgica, Madre de Dios Region – Peru",Peru,Agriculture Forestry and Other Land Use,Rejected by Administrator,Point,https://registry.verra.org/app/projectDetail/VCS/1799,REDD/REDD+,project_subcategories: REDD,POINT (-70.001908 -11.101058),,
VCS_1806_2026-04-01,VCS,1806,Riscales REDD+ Project,Colombia,Agriculture Forestry and Other Land Use,Registered,Point,https://registry.verra.org/app/projectDetail/VCS/1806,REDD/REDD+,project_name: REDD+; project_description: REDD+; project_subcategories: REDD,POINT (-77.312893000000003 5.690137),,
VCS_1811_2026-04-01,VCS,1811,Jari/Pará REDD+ Project,Brazil,Agriculture Forestry and Other Land Use,Registered,Point,https://registry.verra.org/app/projectDetail/VCS/1811,REDD/REDD+,project_name: REDD+; project_description: REDD+; project_subcategories: REDD,POINT (-52.853549000000001 -1.56661),,
VCS_1821_2026-04-01,VCS,1821,Conservación de los Ecosistemas y el Almacén de Carbono Región de Transición Guayano Amazónica 'Flor de Inírida',Colombia,Agriculture Forestry and Other Land Use,Withdrawn,Point,https://registry.verra.org/app/projectDetail/VCS/1821,REDD/REDD+,project_description: REDD+; project_subcategories: REDD,POINT (-69.154694000000006 2.613478),,
VCS_1826_2026-04-01,VCS,1826,Qinghai Afforestation Project,China,Agriculture Forestry and Other Land Use,On Hold - see notification letter,Point,https://registry.verra.org/app/projectDetail/VCS/1826,REDD/REDD+,project_subcategories: REDD,POINT (101.121899999999997 36.448753000000004),,
VCS_1832_2026-04-01,VCS,1832,Haidong Afforestation Project,China,Agriculture Forestry and Other Land Use,On Hold - see notification letter,Point,https://registry.verra.org/app/projectDetail/VCS/1832,REDD/REDD+,project_subcategories: REDD,POINT (102.799029000000004 36.409326),,
VCS_1848_2026-04-01,VCS,1848,"Korea - Myanmar Joint - Bago Region REDD+ Program, with North Zamari Wildlife Sanctuary",Myanmar,Agriculture Forestry and Other Land Use,Registration requested,Point,https://registry.verra.org/app/projectDetail/VCS/1848,REDD/REDD+,project_name: REDD+; project_description: REDD+; project_subcategories: REDD,POINT (97.253056000000001 20.497778),,
VCS_1864_2026-04-01,VCS,1864,Puzhen Afforestation Project in Guizhou Province,China,Agriculture Forestry and Other Land Use,Rejected by Administrator,Point,https://registry.verra.org/app/projectDetail/VCS/1864,REDD/REDD+,project_subcategories: REDD,POINT (105.761167 26.203682000000001),,
VCS_1866_2026-04-01,VCS,1866,XinJiang Makit County Afforestation Carbon Sequestration Project,China,Agriculture Forestry and Other Land Use,On Hold - see notification letter,Point,https://registry.verra.org/app/projectDetail/VCS/1866,REDD/REDD+,project_subcategories: REDD,POINT (77.806055000000001 38.858983000000002),,
VCS_1881_2026-04-01,VCS,1881,Conservation of Panama Forests - Reduction of GHG Emissions from Deforestation. Grouped Project,Panama,Agriculture Forestry and Other Land Use,Registered,Point,https://registry.verra.org/app/projectDetail/VCS/1881,REDD/REDD+,project_subcategories: REDD,POINT (-82.629878000000005 9.100438),,
VCS_1882_2026-04-01,VCS,1882,REDD+ PROJECT IN THE ALTO HUAYABAMBA CONSERVATION CONCESSION (CCAH),Peru,Agriculture Forestry and Other Land Use,Verification approval requested,Point,https://registry.verra.org/app/projectDetail/VCS/1882,REDD/REDD+,project_name: REDD+; project_description: REDD+; project_subcategories: REDD,POINT (-77.412497000000002 -7.591101),,
VCS_1897_2026-04-01,VCS,1897,Ntakata Mountains REDD,"Tanzania, United Republic of",Agriculture Forestry and Other Land Use,Verification approval requested,Point,https://registry.verra.org/app/projectDetail/VCS/1897,REDD/REDD+,project_name: REDD; project_description: REDD; project_subcategories: REDD,POINT (30.438945 -6.081754),,
VCS_1900_2026-04-01,VCS,1900,Makame Savannah REDD,"Tanzania, United Republic of",Agriculture Forestry and Other Land Use,Verification approval requested,Point,https://registry.verra.org/app/projectDetail/VCS/1900,REDD/REDD+,project_name: REDD; project_description: REDD; project_subcategories: REDD,POINT (36.654932000000002 -4.665142),,
VCS_1953_2026-04-01,VCS,1953,Floresta Verde REDD+ Project,Brazil,Agriculture Forestry and Other Land Use,Registered,Point,https://registry.verra.org/app/projectDetail/VCS/1953,REDD/REDD+,project_name: REDD+; project_description: REDD+; project_subcategories: REDD,POINT (-47.116388000000001 -3.253889),,
VCS_2071_2026-04-01,VCS,2071,"COCOMACIA COMMUNITY REDD+ PROGRAM, CHOCO/ANTIOQUIA COLOMBIA",Colombia,Agriculture Forestry and Other Land Use,Under validation,Point,https://registry.verra.org/app/projectDetail/VCS/2071,REDD/REDD+,project_name: REDD+; project_subcategories: REDD,POINT (-76.804568000000003 6.252258),,
VCS_2084_2026-04-01,VCS,2084,"CONSERVATION PROJECT REDD+ SUR DEL META BOSQUES DE PAZ, SUSTENTO DE VIDA",Colombia,Agriculture Forestry and Other Land Use,Registered,Point,https://registry.verra.org/app/projectDetail/VCS/2084,REDD/REDD+,project_name: REDD+; project_description: REDD+; project_subcategories: REDD,POINT (-73.208302000000003 2.94206),,
VCS_2177_2026-04-01,VCS,2177,failed,Madagascar,Agriculture Forestry and Other Land Use,Withdrawn,Point,https://registry.verra.org/app/projectDetail/VCS/2177,REDD/REDD+,project_description: REDD+,POINT (58 23.052),,
VCS_2251_2026-04-01,VCS,2251,REDD PROJECT OF THE INDIGENOUS PEOPLES OF VAUPÉS YUTUCU AND OTHERS,Colombia,Agriculture Forestry and Other Land Use,Withdrawn,Point,https://registry.verra.org/app/projectDetail/VCS/2251,REDD/REDD+,project_name: REDD; project_description: REDD+; project_subcategories: REDD,POINT (-70.605547999999999 1.139052),,
VCS_2252_2026-04-01,VCS,2252,Rio Anapu-Pacaja REDD Project,Brazil,Agriculture Forestry and Other Land Use,On Hold - see notification letter,Point,https://registry.verra.org/app/projectDetail/VCS/2252,REDD/REDD+,project_name: REDD; project_description: REDD; project_subcategories: REDD,POINT (-51.092345999999999 -2.47469),,
VCS_2262_2026-04-01,VCS,2262,REDD+ Yaguara Llanos del Yari,Colombia,Agriculture Forestry and Other Land Use,Withdrawn,Point,https://registry.verra.org/app/projectDetail/VCS/2262,REDD/REDD+,project_name: REDD+,POINT (-73.574749 1.761024),POINT (1.761024 -73.574748999999997),longitude_latitude_swapped
VCS_2278_2026-04-01,VCS,2278,The Jaguar Amazon REDD+ Project,Peru,Agriculture Forestry and Other Land Use,Registered,Point,https://registry.verra.org/app/projectDetail/VCS/2278,REDD/REDD+,project_name: REDD+; project_subcategories: REDD,POINT (-69.629919000000001 -11.541292),,
VCS_2290_2026-04-01,VCS,2290,BLUE CARBON PROJECT GULF OF MORROSQUILLO “VIDA MANGLAR”,Colombia,Agriculture Forestry and Other Land Use,Registered,Point,https://registry.verra.org/app/projectDetail/VCS/2290,REDD/REDD+,project_subcategories: REDD,POINT (-75.725577000000001 9.324177000000001),,
VCS_2293_2026-04-01,VCS,2293,NIHT Topaiyo REDD +,Papua New Guinea,Agriculture Forestry and Other Land Use,Late to verify,Point,https://registry.verra.org/app/projectDetail/VCS/2293,REDD/REDD+,project_name: REDD+; project_subcategories: REDD,POINT (152.681443999999999 -4.334167),,
VCS_2297_2026-04-01,VCS,2297,REDD+ Project Pueblos indígenas resguardando la selva,Colombia,Agriculture Forestry and Other Land Use,Registered,Point,https://registry.verra.org/app/projectDetail/VCS/2297,REDD/REDD+,project_name: REDD+; project_description: REDD+; project_subcategories: REDD,POINT (-72.425359 -1.342811),,
VCS_2298_2026-04-01,VCS,2298,"CONSEJOS COMUNITARIOS DEL PACIFICO VALLE DEL CAUCA (CCPVC) PROGRAMA REDD+ VALLE DEL CAUCA, COLOMBIA",Colombia,Agriculture Forestry and Other Land Use,Under development,Point,https://registry.verra.org/app/projectDetail/VCS/2298,REDD/REDD+,project_name: REDD+; project_description: REDD+; project_subcategories: REDD,POINT (-77.129520999999997 3.696826),,
VCS_2317_2026-04-01,VCS,2317,REDD+ Project Magnolios de Yarumal,Colombia,Agriculture Forestry and Other Land Use,Registered,Point,https://registry.verra.org/app/projectDetail/VCS/2317,REDD/REDD+,project_name: REDD+; project_subcategories: REDD,POINT (-75.295203000000001 7.034051),,
VCS_2320_2026-04-01,VCS,2320,National REDD+ Project in the Democratic Republic of Congo,"Congo, The Democratic Republic of the",Agriculture Forestry and Other Land Use,Withdrawn,Point,https://registry.verra.org/app/projectDetail/VCS/2320,REDD/REDD+,project_name: REDD+; project_description: REDD+; project_subcategories: REDD,POINT (23.984729000000002 -0.406736),,
VCS_2321_2026-04-01,VCS,2321,Ola Hou – Restoring Hawaii’s Native Forests,United States,Agriculture Forestry and Other Land Use,Under validation,Point,https://registry.verra.org/app/projectDetail/VCS/2321,REDD/REDD+,project_subcategories: REDD,POINT (-156.225615000000005 20.678577000000001),,
VCS_2324_2026-04-01,VCS,2324,COMMUNITY BASED AVOIDED DEFORESTATION PROJECT IN GUINEA-BISSAU - REDD,Guinea-Bissau,Agriculture Forestry and Other Land Use,Late to verify,Point,https://registry.verra.org/app/projectDetail/VCS/2324,REDD/REDD+,project_name: REDD; project_subcategories: REDD,POINT (-16.190328000000001 12.310658),,
VCS_2330_2026-04-01,VCS,2330,Protection of mangroves and community developmental activities in the biodiversity hotspot of Colombia,Colombia,Agriculture Forestry and Other Land Use,Registration requested,Point,https://registry.verra.org/app/projectDetail/VCS/2330,REDD/REDD+,project_description: REDD; project_subcategories: REDD,POINT (-76.960277000000005 8.105304),,
VCS_2356_2026-04-01,VCS,2356,REDD+ CONSERVATION OF ETHNO SUSTAINABLE AFRO-COLOMBIAN COMMUNITY IN THE TROPICAL RAIN FOREST OF COLOMBIA,Colombia,Agriculture Forestry and Other Land Use,Under validation,Point,https://registry.verra.org/app/projectDetail/VCS/2356,REDD/REDD+,project_name: REDD+; project_description: REDD; project_subcategories: REDD,POINT (-77.373911000000007 8.625021),,
VCS_2363_2026-04-01,VCS,2363,CONSERVATION OF MIOMBOS IN TARU KENYA REDD+,Kenya,Agriculture Forestry and Other Land Use,Withdrawn,Point,https://registry.verra.org/app/projectDetail/VCS/2363,REDD/REDD+,project_name: REDD+; project_description: REDD+; project_subcategories: REDD,POINT (39.122999999999998 -3.429),,
VCS_2373_2026-04-01,VCS,2373,Yellow Ipê Grouped REDD Project,Brazil,Agriculture Forestry and Other Land Use,Registered,Point,https://registry.verra.org/app/projectDetail/VCS/2373,REDD/REDD+,project_name: REDD; project_description: REDD; project_subcategories: REDD,POINT (-59.686387000000003 -5.628332),,
VCS_2392_2026-04-01,VCS,2392,REDD + in the Forests of the Otún River Basin,Colombia,Agriculture Forestry and Other Land Use,Withdrawn,Point,https://registry.verra.org/app/projectDetail/VCS/2392,REDD/REDD+,project_name: REDD+; project_description: REDD+; project_subcategories: REDD,POINT (-75.525959999999998 4.739131),,
VCS_2395_2026-04-01,VCS,2395,OKI REDD+ Project,Indonesia,Agriculture Forestry and Other Land Use,Registration requested,Point,https://registry.verra.org/app/projectDetail/VCS/2395,REDD/REDD+,project_name: REDD+,POINT (105.599999999999994 -2.565),,
VCS_2403_2026-04-01,VCS,2403,Riau Ecosystem Restoration Carbon Project,Indonesia,Agriculture Forestry and Other Land Use,Verification approval requested,Point,https://registry.verra.org/app/projectDetail/VCS/2403,REDD/REDD+,project_description: REDD+,POINT (102.816699999999997 0.416667),,
VCS_2406_2026-04-01,VCS,2406,SENEGAL AND WEST AFRICA MANGROVE PROGRAMME (SWAMP),Senegal,Agriculture Forestry and Other Land Use,Under development,Point,https://registry.verra.org/app/projectDetail/VCS/2406,REDD/REDD+,project_description: REDD+,POINT (-16.763672 14.134995),,
VCS_2407_2026-04-01,VCS,2407,Niokolo Koba REDD+ Project,Senegal,Agriculture Forestry and Other Land Use,Under development,Point,https://registry.verra.org/app/projectDetail/VCS/2407,REDD/REDD+,project_name: REDD+,POINT (-13.698784 13.256634999999999),,
VCS_2459_2026-04-01,VCS,2459,NAYA REDD+,Colombia,Agriculture Forestry and Other Land Use,Rejected by Administrator,Point,https://registry.verra.org/app/projectDetail/VCS/2459,REDD/REDD+,project_name: REDD+; project_description: REDD+; project_subcategories: REDD,POINT (-77.165316000000004 3.059431),,
VCS_2482_2026-04-01,VCS,2482,Boa Fé REDD Project,Brazil,Agriculture Forestry and Other Land Use,Withdrawn,Point,https://registry.verra.org/app/projectDetail/VCS/2482,REDD/REDD+,project_name: REDD; project_description: REDD; project_subcategories: REDD,POINT (-60.039797999999998 -8.536883),,
VCS_2483_2026-04-01,VCS,2483,Tavolo Community Forest Conservation Project,Papua New Guinea,Agriculture Forestry and Other Land Use,Registered,Point,https://registry.verra.org/app/projectDetail/VCS/2483,REDD/REDD+,project_description: REDD; project_subcategories: REDD,POINT (150.905916999999988 -6.007562),,
VCS_2502_2026-04-01,VCS,2502,TAHUAMANU AMAZON REDD PROJECT,Peru,Agriculture Forestry and Other Land Use,Registered,Point,https://registry.verra.org/app/projectDetail/VCS/2502,REDD/REDD+,project_name: REDD; project_description: REDD+; project_subcategories: REDD,POINT (-69.973701000000005 -11.359047),,
VCS_2508_2026-04-01,VCS,2508,UNITOR REDD+ PROJECT,Brazil,Agriculture Forestry and Other Land Use,On Hold - see notification letter,Point,https://registry.verra.org/app/projectDetail/VCS/2508,REDD/REDD+,project_name: REDD+; project_description: REDD+; project_subcategories: REDD,POINT (-66.137969999999996 -9.13167),,
VCS_2510_2026-04-01,VCS,2510,"CHINKO CONSERVATION AREA REDD+ PROJECT, CENTRAL AFRICAN REPUBLIC",Central African Republic,Agriculture Forestry and Other Land Use,Verification approval requested,Point,https://registry.verra.org/app/projectDetail/VCS/2510,REDD/REDD+,project_name: REDD+; project_subcategories: REDD,POINT (23.945340000000002 6.1349),,
VCS_2518_2026-04-01,VCS,2518,"Carbon sequestration in mangroves of the south – central coastal zone of the state of Sinaloa, México",Mexico,Agriculture Forestry and Other Land Use,Under development,Point,https://registry.verra.org/app/projectDetail/VCS/2518,REDD/REDD+,project_subcategories: REDD,POINT (-108.388333000000003 25.3125),,
VCS_2538_2026-04-01,VCS,2538,Pendjari and W-Benin National Parks REDD+ Project,Benin,Agriculture Forestry and Other Land Use,Registered,Point,https://registry.verra.org/app/projectDetail/VCS/2538,REDD/REDD+,project_name: REDD+; project_description: REDD+; project_subcategories: REDD,POINT (1.960277 11.299720000000001),,
VCS_2539_2026-04-01,VCS,2539,EVERGREEN REDD+ PROJECT,Brazil,Agriculture Forestry and Other Land Use,On Hold - see notification letter,Point,https://registry.verra.org/app/projectDetail/VCS/2539,REDD/REDD+,project_name: REDD+; project_description: REDD+; project_subcategories: REDD,POINT (-59.521521999999997 -7.471899),,
VCS_2551_2026-04-01,VCS,2551,BRAZILIAN AMAZON APD GROUPED PROJECT,Brazil,Agriculture Forestry and Other Land Use,Registered,Point,https://registry.verra.org/app/projectDetail/VCS/2551,REDD/REDD+,project_subcategories: REDD,POINT (-69.532793999999996 -10.265973000000001),,
VCS_2558_2026-04-01,VCS,2558,ABC Norte REDD Project,Brazil,Agriculture Forestry and Other Land Use,Verification approval requested,Point,https://registry.verra.org/app/projectDetail/VCS/2558,REDD/REDD+,project_name: REDD; project_description: REDD; project_subcategories: REDD,POINT (-50.343443000000001 -2.631825),,
VCS_2566_2026-04-01,VCS,2566,The Serra do Amolar REDD+ Project,Brazil,Agriculture Forestry and Other Land Use,Registered,Point,https://registry.verra.org/app/projectDetail/VCS/2566,REDD/REDD+,project_name: REDD+; project_description: REDD+; project_subcategories: REDD,POINT (-57.580553000000002 -17.908324),,
VCS_2578_2026-04-01,VCS,2578,PANAMA FORESTS CONSERVATION PROJECT REDUCTION OF GHG EMISSIONS THROUGH DEFORESTATION AND AVOIDED DEGRADATION. -Alliance of Indigenous Peoples and Rural Communities of Panama-,Panama,Agriculture Forestry and Other Land Use,Inactive,Point,https://registry.verra.org/app/projectDetail/VCS/2578,REDD/REDD+,project_subcategories: REDD,POINT (-80.782127000000003 8.537981),,
VCS_2586_2026-04-01,VCS,2586,413 REDD Project,Brazil,Agriculture Forestry and Other Land Use,Under validation,Point,https://registry.verra.org/app/projectDetail/VCS/2586,REDD/REDD+,project_name: REDD; project_description: REDD; project_subcategories: REDD,POINT (-60.760809 -5.963038),POINT (-5.963038 -60.760809000000002),longitude_latitude_swapped
VCS_2587_2026-04-01,VCS,2587,Zero Carbon Aripuanã River Valley REDD Project 1,Brazil,Agriculture Forestry and Other Land Use,Under validation,Point,https://registry.verra.org/app/projectDetail/VCS/2587,REDD/REDD+,project_name: REDD; project_description: REDD; project_subcategories: REDD,POINT (-60.962586 -6.522687),POINT (-6.522687 -60.962586000000002),longitude_latitude_swapped
VCS_2611_2026-04-01,VCS,2611,CORAZÓN VERDE DEL CHACO PROJECT,Paraguay,Agriculture Forestry and Other Land Use,Verification approval requested,Point,https://registry.verra.org/app/projectDetail/VCS/2611,REDD/REDD+,project_subcategories: REDD,POINT (-58.404228000000003 -22.353203000000001),,
VCS_2618_2026-04-01,VCS,2618,COMACO Landscape Management Project - West,Zambia,Agriculture Forestry and Other Land Use,Under validation,Point,https://registry.verra.org/app/projectDetail/VCS/2618,REDD/REDD+,project_description: REDD+; project_subcategories: REDD,POINT (31.433989 -11.853882),,
VCS_2620_2026-04-01,VCS,2620,Ribeirinho REDD+ Project,Brazil,Agriculture Forestry and Other Land Use,Under development,Point,https://registry.verra.org/app/projectDetail/VCS/2620,REDD/REDD+,project_name: REDD+; project_description: REDD; project_subcategories: REDD,POINT (-50.862498000000002 -2.195816),,
VCS_2709_2026-04-01,VCS,2709,Juruena River REDD+ Project,Brazil,Agriculture Forestry and Other Land Use,Registered,Point,https://registry.verra.org/app/projectDetail/VCS/2709,REDD/REDD+,project_name: REDD+; project_description: REDD+; project_subcategories: REDD,POINT (-58.552965 -9.406582),,
VCS_2723_2026-04-01,VCS,2723,CONDOTO REDD+,Colombia,Agriculture Forestry and Other Land Use,Verification approval requested,Point,https://registry.verra.org/app/projectDetail/VCS/2723,REDD/REDD+,project_name: REDD+; project_description: REDD+; project_subcategories: REDD,POINT (-76.652079000000001 5.089546),,
VCS_2760_2026-04-01,VCS,2760,REDD+ Project in Oro Province of Papua New Guinea,Papua New Guinea,Agriculture Forestry and Other Land Use,Withdrawn,Point,https://registry.verra.org/app/projectDetail/VCS/2760,REDD/REDD+,project_name: REDD+; project_description: REDD+; project_subcategories: REDD,POINT (147.390999999999991 -8.069000000000001),,
VCS_2791_2026-04-01,VCS,2791,CONSERVATION OF NATIVE FOREST IN THE BIODIVERSITY HOTSPOT OF PAPUA NEW GUINEA,Papua New Guinea,Agriculture Forestry and Other Land Use,Under validation,Point,https://registry.verra.org/app/projectDetail/VCS/2791,REDD/REDD+,project_subcategories: REDD,POINT (146.900801 -6.36538),POINT (146.900801000000001 6.36538),manual_review_latitude_sign_correction
VCS_2857_2026-04-01,VCS,2857,Integrated REDD+ Project in Zambia,Zambia,Agriculture Forestry and Other Land Use,Registration and verification approval requested,Point,https://registry.verra.org/app/projectDetail/VCS/2857,REDD/REDD+,project_name: REDD+; project_description: REDD+; project_subcategories: REDD,POINT (27.227499999999999 -13.380100000000001),,
VCS_2870_2026-04-01,VCS,2870,Gairova REDD+ Project,Brazil,Agriculture Forestry and Other Land Use,Withdrawn,Point,https://registry.verra.org/app/projectDetail/VCS/2870,REDD/REDD+,project_name: REDD+; project_description: REDD+; project_subcategories: REDD,POINT (-58.173096000000001 -11.085855),,
VCS_2871_2026-04-01,VCS,2871,Green Valley Grouped REDD+ Project,Brazil,Agriculture Forestry and Other Land Use,Registration and verification approval requested,Point,https://registry.verra.org/app/projectDetail/VCS/2871,REDD/REDD+,project_name: REDD+; project_description: REDD+; project_subcategories: REDD,POINT (-58.280127 -10.286820000000001),,
VCS_2872_2026-04-01,VCS,2872,CRIMA PREDIO PUTUMAYO Y ANDOQUE DE ADUCHE REDD+ PROJECT,Colombia,Agriculture Forestry and Other Land Use,Withdrawn,Point,https://registry.verra.org/app/projectDetail/VCS/2872,REDD/REDD+,project_name: REDD+; project_description: REDD+; project_subcategories: REDD,POINT (-75.253889000000001 0.698333),,
VCS_2878_2026-04-01,VCS,2878,Rio Madeira Grouped REDD+ Project,Brazil,Agriculture Forestry and Other Land Use,Registered,Point,https://registry.verra.org/app/projectDetail/VCS/2878,REDD/REDD+,project_name: REDD+; project_description: REDD+; project_subcategories: REDD,POINT (-64.827933000000002 -9.678115),,
VCS_2926_2026-04-01,VCS,2926,Afforestation Project,China,Agriculture Forestry and Other Land Use,Rejected by Administrator,,https://registry.verra.org/app/projectDetail/VCS/2926,REDD/REDD+,project_subcategories: REDD,,POINT (0 0),invalid_source_point_0_0_removed_from_qgis_layer
VCS_2950_2026-04-01,VCS,2950,Atlantic Forest Biodiversity Conservation Limeira Project REDD,Brazil,Agriculture Forestry and Other Land Use,Withdrawn,Point,https://registry.verra.org/app/projectDetail/VCS/2950,REDD/REDD+,project_name: REDD; project_subcategories: REDD,POINT (-48.735255000000002 -25.658203),,
VCS_2974_2026-04-01,VCS,2974,Aztlan Blue Carbon Mangrove CONSERVATION project - Conserving the Marismas NACIONALES of Nayarit,Mexico,Agriculture Forestry and Other Land Use,Under development,,https://registry.verra.org/app/projectDetail/VCS/2974,REDD/REDD+,project_description: REDD+,,POINT (0 0),invalid_source_point_0_0_removed_from_qgis_layer
VCS_2975_2026-04-01,VCS,2975,"U' Balam'moo A'kalché ó Blue Carbon Mangrove Conservation Project, Conserving Coastal Ecosystems in Campeche to Support Life",Mexico,Agriculture Forestry and Other Land Use,Under development,,https://registry.verra.org/app/projectDetail/VCS/2975,REDD/REDD+,project_description: REDD+,,POINT (0 0),invalid_source_point_0_0_removed_from_qgis_layer
VCS_2976_2026-04-01,VCS,2976,"Uh lu'umil Zazil-ha Blue Carbon Mangrove Conservation Project, Conserving Coastal Ecosystems in Quintana Roo to Support Life",Mexico,Agriculture Forestry and Other Land Use,Inactive,,https://registry.verra.org/app/projectDetail/VCS/2976,REDD/REDD+,project_description: REDD+,,POINT (0 0),invalid_source_point_0_0_removed_from_qgis_layer
VCS_2980_2026-04-01,VCS,2980,Feijó REDD+ Project,Brazil,Agriculture Forestry and Other Land Use,Registered,Point,https://registry.verra.org/app/projectDetail/VCS/2980,REDD/REDD+,project_name: REDD+; project_description: REDD+; project_subcategories: REDD,POINT (-69.844836000000001 -8.436576000000001),,
VCS_3002_2026-04-01,VCS,3002,Hiwi REDD+ Project,Brazil,Agriculture Forestry and Other Land Use,Verification approval requested,Point,https://registry.verra.org/app/projectDetail/VCS/3002,REDD/REDD+,project_name: REDD+; project_description: REDD+; project_subcategories: REDD,POINT (-68.076172 -9.066860999999999),,
VCS_3049_2026-04-01,VCS,3049,Rio Preto Grouped REDD+ Project,Brazil,Agriculture Forestry and Other Land Use,Registered,Point,https://registry.verra.org/app/projectDetail/VCS/3049,REDD/REDD+,project_name: REDD+; project_description: REDD+; project_subcategories: REDD,POINT (-57.189 -14.368885000000001),,
VCS_3050_2026-04-01,VCS,3050,Maraui Program - Grouped Project,Brazil,Agriculture Forestry and Other Land Use,Withdrawn,Point,https://registry.verra.org/app/projectDetail/VCS/3050,REDD/REDD+,project_subcategories: REDD,POINT (-43.421767000000003 -7.551746),,
VCS_3055_2026-04-01,VCS,3055,Itaúba REDD+ Project,Brazil,Agriculture Forestry and Other Land Use,Under validation,Point,https://registry.verra.org/app/projectDetail/VCS/3055,REDD/REDD+,project_name: REDD+; project_description: REDD+; project_subcategories: REDD,POINT (-54.596899999999998 -11.1328),,
VCS_3057_2026-04-01,VCS,3057,"Tlawan kiwi nak chuchit Blue Carbon Mangrove Conservation Project, Conserving Coastal Ecosystems in Veracruz to Support Life",Mexico,Agriculture Forestry and Other Land Use,Under development,,https://registry.verra.org/app/projectDetail/VCS/3057,REDD/REDD+,project_description: REDD+,,POINT (0 0),invalid_source_point_0_0_removed_from_qgis_layer
VCS_3114_2026-04-01,VCS,3114,Developing voluntary carbon market project for Dudhwa Tiger Reserve in India,India,Agriculture Forestry and Other Land Use,Under development,Point,https://registry.verra.org/app/projectDetail/VCS/3114,REDD/REDD+,project_subcategories: REDD,POINT (80.683333000000005 28.516666000000001),,
VCS_3140_2026-04-01,VCS,3140,ZhaoQu Afforestation Project,China,Agriculture Forestry and Other Land Use,Withdrawn,Point,https://registry.verra.org/app/projectDetail/VCS/3140,REDD/REDD+,project_subcategories: REDD,POINT (103.75 26.899999000000001),,
VCS_3141_2026-04-01,VCS,3141,Western Amazon REDD+ Grouped Project,Brazil,Agriculture Forestry and Other Land Use,Registration and verification approval request denied,Point,https://registry.verra.org/app/projectDetail/VCS/3141,REDD/REDD+,project_name: REDD+; project_description: REDD+; project_subcategories: REDD,POINT (-67.656339000000003 -10.231087),,
VCS_3145_2026-04-01,VCS,3145,Proyecto REDD++ PANI,Colombia,Agriculture Forestry and Other Land Use,Under validation,Point,https://registry.verra.org/app/projectDetail/VCS/3145,REDD/REDD+,project_name: REDD+; project_subcategories: REDD,POINT (-71.275585000000007 -1.28414),,
VCS_3152_2026-04-01,VCS,3152,Alto Xingu Grouped REDD+ Project,Brazil,Agriculture Forestry and Other Land Use,Registration and verification approval requested,Point,https://registry.verra.org/app/projectDetail/VCS/3152,REDD/REDD+,project_name: REDD+; project_description: REDD+; project_subcategories: REDD,POINT (-54.108496000000002 -12.606213),,
VCS_3179_2026-04-01,VCS,3179,Conservation and restoration of the tropical dry forest of the north coast of Peru,Peru,Agriculture Forestry and Other Land Use,Registration requested,Point,https://registry.verra.org/app/projectDetail/VCS/3179,REDD/REDD+,project_description: REDD+; project_subcategories: REDD,POINT (-80.512611000000007 -4.041574),,
VCS_3210_2026-04-01,VCS,3210,Bajo Atrato REDD+ Project,Colombia,Agriculture Forestry and Other Land Use,Registration and verification approval requested,Point,https://registry.verra.org/app/projectDetail/VCS/3210,REDD/REDD+,project_name: REDD+; project_description: REDD+; project_subcategories: REDD,POINT (-77.391208 7.354147),POINT (77.391208000000006 7.354147),manual_review_sign_correction
VCS_3215_2026-04-01,VCS,3215,ASATIQ Vaupés Maloca REDD+ Project,Colombia,Agriculture Forestry and Other Land Use,Registration and verification approval requested,Point,https://registry.verra.org/app/projectDetail/VCS/3215,REDD/REDD+,project_name: REDD+; project_description: REDD+; project_subcategories: REDD,POINT (-70.48573 1.605186),POINT (70.485730000000004 1.605186),manual_review_sign_and_axis_correction
VCS_3216_2026-04-01,VCS,3216,ASATRIZY Vaupés Maloca REDD+ Project,Colombia,Agriculture Forestry and Other Land Use,Registration and verification approval requested,Point,https://registry.verra.org/app/projectDetail/VCS/3216,REDD/REDD+,project_name: REDD+; project_description: REDD+; project_subcategories: REDD,POINT (-70.455077 0.588388),POINT (70.455077000000003 0.588388),manual_review_sign_and_axis_correction
VCS_3217_2026-04-01,VCS,3217,REDD+ Project in the Alto Predio Putumayo Indigenous Reservation in Colombia,Colombia,Agriculture Forestry and Other Land Use,Under development,Point,https://registry.verra.org/app/projectDetail/VCS/3217,REDD/REDD+,project_name: REDD+; project_subcategories: REDD,POINT (-74.430295 0.24841),POINT (74.430295000000001 0.24841),manual_review_sign_and_axis_correction
VCS_3218_2026-04-01,VCS,3218,Origen Atrato-Baudó REDD+ Project,Colombia,Agriculture Forestry and Other Land Use,Registration and verification approval requested,Point,https://registry.verra.org/app/projectDetail/VCS/3218,REDD/REDD+,project_name: REDD+; project_description: REDD+; project_subcategories: REDD,POINT (-76.831547 5.61735),POINT (76.831547 5.61735),manual_review_sign_correction
VCS_3223_2026-04-01,VCS,3223,CONSERVATION AND RESTORATION OF THE MANGROVE ECOSYSTEM IN THE GAMBIA THROUGH THE REDD+ MECHANISM,Gambia,Agriculture Forestry and Other Land Use,Registered,Point,https://registry.verra.org/app/projectDetail/VCS/3223,REDD/REDD+,project_name: REDD+,POINT (-14.947732999999999 13.598877999999999),,
VCS_3281_2026-04-01,VCS,3281,ANDRADE SUN FARMS REDD+ FAZENDA SANTA RITA,Brazil,Agriculture Forestry and Other Land Use,Under development,Point,https://registry.verra.org/app/projectDetail/VCS/3281,REDD/REDD+,project_name: REDD+; project_description: REDD+; project_subcategories: REDD,POINT (-45.789450000000002 -21.619864),,
VCS_3284_2026-04-01,VCS,3284,INTEGRATED REDD+ PROJECT1 IN PAPUA NEW GUINEA,Papua New Guinea,Agriculture Forestry and Other Land Use,Under development,Point,https://registry.verra.org/app/projectDetail/VCS/3284,REDD/REDD+,project_name: REDD+; project_description: REDD+; project_subcategories: REDD,POINT (144.2798 -5.7914),POINT (144.279799999999994 5.7914),manual_review_latitude_sign_correction
VCS_3295_2026-04-01,VCS,3295,Developing Carbon Finance Project For Van Panchayats In Soil Conservation Forest Division Ranikhet (Uttarakhand),India,Agriculture Forestry and Other Land Use,Under development,Point,https://registry.verra.org/app/projectDetail/VCS/3295,REDD/REDD+,project_subcategories: REDD,POINT (79.420000000000002 29.649995000000001),,
VCS_3296_2026-04-01,VCS,3296,Developing Carbon Finance Project for Van Panchayats in Soil Conservation Forest Division Nainital (Uttarakhand),India,Agriculture Forestry and Other Land Use,Under development,Point,https://registry.verra.org/app/projectDetail/VCS/3296,REDD/REDD+,project_subcategories: REDD,POINT (79.463569000000007 29.380275000000001),,
VCS_3304_2026-04-01,VCS,3304,Boa Esperança Grouped REDD+ Project,Brazil,Agriculture Forestry and Other Land Use,Under development,Point,https://registry.verra.org/app/projectDetail/VCS/3304,REDD/REDD+,project_name: REDD+; project_description: REDD+; project_subcategories: REDD,POINT (-59.81015 -1.859012),,
VCS_3306_2026-04-01,VCS,3306,Buritirana Grouped REDD+ Project,Brazil,Agriculture Forestry and Other Land Use,Withdrawn,Point,https://registry.verra.org/app/projectDetail/VCS/3306,REDD/REDD+,project_name: REDD+; project_description: REDD+; project_subcategories: REDD,POINT (-46.374113000000001 -11.947426),,
VCS_3324_2026-04-01,VCS,3324,Ipoá REDD+ Project,Brazil,Agriculture Forestry and Other Land Use,Under development,Point,https://registry.verra.org/app/projectDetail/VCS/3324,REDD/REDD+,project_name: REDD+; project_description: REDD+; project_subcategories: REDD,POINT (-59.766812000000002 -5.517869),,
VCS_3332_2026-04-01,VCS,3332,SIMFlor Programme 2,Brazil,Agriculture Forestry and Other Land Use,Under development,Point,https://registry.verra.org/app/projectDetail/VCS/3332,REDD/REDD+,project_subcategories: REDD,POINT (-67.504140000000007 -7.461289),,
VCS_3334_2026-04-01,VCS,3334,MARAJÓ REDD+ Project,Brazil,Agriculture Forestry and Other Land Use,Withdrawn,Point,https://registry.verra.org/app/projectDetail/VCS/3334,REDD/REDD+,project_name: REDD+; project_description: REDD+; project_subcategories: REDD,POINT (-50.280754000000002 -2.499135),,
VCS_3335_2026-04-01,VCS,3335,Developing a voluntary carbon market project for Pench Tiger Reserve in India,India,Agriculture Forestry and Other Land Use,Under development,Point,https://registry.verra.org/app/projectDetail/VCS/3335,REDD/REDD+,project_description: REDD; project_subcategories: REDD,POINT (79.413888 21.719438),,
VCS_3341_2026-04-01,VCS,3341,Samkos REDD+ Project,Cambodia,Agriculture Forestry and Other Land Use,Inactive,Point,https://registry.verra.org/app/projectDetail/VCS/3341,REDD/REDD+,project_name: REDD+; project_description: REDD+; project_subcategories: REDD,POINT (103.051388000000003 12.169665),,
VCS_3344_2026-04-01,VCS,3344,The Last Habitat REDD+ project,Peru,Agriculture Forestry and Other Land Use,Registration and verification approval requested,Point,https://registry.verra.org/app/projectDetail/VCS/3344,REDD/REDD+,project_name: REDD+; project_description: REDD+; project_subcategories: REDD,POINT (-74.573340000000002 -8.559732),,
VCS_3347_2026-04-01,VCS,3347,Developing voluntary carbon market project for Periyar Tiger Reserve in India,India,Agriculture Forestry and Other Land Use,Under development,Point,https://registry.verra.org/app/projectDetail/VCS/3347,REDD/REDD+,project_subcategories: REDD,POINT (77.418199000000001 9.6195),,
VCS_3380_2026-04-01,VCS,3380,SIMFlor Programme 1,Brazil,Agriculture Forestry and Other Land Use,Withdrawn,Point,https://registry.verra.org/app/projectDetail/VCS/3380,REDD/REDD+,project_subcategories: REDD,POINT (-64.738444000000001 -5.650331),,
VCS_3430_2026-04-01,VCS,3430,Juruá REDD+ Project,Brazil,Agriculture Forestry and Other Land Use,Registered,Point,https://registry.verra.org/app/projectDetail/VCS/3430,REDD/REDD+,project_name: REDD+; project_description: REDD+; project_subcategories: REDD,POINT (-72.431399999999996 -8.2333),,
VCS_3434_2026-04-01,VCS,3434,Lomphat Wildlife Sanctuary REDD+ Project,Cambodia,Agriculture Forestry and Other Land Use,Registration requested,Point,https://registry.verra.org/app/projectDetail/VCS/3434,REDD/REDD+,project_name: REDD+; project_description: REDD+; project_subcategories: REDD,POINT (106.717355999999995 13.167239),,
VCS_3451_2026-04-01,VCS,3451,Harpia Grouped REDD+ Project,Brazil,Agriculture Forestry and Other Land Use,Registration and verification approval requested,Point,https://registry.verra.org/app/projectDetail/VCS/3451,REDD/REDD+,project_name: REDD+; project_description: REDD+; project_subcategories: REDD,POINT (-58.859413000000004 -9.388579),,
VCS_3453_2026-04-01,VCS,3453,ITABU REDD+ PROJECT IN ZAMBIA,Zambia,Agriculture Forestry and Other Land Use,Registration and verification approval request denied,Point,https://registry.verra.org/app/projectDetail/VCS/3453,REDD/REDD+,project_name: REDD+; project_description: REDD+; project_subcategories: REDD,POINT (29.846838000000002 9.064308),,
VCS_3475_2026-04-01,VCS,3475,ACABA REDD+ Project,Colombia,Agriculture Forestry and Other Land Use,Under development,Point,https://registry.verra.org/app/projectDetail/VCS/3475,REDD/REDD+,project_name: REDD+; project_description: REDD+; project_subcategories: REDD,POINT (-77.105663 5.539792),POINT (77.105663000000007 5.539792),manual_review_sign_correction
VCS_3506_2026-04-01,VCS,3506,REDD Project - Territorio Indígena Originario Campesino,"Bolivia, Plurinational State of",Agriculture Forestry and Other Land Use,Registration and verification approval requested,Point,https://registry.verra.org/app/projectDetail/VCS/3506,REDD/REDD+,project_name: REDD; project_description: REDD+; project_subcategories: REDD,POINT (-65.983999999999995 -16.195),,
VCS_3564_2026-04-01,VCS,3564,REDD+ Project for the Conservation of Lowland Forest in the Magdalena Medio Region of Colombia,Colombia,Agriculture Forestry and Other Land Use,Withdrawn,Point,https://registry.verra.org/app/projectDetail/VCS/3564,REDD/REDD+,project_name: REDD+; project_description: REDD+; project_subcategories: REDD,POINT (-74.342950000000002 6.711769),,
VCS_3575_2026-04-01,VCS,3575,Kokolopori Bonobo Peace Forest Grouped REDD Project,"Congo, The Democratic Republic of the",Agriculture Forestry and Other Land Use,Under development,Point,https://registry.verra.org/app/projectDetail/VCS/3575,REDD/REDD+,project_name: REDD; project_description: REDD; project_subcategories: REDD,POINT (23.051708000000001 0.145005),,
VCS_3589_2026-04-01,VCS,3589,Tshopo Lomami Grouped REDD Project,"Congo, The Democratic Republic of the",Agriculture Forestry and Other Land Use,Under validation,Point,https://registry.verra.org/app/projectDetail/VCS/3589,REDD/REDD+,project_name: REDD; project_description: REDD; project_subcategories: REDD,POINT (23.814730000000001 0.132174),,
VCS_3590_2026-04-01,VCS,3590,Jutaituba REDD+ Project,Brazil,Agriculture Forestry and Other Land Use,Registered,Point,https://registry.verra.org/app/projectDetail/VCS/3590,REDD/REDD+,project_name: REDD+; project_description: REDD+; project_subcategories: REDD,POINT (-50.041705 -2.971811),,
VCS_3592_2026-04-01,VCS,3592,Sankuru Peace Forest Grouped REDD Project,"Congo, The Democratic Republic of the",Agriculture Forestry and Other Land Use,Under validation,Point,https://registry.verra.org/app/projectDetail/VCS/3592,REDD/REDD+,project_name: REDD; project_description: REDD; project_subcategories: REDD,POINT (24.162827 -2.546662),,
VCS_3593_2026-04-01,VCS,3593,"Bougouni-Yanfolila Forest Project, Mali",Mali,Agriculture Forestry and Other Land Use,Under development,Point,https://registry.verra.org/app/projectDetail/VCS/3593,REDD/REDD+,project_description: REDD+; project_subcategories: REDD,POINT (-7.72959 10.748468000000001),,
VCS_3601_2026-04-01,VCS,3601,CAAPII REDD+ PROJECT,Brazil,Agriculture Forestry and Other Land Use,Registered,Point,https://registry.verra.org/app/projectDetail/VCS/3601,REDD/REDD+,project_name: REDD+; project_description: REDD+; project_subcategories: REDD,POINT (-48.004973 -3.083581),,
VCS_3631_2026-04-01,VCS,3631,IACO REDD+ Project,Brazil,Agriculture Forestry and Other Land Use,Under validation,Point,https://registry.verra.org/app/projectDetail/VCS/3631,REDD/REDD+,project_name: REDD+; project_description: REDD+; project_subcategories: REDD,POINT (-69.971941 -10.185833),POINT (-10.185833000000001 -69.971941000000001),longitude_latitude_swapped
VCS_3635_2026-04-01,VCS,3635,Três Morrinhos Grouped REDD+ Project,Brazil,Agriculture Forestry and Other Land Use,Withdrawn,Point,https://registry.verra.org/app/projectDetail/VCS/3635,REDD/REDD+,project_name: REDD+; project_description: REDD+; project_subcategories: REDD,POINT (-59.490672000000004 -9.384285),,
VCS_3646_2026-04-01,VCS,3646,Kúvay Macärö Vidi REDD+ Carurú -KUMAVI REDD+,Colombia,Agriculture Forestry and Other Land Use,Inactive,Point,https://registry.verra.org/app/projectDetail/VCS/3646,REDD/REDD+,project_name: REDD+; project_description: REDD+; project_subcategories: REDD,POINT (-71.430092000000002 1.072928),,
VCS_3666_2026-04-01,VCS,3666,Xingu-Araguaia Grouped REDD+ Project,Brazil,Agriculture Forestry and Other Land Use,Withdrawn,Point,https://registry.verra.org/app/projectDetail/VCS/3666,REDD/REDD+,project_name: REDD+; project_description: REDD+; project_subcategories: REDD,POINT (-52.486232000000001 -11.110699),,
VCS_3671_2026-04-01,VCS,3671,Chaco Vivo,Paraguay,Agriculture Forestry and Other Land Use,Registration and verification approval requested,Point,https://registry.verra.org/app/projectDetail/VCS/3671,REDD/REDD+,project_description: REDD+; project_subcategories: REDD,POINT (-58.806773999999997 -22.296472000000001),,
VCS_3690_2026-04-01,VCS,3690,PROJECT MATANI REDD+ DIOS MAYOR DE LOS PUEBLOS CABILLARI,Colombia,Agriculture Forestry and Other Land Use,Rejected by Administrator,Point,https://registry.verra.org/app/projectDetail/VCS/3690,REDD/REDD+,project_name: REDD+; project_description: REDD+; project_subcategories: REDD,POINT (-71.001941 0.020555),POINT (71.001941000000002 0.020555),manual_review_sign_and_axis_correction
VCS_3700_2026-04-01,VCS,3700,Sichuan Muli REDD project,China,Agriculture Forestry and Other Land Use,Rejected by Administrator,Point,https://registry.verra.org/app/projectDetail/VCS/3700,REDD/REDD+,project_name: REDD; project_description: REDD+; project_subcategories: REDD,POINT (100.127767000000006 27.683053000000001),,
VCS_3711_2026-04-01,VCS,3711,DRC REDD+ Carbon Credit Harvesting Project,"Congo, The Democratic Republic of the",Agriculture Forestry and Other Land Use,Under validation,Point,https://registry.verra.org/app/projectDetail/VCS/3711,REDD/REDD+,project_name: REDD+; project_description: REDD+; project_subcategories: REDD,POINT (21.178100000000001 0.977898),,
VCS_3726_2026-04-01,VCS,3726,Amazon Guardians REDD+ Project,Peru,Agriculture Forestry and Other Land Use,Under validation,Point,https://registry.verra.org/app/projectDetail/VCS/3726,REDD/REDD+,project_name: REDD+; project_description: REDD+; project_subcategories: REDD,POINT (-70.022 -12.739992),POINT (70.022000000000006 12.739992000000001),manual_review_sign_correction
VCS_3738_2026-04-01,VCS,3738,Triunfo do Xingu Grouped REDD+ Project,Brazil,Agriculture Forestry and Other Land Use,Registered,Point,https://registry.verra.org/app/projectDetail/VCS/3738,REDD/REDD+,project_name: REDD+; project_description: REDD+; project_subcategories: REDD,POINT (-53.687711 -5.619138),,
VCS_3739_2026-04-01,VCS,3739,Selva de Urundel REDD+ Project,Argentina,Agriculture Forestry and Other Land Use,Registered,Point,https://registry.verra.org/app/projectDetail/VCS/3739,REDD/REDD+,project_name: REDD+; project_description: REDD+; project_subcategories: REDD,POINT (-64.599400000000003 -23.417400000000001),,
VCS_3811_2026-04-01,VCS,3811,Chirisa REDD+ Project,Zimbabwe,Agriculture Forestry and Other Land Use,Withdrawn,Point,https://registry.verra.org/app/projectDetail/VCS/3811,REDD/REDD+,project_name: REDD+; project_description: REDD+; project_subcategories: REDD,POINT (28.205819999999999 -17.9956),,
VCS_3816_2026-04-01,VCS,3816,Samaúma REDD+ Project,Brazil,Agriculture Forestry and Other Land Use,Rejected by Administrator,Point,https://registry.verra.org/app/projectDetail/VCS/3816,REDD/REDD+,project_name: REDD+; project_subcategories: REDD,POINT (-60.084907999999999 -7.874628),,
VCS_3960_2026-04-01,VCS,3960,Belize Maya Forest REDD+ Project,Belize,Agriculture Forestry and Other Land Use,Verification approval requested,Point,https://registry.verra.org/app/projectDetail/VCS/3960,REDD/REDD+,project_name: REDD+; project_subcategories: REDD,POINT (-89.000360000000001 17.538260000000001),,
VCS_3976_2026-04-01,VCS,3976,Rovuma Belt,Mozambique,Agriculture Forestry and Other Land Use,Under development,Point,https://registry.verra.org/app/projectDetail/VCS/3976,REDD/REDD+,project_subcategories: REDD,POINT (40.377144000000001 10.871),,
VCS_4016_2026-04-01,VCS,4016,Amazon Biome Conservancy Grouped REDD+ Project,Brazil,Agriculture Forestry and Other Land Use,Registered,Point,https://registry.verra.org/app/projectDetail/VCS/4016,REDD/REDD+,project_name: REDD+; project_description: REDD+; project_subcategories: REDD,POINT (-59.076070999999999 -2.746053),,
VCS_4034_2026-04-01,VCS,4034,Ararajuba REDD+ Project,Brazil,Agriculture Forestry and Other Land Use,Rejected by Administrator,Point,https://registry.verra.org/app/projectDetail/VCS/4034,REDD/REDD+,project_name: REDD+; project_description: REDD+; project_subcategories: REDD,POINT (-48.746844000000003 -2.492648),,
VCS_4042_2026-04-01,VCS,4042,Cauaxi REDD+ Grouped Project,Brazil,Agriculture Forestry and Other Land Use,Registered,Point,https://registry.verra.org/app/projectDetail/VCS/4042,REDD/REDD+,project_name: REDD+; project_description: REDD+; project_subcategories: REDD,POINT (-47.920000000000002 -3.76),,
VCS_4045_2026-04-01,VCS,4045,"BLUE CARBON MANGROVE CONSERVATION PROJECT: RESTORING COASTAL ECOSYSTEMS ALONG THE COAST OF KRISHNA DELTA, GODAVARI DELTA AND ADJOINING RESERVE FOREST AREAS IN ANDHRA PRADESH",India,Agriculture Forestry and Other Land Use,Inactive,Point,https://registry.verra.org/app/projectDetail/VCS/4045,REDD/REDD+,project_description: REDD+; project_subcategories: REDD,POINT (79.739999999999995 15.9129),,
VCS_4068_2026-04-01,VCS,4068,Amazon Bluecarbon Grouped REDD Project,Brazil,Agriculture Forestry and Other Land Use,Withdrawn,Point,https://registry.verra.org/app/projectDetail/VCS/4068,REDD/REDD+,project_name: REDD; project_description: REDD; project_subcategories: REDD,POINT (-47.117136 -0.72523),POINT (-47.117136000000002 0.72523),manual_review_latitude_sign_correction
VCS_4069_2026-04-01,VCS,4069,Mamuriá Grouped REDD Project,Brazil,Agriculture Forestry and Other Land Use,Withdrawn,Point,https://registry.verra.org/app/projectDetail/VCS/4069,REDD/REDD+,project_name: REDD; project_description: REDD; project_subcategories: REDD,POINT (-69.919640000000001 -8.919124),,
VCS_4082_2026-04-01,VCS,4082,Canindé Grouped REDD+ Project,Brazil,Agriculture Forestry and Other Land Use,Registration requested,Point,https://registry.verra.org/app/projectDetail/VCS/4082,REDD/REDD+,project_name: REDD+; project_description: REDD+; project_subcategories: REDD,POINT (-59.380054000000001 -9.726677),,
VCS_4084_2026-04-01,VCS,4084,Arataú REDD Project,Brazil,Agriculture Forestry and Other Land Use,Withdrawn,Point,https://registry.verra.org/app/projectDetail/VCS/4084,REDD/REDD+,project_name: REDD; project_description: REDD; project_subcategories: REDD,POINT (-50.091622000000001 -4.019294),,
VCS_4089_2026-04-01,VCS,4089,Uirapuru Grouped REDD Project,Brazil,Agriculture Forestry and Other Land Use,Withdrawn,Point,https://registry.verra.org/app/projectDetail/VCS/4089,REDD/REDD+,project_name: REDD; project_description: REDD; project_subcategories: REDD,POINT (-68.573132000000001 -9.940182),,
VCS_4094_2026-04-01,VCS,4094,Curuá Grouped REDD+ Project,Brazil,Agriculture Forestry and Other Land Use,Registered,Point,https://registry.verra.org/app/projectDetail/VCS/4094,REDD/REDD+,project_name: REDD+; project_description: REDD+; project_subcategories: REDD,POINT (-55.163899000000001 -8.4328),,
VCS_4095_2026-04-01,VCS,4095,Rio Manito Grouped REDD Project,Brazil,Agriculture Forestry and Other Land Use,Withdrawn,Point,https://registry.verra.org/app/projectDetail/VCS/4095,REDD/REDD+,project_name: REDD; project_description: REDD; project_subcategories: REDD,POINT (-54.244377 -10.478186000000001),,
VCS_4117_2026-04-01,VCS,4117,REDD Carbonflor,Brazil,Agriculture Forestry and Other Land Use,Registration requested,Point,https://registry.verra.org/app/projectDetail/VCS/4117,REDD/REDD+,project_name: REDD; project_description: REDD; project_subcategories: REDD,POINT (-48.174436999999998 -14.803240000000001),,
VCS_4141_2026-04-01,VCS,4141,Itamarati Grouped REDD Project,Brazil,Agriculture Forestry and Other Land Use,Withdrawn,Point,https://registry.verra.org/app/projectDetail/VCS/4141,REDD/REDD+,project_name: REDD; project_description: REDD; project_subcategories: REDD,POINT (-57.867663 -14.84158),,
VCS_4142_2026-04-01,VCS,4142,Serenity Valley REDD Project,Brazil,Agriculture Forestry and Other Land Use,Under validation,Point,https://registry.verra.org/app/projectDetail/VCS/4142,REDD/REDD+,project_name: REDD; project_description: REDD; project_subcategories: REDD,POINT (-51.152726000000001 -8.797174),,
VCS_4143_2026-04-01,VCS,4143,Urupianga Grouped REDD Project,Brazil,Agriculture Forestry and Other Land Use,Registered,Point,https://registry.verra.org/app/projectDetail/VCS/4143,REDD/REDD+,project_name: REDD; project_description: REDD; project_subcategories: REDD,POINT (-50.893841000000002 -10.153176),,
VCS_4165_2026-04-01,VCS,4165,Seringueira REDD+ Project,Brazil,Agriculture Forestry and Other Land Use,Registration and verification approval requested,Point,https://registry.verra.org/app/projectDetail/VCS/4165,REDD/REDD+,project_name: REDD+; project_description: REDD+; project_subcategories: REDD,POINT (-71.954041000000004 -7.247505),,
VCS_4186_2026-04-01,VCS,4186,"REDUCING EMISSIONS FROM DEFORESTATION DUE TO SLASH-AND-BURN CORN BY INTRODUCING CACAO FARMING IN GORONTALO PROVINCE, INDONESIA",Indonesia,Agriculture Forestry and Other Land Use,Rejected by Administrator,Point,https://registry.verra.org/app/projectDetail/VCS/4186,REDD/REDD+,project_description: REDD+; project_subcategories: REDD,POINT (122.200000000000003 0.583333),,
VCS_4221_2026-04-01,VCS,4221,Seringueira II REDD+ Project,Brazil,Agriculture Forestry and Other Land Use,Withdrawn,Point,https://registry.verra.org/app/projectDetail/VCS/4221,REDD/REDD+,project_name: REDD+; project_description: REDD+; project_subcategories: REDD,POINT (-71.896416000000002 -7.234897),,
VCS_4263_2026-04-01,VCS,4263,Sepoti REDD Project,Brazil,Agriculture Forestry and Other Land Use,Withdrawn,Point,https://registry.verra.org/app/projectDetail/VCS/4263,REDD/REDD+,project_name: REDD; project_description: REDD; project_subcategories: REDD,POINT (-59.949719999999999 -5.025902),,
VCS_4265_2026-04-01,VCS,4265,REDD+ Café Apuí Agroflorestal,Brazil,Agriculture Forestry and Other Land Use,Registered,Point,https://registry.verra.org/app/projectDetail/VCS/4265,REDD/REDD+,project_name: REDD+; project_description: REDD+; project_subcategories: REDD,POINT (-59.881492999999999 -7.193861),,
VCS_4299_2026-04-01,VCS,4299,COMACO Landscape Management Project-South,Zambia,Agriculture Forestry and Other Land Use,Rejected by Administrator,Point,https://registry.verra.org/app/projectDetail/VCS/4299,REDD/REDD+,project_description: REDD+; project_subcategories: REDD,POINT (27.048356999999999 -14.989887),,
VCS_4329_2026-04-01,VCS,4329,Conservation and Restoration of Classified Forests in Côte d’Ivoire,Côte d'Ivoire,Agriculture Forestry and Other Land Use,Under validation,Point,https://registry.verra.org/app/projectDetail/VCS/4329,REDD/REDD+,project_description: REDD+,POINT (-4.067 5.716),,
VCS_4372_2026-04-01,VCS,4372,DR Congo Mangrove Blue Carbon Project,"Congo, The Democratic Republic of the",Agriculture Forestry and Other Land Use,Registration requested,Point,https://registry.verra.org/app/projectDetail/VCS/4372,REDD/REDD+,project_description: REDD+,POINT (12.75 -5.75),,
VCS_4381_2026-04-01,VCS,4381,WEST SERAM REDD+ and AGARWOOD ForestWise PROJECT,Indonesia,Agriculture Forestry and Other Land Use,Under validation,Point,https://registry.verra.org/app/projectDetail/VCS/4381,REDD/REDD+,project_name: REDD+,POINT (128.260457000000002 -3.086474),,
VCS_4387_2026-04-01,VCS,4387,REDD+ Project Pacha Prometida,"Bolivia, Plurinational State of",Agriculture Forestry and Other Land Use,Registration and verification approval requested,Point,https://registry.verra.org/app/projectDetail/VCS/4387,REDD/REDD+,project_name: REDD+; project_description: REDD+; project_subcategories: REDD,POINT (-67.708252999999999 -14.039693),,
VCS_4391_2026-04-01,VCS,4391,Amazon Partners 1,Brazil,Agriculture Forestry and Other Land Use,Withdrawn,Point,https://registry.verra.org/app/projectDetail/VCS/4391,REDD/REDD+,project_description: REDD+; project_subcategories: REDD,POINT (-69.1892 -10.655799999999999),,
VCS_4394_2026-04-01,VCS,4394,Jatobá REDD+ Project,Brazil,Agriculture Forestry and Other Land Use,Verification approval requested,Point,https://registry.verra.org/app/projectDetail/VCS/4394,REDD/REDD+,project_name: REDD+; project_description: REDD+; project_subcategories: REDD,POINT (-68.326492000000002 -8.646364),,
VCS_4419_2026-04-01,VCS,4419,Project MATANI REDD+ DIOS MAYOR DE LOS PUEBLOS CABILLARI CONSERVACION ANCESTRAL,Colombia,Agriculture Forestry and Other Land Use,Withdrawn,Point,https://registry.verra.org/app/projectDetail/VCS/4419,REDD/REDD+,project_name: REDD+; project_description: REDD+; project_subcategories: REDD,POINT (-71.001941 0.020555),POINT (71.001941000000002 0.020555),manual_review_sign_and_axis_correction
VCS_4424_2026-04-01,VCS,4424,Sichuan Muli County REDD Project,China,Agriculture Forestry and Other Land Use,Under development,Point,https://registry.verra.org/app/projectDetail/VCS/4424,REDD/REDD+,project_name: REDD; project_description: REDD+; project_subcategories: REDD,POINT (101.400000000000006 27.800000000000001),,
VCS_4429_2026-04-01,VCS,4429,Management of Community Forests for the Reduction of Deforestation in the Peruvian Amazon,Peru,Agriculture Forestry and Other Land Use,Verification approval requested,Point,https://registry.verra.org/app/projectDetail/VCS/4429,REDD/REDD+,project_name: reduction of deforestation; project_description: REDD+; project_subcategories: REDD,POINT (-74.972192000000007 -8.89242),,
VCS_4452_2026-04-01,VCS,4452,Asaga Amazonas REDD+ project,Brazil,Agriculture Forestry and Other Land Use,Under validation,Point,https://registry.verra.org/app/projectDetail/VCS/4452,REDD/REDD+,project_name: REDD+; project_description: REDD+; project_subcategories: REDD,POINT (-60.893616000000002 -7.695208),,
VCS_4461_2026-04-01,VCS,4461,REDD+ Tauari Forest Conservation Project,Brazil,Agriculture Forestry and Other Land Use,Under validation,Point,https://registry.verra.org/app/projectDetail/VCS/4461,REDD/REDD+,project_name: REDD+; project_description: REDD+; project_subcategories: REDD,POINT (-71.475995999999995 -8.077942),,
VCS_4480_2026-04-01,VCS,4480,REDD++ Manglares del Bajo Baudo,Colombia,Agriculture Forestry and Other Land Use,Under validation,Point,https://registry.verra.org/app/projectDetail/VCS/4480,REDD/REDD+,project_name: REDD+; project_description: REDD+,POINT (-77.345170999999993 5.329621),,
VCS_4485_2026-04-01,VCS,4485,Mejuruá Project,Brazil,Agriculture Forestry and Other Land Use,Registration requested,Point,https://registry.verra.org/app/projectDetail/VCS/4485,REDD/REDD+,project_subcategories: REDD,POINT (-66.865313 -4.82436),,
VCS_4497_2026-04-01,VCS,4497,Amazon Partners 20,Brazil,Agriculture Forestry and Other Land Use,Withdrawn,Point,https://registry.verra.org/app/projectDetail/VCS/4497,REDD/REDD+,project_description: REDD+; project_subcategories: REDD,POINT (-72.626999999999995 -8.673999999999999),,
VCS_4513_2026-04-01,VCS,4513,Argentina Gran Chaco Region REDD+ Project,Argentina,Agriculture Forestry and Other Land Use,Registered,Point,https://registry.verra.org/app/projectDetail/VCS/4513,REDD/REDD+,project_name: REDD+; project_subcategories: REDD,POINT (-63.761795999999997 -23.937425999999999),,
VCS_4536_2026-04-01,VCS,4536,REDD+ Esteros y Manglares,Colombia,Agriculture Forestry and Other Land Use,Inactive,Point,https://registry.verra.org/app/projectDetail/VCS/4536,REDD/REDD+,project_name: REDD+; project_description: REDD+,POINT (-78.369515 2.304659),POINT (78.369515000000007 2.304659),manual_review_sign_correction
VCS_4540_2026-04-01,VCS,4540,THE NAGALAND 4 CHANGE REDD+ PROJECT,India,Agriculture Forestry and Other Land Use,Under validation,Point,https://registry.verra.org/app/projectDetail/VCS/4540,REDD/REDD+,project_name: REDD+; project_description: REDD+; project_subcategories: REDD,POINT (93.739099999999993 25.512499999999999),,
VCS_4542_2026-04-01,VCS,4542,Amazônidas REDD+ AUDD Grouped Project,Brazil,Agriculture Forestry and Other Land Use,Withdrawn,Point,https://registry.verra.org/app/projectDetail/VCS/4542,REDD/REDD+,project_name: REDD+; project_description: REDD+; project_subcategories: REDD,POINT (-58.729999999999997 -3.02),,
VCS_4552_2026-04-01,VCS,4552,UÁKIRY REDD+ AUDD GROUPED PROJECT,Brazil,Agriculture Forestry and Other Land Use,Under validation,Point,https://registry.verra.org/app/projectDetail/VCS/4552,REDD/REDD+,project_name: REDD+; project_description: REDD+; project_subcategories: REDD,POINT (-68.801000000000002 -10.273999999999999),,
VCS_4602_2026-04-01,VCS,4602,"REDD Carbon and Biodiversity Project, Greater El Rey Area, Jujuy, Argentina",Argentina,Agriculture Forestry and Other Land Use,Registration requested,Point,https://registry.verra.org/app/projectDetail/VCS/4602,REDD/REDD+,project_name: REDD; project_description: REDD+; project_subcategories: REDD,POINT (-65.301417000000001 -24.185735999999999),,
VCS_4615_2026-04-01,VCS,4615,PANÃMA REDD+ PROJECT,Brazil,Agriculture Forestry and Other Land Use,Rejected by Administrator,Point,https://registry.verra.org/app/projectDetail/VCS/4615,REDD/REDD+,project_name: REDD+; project_description: REDD+; project_subcategories: REDD,POINT (-52.907775000000001 0.31),,
VCS_4619_2026-04-01,VCS,4619,Ñangareko Forest Reserve,Paraguay,Agriculture Forestry and Other Land Use,Inactive,Point,https://registry.verra.org/app/projectDetail/VCS/4619,REDD/REDD+,project_description: REDD+; project_subcategories: REDD,POINT (-55.368679 -25.779019999999999),,
VCS_4623_2026-04-01,VCS,4623,REDD+ Mwali Project,Comoros,Agriculture Forestry and Other Land Use,Under validation,Point,https://registry.verra.org/app/projectDetail/VCS/4623,REDD/REDD+,project_name: REDD+; project_description: REDD+; project_subcategories: REDD,POINT (43.716664000000002 -12.366666),,
VCS_4633_2026-04-01,VCS,4633,Fortaleza Ituxi II REDD+,Brazil,Agriculture Forestry and Other Land Use,Under development,Point,https://registry.verra.org/app/projectDetail/VCS/4633,REDD/REDD+,project_name: REDD+; project_description: REDD+; project_subcategories: REDD,POINT (-66.236913999999999 -8.881413999999999),,
VCS_4671_2026-04-01,VCS,4671,ANGELIM REDD+ Project,Brazil,Agriculture Forestry and Other Land Use,Registration and verification approval requested,Point,https://registry.verra.org/app/projectDetail/VCS/4671,REDD/REDD+,project_name: REDD+; project_description: REDD+; project_subcategories: REDD,POINT (-58.93291 -10.217008),,
VCS_4674_2026-04-01,VCS,4674,Selva Norte Conservation Project (CSN+),Peru,Agriculture Forestry and Other Land Use,Under development,Point,https://registry.verra.org/app/projectDetail/VCS/4674,REDD/REDD+,project_description: REDD+; project_subcategories: REDD,POINT (-77.115036000000003 -5.915821),,
VCS_4681_2026-04-01,VCS,4681,YBYRÁ REDD+ Project,Brazil,Agriculture Forestry and Other Land Use,Registration requested,Point,https://registry.verra.org/app/projectDetail/VCS/4681,REDD/REDD+,project_name: REDD+; project_description: REDD+; project_subcategories: REDD,POINT (-47.271999000000001 -2.966),,
VCS_4687_2026-04-01,VCS,4687,Tueré REDD+ Project,Brazil,Agriculture Forestry and Other Land Use,Registration and verification approval requested,Point,https://registry.verra.org/app/projectDetail/VCS/4687,REDD/REDD+,project_name: REDD+; project_description: REDD+; project_subcategories: REDD,POINT (-51.028424999999999 -2.833586),,
VCS_4689_2026-04-01,VCS,4689,Ateles REDD+,Brazil,Agriculture Forestry and Other Land Use,Under validation,Point,https://registry.verra.org/app/projectDetail/VCS/4689,REDD/REDD+,project_name: REDD+; project_description: REDD+; project_subcategories: REDD,POINT (-52.686311 -6.719578),POINT (52.686311000000003 6.719578),manual_review_sign_and_axis_correction
VCS_4743_2026-04-01,VCS,4743,Yvoty REDD+ Project: Forest Conservation in Eastern Paraguay,Paraguay,Agriculture Forestry and Other Land Use,Under development,Point,https://registry.verra.org/app/projectDetail/VCS/4743,REDD/REDD+,project_name: REDD+; project_description: REDD; project_subcategories: REDD,POINT (-55.733333000000002 -24.283331),,
VCS_4744_2026-04-01,VCS,4744,Panambi REDD+ Project: Forest Conservation in the Paraguayan Chaco,Paraguay,Agriculture Forestry and Other Land Use,Registration and verification approval requested,Point,https://registry.verra.org/app/projectDetail/VCS/4744,REDD/REDD+,project_name: REDD+; project_description: REDD; project_subcategories: REDD,POINT (-61.983333000000002 -22.983326000000002),,
VCS_4747_2026-04-01,VCS,4747,Pantanal REDD+ Program,Brazil,Agriculture Forestry and Other Land Use,Under validation,Point,https://registry.verra.org/app/projectDetail/VCS/4747,REDD/REDD+,project_name: REDD+; project_description: REDD+; project_subcategories: REDD,POINT (-56.132033 -19.572821999999999),,
VCS_4749_2026-04-01,VCS,4749,TAJIMAT PUJUT - El buen vivir - Restauración y conservación de los bosques Awajún del Alto Mayo,Peru,Agriculture Forestry and Other Land Use,Under validation,Point,https://registry.verra.org/app/projectDetail/VCS/4749,REDD/REDD+,project_subcategories: REDD,POINT (-77.162683000000001 -5.684548),,
VCS_4750_2026-04-01,VCS,4750,WANAMEI (Árbol de vida) Conservando los bosques de Amarakaeri,Peru,Agriculture Forestry and Other Land Use,Under development,Point,https://registry.verra.org/app/projectDetail/VCS/4750,REDD/REDD+,project_description: REDD+; project_subcategories: REDD,POINT (-70.984973999999994 -12.751946999999999),,
VCS_4761_2026-04-01,VCS,4761,REDD+ Estrela Acapuzinho,Brazil,Agriculture Forestry and Other Land Use,Under validation,Point,https://registry.verra.org/app/projectDetail/VCS/4761,REDD/REDD+,project_name: REDD+; project_description: REDD+; project_subcategories: REDD,POINT (-66.766942 -2.746944),,
VCS_4773_2026-04-01,VCS,4773,Vencedor Guajoya REDD+,Peru,Agriculture Forestry and Other Land Use,Rejected by Administrator,Point,https://registry.verra.org/app/projectDetail/VCS/4773,REDD/REDD+,project_name: REDD+; project_description: REDD+; project_subcategories: REDD,POINT (-74.670276000000001 -1.375277),,
VCS_4802_2026-04-01,VCS,4802,Rio Muru REDD+ Project,Brazil,Agriculture Forestry and Other Land Use,Registration and verification approval requested,Point,https://registry.verra.org/app/projectDetail/VCS/4802,REDD/REDD+,project_name: REDD+; project_description: REDD+; project_subcategories: REDD,POINT (-71.180363999999997 -8.845216000000001),,
VCS_4807_2026-04-01,VCS,4807,BURKINA FASO AGRICULTURAL CARBON PROJECT (BUFACAP),Burkina Faso,Agriculture Forestry and Other Land Use,Under development,Point,https://registry.verra.org/app/projectDetail/VCS/4807,REDD/REDD+,project_description: REDD+,POINT (-1.55676 12.241851),,
VCS_4825_2026-04-01,VCS,4825,EVERGREEN II REDD+ PROJECT,Brazil,Agriculture Forestry and Other Land Use,Under development,Point,https://registry.verra.org/app/projectDetail/VCS/4825,REDD/REDD+,project_name: REDD+; project_description: REDD+; project_subcategories: REDD,POINT (-59.887830000000001 -7.191499),,
VCS_4834_2026-04-01,VCS,4834,Seringal Rio Branco REDD+ Project,Brazil,Agriculture Forestry and Other Land Use,Under validation,Point,https://registry.verra.org/app/projectDetail/VCS/4834,REDD/REDD+,project_name: REDD+; project_description: REDD+; project_subcategories: REDD,POINT (-73.246584999999996 -8.120245000000001),,
VCS_4838_2026-04-01,VCS,4838,Ruvuma Wilderness Project,"Tanzania, United Republic of",Agriculture Forestry and Other Land Use,Under development,Point,https://registry.verra.org/app/projectDetail/VCS/4838,REDD/REDD+,project_subcategories: REDD,POINT (36.463946999999997 -10.959163),,
VCS_4850_2026-04-01,VCS,4850,AMAZONAS APD GROUPED PROJECT,Brazil,Agriculture Forestry and Other Land Use,Inactive,Point,https://registry.verra.org/app/projectDetail/VCS/4850,REDD/REDD+,project_subcategories: REDD,POINT (-59.280850000000001 -5.677015),,
VCS_4853_2026-04-01,VCS,4853,Central Cardamom REDD+ Project,Cambodia,Agriculture Forestry and Other Land Use,Under development,Point,https://registry.verra.org/app/projectDetail/VCS/4853,REDD/REDD+,project_name: REDD+; project_description: REDD+; project_subcategories: REDD,POINT (103.495900000000006 11.9764),,
VCS_4854_2026-04-01,VCS,4854,Reduction of deforestation and degradation in the Bahuaja sonene national park in the Puno region - Perú,Peru,Agriculture Forestry and Other Land Use,Under validation,Point,https://registry.verra.org/app/projectDetail/VCS/4854,REDD/REDD+,project_name: reduction of deforestation; project_description: REDD+; project_subcategories: REDD,POINT (-69.513000000000005 -13.459),,
VCS_4857_2026-04-01,VCS,4857,AWA REDD+ PROJECT,Brazil,Agriculture Forestry and Other Land Use,Registration and verification approval requested,Point,https://registry.verra.org/app/projectDetail/VCS/4857,REDD/REDD+,project_name: REDD+; project_description: REDD+; project_subcategories: REDD,POINT (-51.793993 1.62764),,
VCS_4858_2026-04-01,VCS,4858,The Nkuba REDD+ Project,"Congo, The Democratic Republic of the",Agriculture Forestry and Other Land Use,Rejected by Administrator,Point,https://registry.verra.org/app/projectDetail/VCS/4858,REDD/REDD+,project_name: REDD+; project_description: REDD+; project_subcategories: REDD,POINT (27.211266999999999 1.160658),,
VCS_4865_2026-04-01,VCS,4865,OGA REDD+ PROJECT,Brazil,Agriculture Forestry and Other Land Use,Registration and verification approval requested,Point,https://registry.verra.org/app/projectDetail/VCS/4865,REDD/REDD+,project_name: REDD+; project_description: REDD+; project_subcategories: REDD,POINT (-61.747064000000002 -9.420388000000001),,
VCS_4867_2026-04-01,VCS,4867,AHU REDD+ PROJECT,Brazil,Agriculture Forestry and Other Land Use,Registration and verification approval requested,Point,https://registry.verra.org/app/projectDetail/VCS/4867,REDD/REDD+,project_name: REDD+; project_description: REDD+; project_subcategories: REDD,POINT (-54.327472 -13.549443),,
VCS_4876_2026-04-01,VCS,4876,NAMI REDD+ PROJECT,Brazil,Agriculture Forestry and Other Land Use,Withdrawn,Point,https://registry.verra.org/app/projectDetail/VCS/4876,REDD/REDD+,project_name: REDD+; project_description: REDD+; project_subcategories: REDD,POINT (-68.074258 -7.492083),,
VCS_4886_2026-04-01,VCS,4886,Tatuy REDD+ Project,Brazil,Agriculture Forestry and Other Land Use,Registration and verification approval requested,Point,https://registry.verra.org/app/projectDetail/VCS/4886,REDD/REDD+,project_name: REDD+; project_description: REDD+; project_subcategories: REDD,POINT (-56.352499000000002 -11.674996),,
VCS_4889_2026-04-01,VCS,4889,NATURAL FOREST REGENERATION FOR ENHANCED CARBON STOCKS IN THE ALBERTINE RIFT (FRECAR),Uganda,Agriculture Forestry and Other Land Use,Under development,Point,https://registry.verra.org/app/projectDetail/VCS/4889,REDD/REDD+,project_subcategories: REDD,POINT (30.817771 0.943503),,
VCS_4905_2026-04-01,VCS,4905,REDD Pantanal,Brazil,Agriculture Forestry and Other Land Use,Under development,Point,https://registry.verra.org/app/projectDetail/VCS/4905,REDD/REDD+,project_name: REDD; project_description: REDD; project_subcategories: REDD,POINT (-57.204281000000002 -19.714074),,
VCS_4956_2026-04-01,VCS,4956,TAPERA AMAZONAS REDD+,Brazil,Agriculture Forestry and Other Land Use,Registration requested,Point,https://registry.verra.org/app/projectDetail/VCS/4956,REDD/REDD+,project_name: REDD+; project_description: REDD+; project_subcategories: REDD,POINT (-57.711272000000001 -2.014072),,
VCS_4966_2026-04-01,VCS,4966,Yambone REDD+ Project,Mozambique,Agriculture Forestry and Other Land Use,Registration and verification approval requested,Point,https://registry.verra.org/app/projectDetail/VCS/4966,REDD/REDD+,project_name: REDD+; project_description: REDD+; project_subcategories: REDD,POINT (35.427779999999998 -12.49972),,
VCS_4968_2026-04-01,VCS,4968,Nkuba REDD+ Project,"Congo, The Democratic Republic of the",Agriculture Forestry and Other Land Use,Registration and verification approval requested,Point,https://registry.verra.org/app/projectDetail/VCS/4968,REDD/REDD+,project_name: REDD+; project_description: REDD+; project_subcategories: REDD,POINT (27.211266999999999 1.160658),,
VCS_4987_2026-04-01,VCS,4987,COMACO South Landscape Management Project,Zambia,Agriculture Forestry and Other Land Use,Under development,Point,https://registry.verra.org/app/projectDetail/VCS/4987,REDD/REDD+,project_description: REDD+; project_subcategories: REDD,POINT (27.060320000000001 -14.990534999999999),,
VCS_5025_2026-04-01,VCS,5025,Guaranatuba REDD+ AUDD Grouped Project,Brazil,Agriculture Forestry and Other Land Use,Under development,Point,https://registry.verra.org/app/projectDetail/VCS/5025,REDD/REDD+,project_name: REDD+; project_description: REDD+; project_subcategories: REDD,POINT (-56.589699000000003 -2.711452),,
VCS_5038_2026-04-01,VCS,5038,Nigeria Community-based Forestry Project,Nigeria,Agriculture Forestry and Other Land Use,Under development,Point,https://registry.verra.org/app/projectDetail/VCS/5038,REDD/REDD+,project_description: REDD+; project_subcategories: REDD,POINT (8.878748 9.891313999999999),,
VCS_5044_2026-04-01,VCS,5044,ARAGUAIA REDD+ BOCALON PROJECT,Brazil,Agriculture Forestry and Other Land Use,Under validation,Point,https://registry.verra.org/app/projectDetail/VCS/5044,REDD/REDD+,project_name: REDD+; project_description: REDD+; project_subcategories: REDD,POINT (-51.059998 -10.733333),,
VCS_5055_2026-04-01,VCS,5055,Açaí REDD+ Project,Brazil,Agriculture Forestry and Other Land Use,Under development,Point,https://registry.verra.org/app/projectDetail/VCS/5055,REDD/REDD+,project_name: REDD+; project_description: REDD+; project_subcategories: REDD,POINT (-70.231099 -7.84086),,
VCS_5071_2026-04-01,VCS,5071,Mangrove afforestation and reforestation project in Cambodia,Cambodia,Agriculture Forestry and Other Land Use,Under validation,Point,https://registry.verra.org/app/projectDetail/VCS/5071,REDD/REDD+,project_subcategories: REDD,POINT (104.241460000000004 10.56883),,
VCS_5075_2026-04-01,VCS,5075,Liza Protect Forest,Congo,Agriculture Forestry and Other Land Use,Under validation,Point,https://registry.verra.org/app/projectDetail/VCS/5075,REDD/REDD+,project_description: REDD+; project_subcategories: REDD,POINT (16.217780000000001 -2.615),,
VCS_5077_2026-04-01,VCS,5077,SEIKOPAI REDD+,Peru,Agriculture Forestry and Other Land Use,Registration and verification approval requested,Point,https://registry.verra.org/app/projectDetail/VCS/5077,REDD/REDD+,project_name: REDD+; project_description: REDD+; project_subcategories: REDD,POINT (-74.670276000000001 -1.375277),,
VCS_5087_2026-04-01,VCS,5087,KA'A PYAHU,Brazil,Agriculture Forestry and Other Land Use,Under validation,Point,https://registry.verra.org/app/projectDetail/VCS/5087,REDD/REDD+,project_description: REDD+; project_subcategories: REDD,POINT (-45.545279999999998 -5.618341),,
VCS_5153_2026-04-01,VCS,5153,Kafue Zambezi Community Forest Project,Zambia,Agriculture Forestry and Other Land Use,Under validation,Point,https://registry.verra.org/app/projectDetail/VCS/5153,REDD/REDD+,project_description: REDD+; project_subcategories: REDD,POINT (27.849299999999999 -13.1404),,
VCS_5170_2026-04-01,VCS,5170,Supporting Ancestral Domains: Carbon Finance for Climate Action and Sustainable Development in the Mount Mantalingahan Protected Landscape,Philippines,Agriculture Forestry and Other Land Use,Under development,Point,https://registry.verra.org/app/projectDetail/VCS/5170,REDD/REDD+,project_subcategories: REDD,POINT (117.674899999999994 8.823399999999999),,
VCS_5177_2026-04-01,VCS,5177,Lavushimanda Community Conservation Project,Zambia,Agriculture Forestry and Other Land Use,Under development,Point,https://registry.verra.org/app/projectDetail/VCS/5177,REDD/REDD+,project_subcategories: REDD,POINT (30.897644 -12.516775000000001),,
VCS_5181_2026-04-01,VCS,5181,Silk Grass Farms Forest Conservation Project (REDD+),Belize,Agriculture Forestry and Other Land Use,Under validation,Point,https://registry.verra.org/app/projectDetail/VCS/5181,REDD/REDD+,project_name: REDD+; project_subcategories: REDD,POINT (-88.368328000000005 16.884886000000002),,
VCS_5200_2026-04-01,VCS,5200,Together for the Forest Awaeté REDD+ Project,Brazil,Agriculture Forestry and Other Land Use,Registration and verification approval requested,Point,https://registry.verra.org/app/projectDetail/VCS/5200,REDD/REDD+,project_name: REDD+; project_description: REDD+; project_subcategories: REDD,POINT (-50.130952000000001 -4.797854),,
VCS_5232_2026-04-01,VCS,5232,V Carbon Nuku Maimai Project,Papua New Guinea,Agriculture Forestry and Other Land Use,Registration requested,Point,https://registry.verra.org/app/projectDetail/VCS/5232,REDD/REDD+,project_description: REDD+; project_subcategories: REDD,POINT (142.441100000000006 -3.8969),,
VCS_5271_2026-04-01,VCS,5271,Zambruss REDD+ Project,Zambia,Agriculture Forestry and Other Land Use,Under development,Point,https://registry.verra.org/app/projectDetail/VCS/5271,REDD/REDD+,project_name: REDD+; project_description: REDD+; project_subcategories: REDD,POINT (24.970541999999998 -17.838794),,
VCS_5282_2026-04-01,VCS,5282,The Rubeho Mountains Carbon Project,"Tanzania, United Republic of",Agriculture Forestry and Other Land Use,Under development,Point,https://registry.verra.org/app/projectDetail/VCS/5282,REDD/REDD+,project_description: REDD+; project_subcategories: REDD,POINT (36.598872 -7.0819),,
VCS_5287_2026-04-01,VCS,5287,V Carbon Nuku Nopan Project,Papua New Guinea,Agriculture Forestry and Other Land Use,Under development,Point,https://registry.verra.org/app/projectDetail/VCS/5287,REDD/REDD+,project_subcategories: REDD,POINT (142.171661 -3.814991),,
VCS_5290_2026-04-01,VCS,5290,Iñapari Amazon REDD+ Project,Peru,Agriculture Forestry and Other Land Use,Under validation,Point,https://registry.verra.org/app/projectDetail/VCS/5290,REDD/REDD+,project_name: REDD+; project_subcategories: REDD,POINT (-69.575359000000006 -11.095684),,
VCS_5294_2026-04-01,VCS,5294,Maya Forest Corridor REDD project,Belize,Agriculture Forestry and Other Land Use,Under validation,Point,https://registry.verra.org/app/projectDetail/VCS/5294,REDD/REDD+,project_name: REDD; project_description: REDD; project_subcategories: REDD,POINT (-88.564165 17.442862),POINT (17.442862000000002 -88.564165000000003),longitude_latitude_swapped
VCS_5295_2026-04-01,VCS,5295,AGROFLORESTAL NOVO HORIZONTE REDD AUD PROJECT,Brazil,Agriculture Forestry and Other Land Use,Under validation,Point,https://registry.verra.org/app/projectDetail/VCS/5295,REDD/REDD+,project_name: REDD; project_description: REDD+; project_subcategories: REDD,POINT (-53.709940000000003 -2.675128),,
VCS_5343_2026-04-01,VCS,5343,STOCK CARBON MAZUAY,Brazil,Agriculture Forestry and Other Land Use,Under validation,Point,https://registry.verra.org/app/projectDetail/VCS/5343,REDD/REDD+,project_description: REDD+; project_subcategories: REDD,POINT (-58.363706999999998 -2.464329),,
VCS_5369_2026-04-01,VCS,5369,Sierra del Divisor Conservation Corridor Grouped Project,Peru,Agriculture Forestry and Other Land Use,Under development,Point,https://registry.verra.org/app/projectDetail/VCS/5369,REDD/REDD+,project_subcategories: REDD,POINT (-75.012215999999995 -7.022521),,
VCS_5390_2026-04-01,VCS,5390,Caiarara REDD+ Project,Brazil,Agriculture Forestry and Other Land Use,Under validation,Point,https://registry.verra.org/app/projectDetail/VCS/5390,REDD/REDD+,project_name: REDD+; project_description: REDD+; project_subcategories: REDD,POINT (-49.325426999999998 -3.463405),,
VCS_5391_2026-04-01,VCS,5391,COLORADO REDD AUD PROJECT,Brazil,Agriculture Forestry and Other Land Use,Under validation,Point,https://registry.verra.org/app/projectDetail/VCS/5391,REDD/REDD+,project_name: REDD; project_description: REDD; project_subcategories: REDD,POINT (-53.600537000000003 -2.642938),,
VCS_5393_2026-04-01,VCS,5393,"FOREST CARBON FIXATION IN THE AREA OF INFLUENCE OF THE SANTA BARBARA MOUNTAIN, SANTA BARBARA, HONDURAS.",Honduras,Carbon capture and storage,Under validation,Point,https://registry.verra.org/app/projectDetail/VCS/5393,REDD/REDD+,project_subcategories: REDD,POINT (-88.147306 14.917441),POINT (88.147306 14.917441),manual_review_sign_correction
VCS_5394_2026-04-01,VCS,5394,Kowen Antami REDD+ Project,Peru,Agriculture Forestry and Other Land Use,Under development,Point,https://registry.verra.org/app/projectDetail/VCS/5394,REDD/REDD+,project_name: REDD+; project_description: REDD+; project_subcategories: REDD,POINT (-75.123317 -10.444444000000001),,
VCS_5396_2026-04-01,VCS,5396,Wonegizi REDD+ Pilot Project,Liberia,Agriculture Forestry and Other Land Use,Under development,Point,https://registry.verra.org/app/projectDetail/VCS/5396,REDD/REDD+,project_name: REDD+; project_description: REDD+; project_subcategories: REDD,POINT (-9.540940000000001 8.14133),,
VCS_5415_2026-04-01,VCS,5415,Vale do Rio Branco REDD+ Grouped Project,Brazil,Agriculture Forestry and Other Land Use,Under validation,Point,https://registry.verra.org/app/projectDetail/VCS/5415,REDD/REDD+,project_name: REDD+; project_description: REDD+; project_subcategories: REDD,POINT (-60.958542999999999 1.845918),,
VCS_5430_2026-04-01,VCS,5430,Cultivar Progresso REDD+ Project,Brazil,Agriculture Forestry and Other Land Use,Under validation,Point,https://registry.verra.org/app/projectDetail/VCS/5430,REDD/REDD+,project_name: REDD+; project_description: REDD+; project_subcategories: REDD,POINT (-44.311937 -7.670833),,
VCS_5442_2026-04-01,VCS,5442,PROYECTO REDD+ JUNTOS POR LOS BOSQUES,Peru,Agriculture Forestry and Other Land Use,Under development,Point,https://registry.verra.org/app/projectDetail/VCS/5442,REDD/REDD+,project_name: REDD+; project_description: REDD+; project_subcategories: REDD,POINT (-69.885007000000002 -12.264920999999999),,
VCS_5458_2026-04-01,VCS,5458,Sanggala Corridor Project,Indonesia,Agriculture Forestry and Other Land Use,Registration requested,Point,https://registry.verra.org/app/projectDetail/VCS/5458,REDD/REDD+,project_subcategories: REDD,POINT (110.266278999999997 0.812613),,
VCS_5463_2026-04-01,VCS,5463,Khammouan REDD Project,Lao People's Democratic Republic,Agriculture Forestry and Other Land Use,Under development,Point,https://registry.verra.org/app/projectDetail/VCS/5463,REDD/REDD+,project_name: REDD; project_subcategories: REDD,POINT (105.333332999999996 17.5),,
VCS_5464_2026-04-01,VCS,5464,Muyuchi,Peru,Agriculture Forestry and Other Land Use,Under development,Point,https://registry.verra.org/app/projectDetail/VCS/5464,REDD/REDD+,project_description: REDD,POINT (-74.532319999999999 -8.38317),,
VCS_5501_2026-04-01,VCS,5501,Drawn Carbon REDD Foundations Project,Guatemala,Agriculture Forestry and Other Land Use,Under development,Point,https://registry.verra.org/app/projectDetail/VCS/5501,REDD/REDD+,project_name: REDD; project_description: REDD+; project_subcategories: REDD,POINT (-89.798112000000003 17.100300000000001),,
VCS_5510_2026-04-01,VCS,5510,Project Caraga,Philippines,Agriculture Forestry and Other Land Use,Under development,Point,https://registry.verra.org/app/projectDetail/VCS/5510,REDD/REDD+,project_description: REDD+; project_subcategories: REDD,POINT (125.842202 9.241823),,
VCS_5520_2026-04-01,VCS,5520,The Pekanbaru Suntara Peatland Project (PSPP),Indonesia,Agriculture Forestry and Other Land Use,Under validation,Point,https://registry.verra.org/app/projectDetail/VCS/5520,REDD/REDD+,project_description: REDD+,POINT (101.203000000000003 1.768),,
VCS_5527_2026-04-01,VCS,5527,Mandassaia Farm Carbon REDD+ Project,Brazil,Agriculture Forestry and Other Land Use,Under development,Point,https://registry.verra.org/app/projectDetail/VCS/5527,REDD/REDD+,project_name: REDD+; project_description: REDD+; project_subcategories: REDD,POINT (-57.565066000000002 -10.793174),,
VCS_5532_2026-04-01,VCS,5532,"FOREST CARBON FIXATION IN THE AREA OF INFLUENCE OF THE SANTA BARBARA MOUNTAIN, SANTA BARBARA, HONDURAS. ZONE 2",Honduras,Agriculture Forestry and Other Land Use,Under validation,Point,https://registry.verra.org/app/projectDetail/VCS/5532,REDD/REDD+,project_subcategories: REDD,POINT (-88.240301 14.90501),POINT (88.240301000000002 14.905010000000001),manual_review_sign_correction
VCS_5565_2026-04-01,VCS,5565,Projeto REDD+ Xikrin do Cateté,Brazil,Agriculture Forestry and Other Land Use,Under development,Point,https://registry.verra.org/app/projectDetail/VCS/5565,REDD/REDD+,project_name: REDD+; project_description: REDD+; project_subcategories: REDD,POINT (-50.813751 -6.357323),POINT (-6.357323 -50.813751000000003),longitude_latitude_swapped_manual_review
VCS_5585_2026-04-01,VCS,5585,PROJECT LESTARI,Indonesia,Agriculture Forestry and Other Land Use,Under development,Point,https://registry.verra.org/app/projectDetail/VCS/5585,REDD/REDD+,project_subcategories: REDD,POINT (114.911507 1.830851),,
VCS_5587_2026-04-01,VCS,5587,Conkouati-Douli National Park REDD+ Project,Congo,Agriculture Forestry and Other Land Use,Under validation,Point,https://registry.verra.org/app/projectDetail/VCS/5587,REDD/REDD+,project_name: REDD+; project_description: REDD+; project_subcategories: REDD,POINT (11.451513 -3.918761),,
VCS_562_2026-04-01,VCS,562,The Kasigau Corridor REDD Project – Phase I Rukinga Sanctuary,Kenya,Agriculture Forestry and Other Land Use,Registered,Point,https://registry.verra.org/app/projectDetail/VCS/562,REDD/REDD+,project_name: REDD; project_subcategories: REDD,POINT (38.785508 -3.674261),,
VCS_5634_2026-04-01,VCS,5634,Lower Sepik REDD+ Project,Papua New Guinea,Agriculture Forestry and Other Land Use,Under validation,Point,https://registry.verra.org/app/projectDetail/VCS/5634,REDD/REDD+,project_name: REDD+; project_description: REDD+; project_subcategories: REDD,POINT (144.065832 -4.0625),,
VCS_5637_2026-04-01,VCS,5637,REDD+ PROJECT ARARA PEOPLE,Brazil,Agriculture Forestry and Other Land Use,Under development,Point,https://registry.verra.org/app/projectDetail/VCS/5637,REDD/REDD+,project_name: REDD+; project_description: REDD+; project_subcategories: REDD,POINT (-54.167781 -4.333703),POINT (-4.333703 -54.167780999999998),longitude_latitude_swapped_manual_review
VCS_5713_2026-04-01,VCS,5713,Afforestation Project in Mongolia,Mongolia,Agriculture Forestry and Other Land Use,Under development,Point,https://registry.verra.org/app/projectDetail/VCS/5713,REDD/REDD+,project_description: REDD+,POINT (104.933333000000005 48.866666000000002),,
VCS_5836_2026-04-01,VCS,5836,Amazon Highest-Deforestation Frontline (HDF) XREDD Grouped Project,Brazil,Agriculture Forestry and Other Land Use,Under development,Point,https://registry.verra.org/app/projectDetail/VCS/5836,REDD/REDD+,project_subcategories: REDD,POINT (-62.850833 -6.400553),POINT (62.850833000000002 6.400553),manual_review_sign_and_axis_correction
VCS_587_2026-04-01,VCS,587,Protection of a Tasmanian Native Forest (Project 3: Peter Downie),Australia,Agriculture Forestry and Other Land Use,Late to verify,Point,https://registry.verra.org/app/projectDetail/VCS/587,REDD/REDD+,project_subcategories: REDD,POINT (147.093310000000002 -42.486420000000003),,
VCS_605_2026-04-01,VCS,605,Protection of a Tasmanian native forest - Project 1 - REDD Forests Pilot,Australia,Agriculture Forestry and Other Land Use,Late to verify,Point,https://registry.verra.org/app/projectDetail/VCS/605,REDD/REDD+,project_name: REDD; project_subcategories: REDD,POINT (146.971047999999996 -41.823371000000002),,
VCS_612_2026-04-01,VCS,612,The Kasigau Corridor REDD Project - Phase II The Community Ranches,Kenya,Agriculture Forestry and Other Land Use,Registered,Point,https://registry.verra.org/app/projectDetail/VCS/612,REDD/REDD+,project_name: REDD; project_description: REDD; project_subcategories: REDD,POINT (38.805574 -3.917672),,
VCS_641_2026-04-01,VCS,641,Redd Forests Grouped Project: Protection of Tasmanian Native Forest,Australia,Agriculture Forestry and Other Land Use,Late to verify,Point,https://registry.verra.org/app/projectDetail/VCS/641,REDD/REDD+,project_name: REDD,POINT (147.527423999999996 -42.048490000000001),,
VCS_647_2026-04-01,VCS,647,Boden Creek Ecological Preserve Forest Carbon Project,Belize,Agriculture Forestry and Other Land Use,Late to verify,Point,https://registry.verra.org/app/projectDetail/VCS/647,REDD/REDD+,project_description: REDD+; project_subcategories: REDD,POINT (-88.793452000000002 16.309633000000002),,
VCS_674_2026-04-01,VCS,674,Rimba Raya Biodiversity Reserve Project,Indonesia,Agriculture Forestry and Other Land Use,Late to verify,Point,https://registry.verra.org/app/projectDetail/VCS/674,REDD/REDD+,project_subcategories: REDD,POINT (112.299244000000002 -3.106367),,
VCS_812_2026-04-01,VCS,812,Bull Run Overseas Forest Carbon Project,Belize,Agriculture Forestry and Other Land Use,Late to verify,Point,https://registry.verra.org/app/projectDetail/VCS/812,REDD/REDD+,project_description: REDD+; project_subcategories: REDD,POINT (-88.794279000000003 17.046938000000001),,
VCS_818_2026-04-01,VCS,818,Protection of the Bolivian Amazon Forest,"Bolivia, Plurinational State of",Agriculture Forestry and Other Land Use,Late to verify,Point,https://registry.verra.org/app/projectDetail/VCS/818,REDD/REDD+,project_description: REDD; project_subcategories: REDD,POINT (-66.286895999999999 -12.147935),,
VCS_832_2026-04-01,VCS,832,Cikel Brazilian Amazon REDD APD Project Avoiding Planned Deforestation,Brazil,Agriculture Forestry and Other Land Use,Registered,Point,https://registry.verra.org/app/projectDetail/VCS/832,REDD/REDD+,project_name: REDD; project_description: REDD; project_subcategories: REDD,POINT (-48.307810000000003 -3.237149),,
VCS_844_2026-04-01,VCS,844,Madre de Dios Amazon REDD+ Project,Peru,Agriculture Forestry and Other Land Use,Registered,Point,https://registry.verra.org/app/projectDetail/VCS/844,REDD/REDD+,project_name: REDD+; project_description: REDD; project_subcategories: REDD,POINT (-69.709090000000003 -11.087540000000001),,
VCS_852_2026-04-01,VCS,852,Rio Bravo Climate Action Project,Belize,Agriculture Forestry and Other Land Use,Registered,Point,https://registry.verra.org/app/projectDetail/VCS/852,REDD/REDD+,project_subcategories: REDD,POINT (-88.786636000000001 17.786470000000001),,
VCS_856_2026-04-01,VCS,856,The Chocó-Darién Conservation Corridor REDD Project,Colombia,Agriculture Forestry and Other Land Use,Late to verify,Point,https://registry.verra.org/app/projectDetail/VCS/856,REDD/REDD+,project_name: REDD; project_description: REDD+; project_subcategories: REDD,POINT (-77.341723000000002 8.468405000000001),,
VCS_868_2026-04-01,VCS,868,"REDD project in Brazil nut concessions in Madre de Dios, Peru",Peru,Agriculture Forestry and Other Land Use,Registered,Point,https://registry.verra.org/app/projectDetail/VCS/868,REDD/REDD+,project_name: REDD; project_subcategories: REDD,POINT (-69.635287000000005 -12.194625),,
VCS_875_2026-04-01,VCS,875,FLORESTAL SANTA MARIA PROJECT,Brazil,Agriculture Forestry and Other Land Use,Registered,Point,https://registry.verra.org/app/projectDetail/VCS/875,REDD/REDD+,project_subcategories: REDD,POINT (-59.355406000000002 -9.165371),,
VCS_902_2026-04-01,VCS,902,KARIBA REDD+ PROJECT,Zimbabwe,Agriculture Forestry and Other Land Use,Withdrawn,Point,https://registry.verra.org/app/projectDetail/VCS/902,REDD/REDD+,project_name: REDD+; project_description: REDD+; project_subcategories: REDD,POINT (28.061029000000001 -17.238053000000001),,
VCS_904_2026-04-01,VCS,904,"Reduced Emissions from Deforestation and Degradation in Community Forests – Oddar Meanchey, Cambodia",Cambodia,Agriculture Forestry and Other Land Use,Late to verify,Point,https://registry.verra.org/app/projectDetail/VCS/904,REDD/REDD+,project_description: REDD; project_subcategories: REDD,POINT (103.786252000000005 14.267419),,
VCS_919_2026-04-01,VCS,919,LOWER MISSISSIPPI VALLEY GROUPED AFFORESTATION PROJECT,United States,Agriculture Forestry and Other Land Use,Late to verify,Point,https://registry.verra.org/app/projectDetail/VCS/919,REDD/REDD+,project_subcategories: REDD,POINT (-91.835194000000001 32.093952000000002),,
VCS_934_2026-04-01,VCS,934,The Mai Ndombe REDD+ Project,"Congo, The Democratic Republic of the",Agriculture Forestry and Other Land Use,Registered,Point,https://registry.verra.org/app/projectDetail/VCS/934,REDD/REDD+,project_name: REDD+; project_description: REDD+; project_subcategories: REDD,POINT (18.043932000000002 -1.957187),,
VCS_944_2026-04-01,VCS,944,Alto Mayo Conservation Initiative,Peru,Agriculture Forestry and Other Land Use,Registered,Point,https://registry.verra.org/app/projectDetail/VCS/944,REDD/REDD+,project_subcategories: REDD,POINT (-77.547634000000002 -5.780293),,
VCS_953_2026-04-01,VCS,953,The Paraguay Forest Conservation Project - Reduction of GHG emissions from deforestation and forest degradation in the Chaco-Pantanal ecosystem,Paraguay,Agriculture Forestry and Other Land Use,Registered,Point,https://registry.verra.org/app/projectDetail/VCS/953,REDD/REDD+,project_subcategories: REDD,POINT (-58.976599 -20.967034000000002),,
VCS_958_2026-04-01,VCS,958,BIOCORREDOR MARTIN SAGRADO REDD+ PROJECT,Peru,Agriculture Forestry and Other Land Use,Verification approval requested,Point,https://registry.verra.org/app/projectDetail/VCS/958,REDD/REDD+,project_name: REDD+; project_subcategories: REDD,POINT (-77.274974 -7.533799),,
VCS_963_2026-04-01,VCS,963,The Purus Project,Brazil,Agriculture Forestry and Other Land Use,Registered,Point,https://registry.verra.org/app/projectDetail/VCS/963,REDD/REDD+,project_description: REDD+; project_subcategories: REDD,POINT (-69.472926000000001 -8.977771000000001),,
VCS_965_2026-04-01,VCS,965,ITAA afforestation on degraded grasslands under extensive grazing,Uruguay,Agriculture Forestry and Other Land Use,Registered,Point,https://registry.verra.org/app/projectDetail/VCS/965,REDD/REDD+,project_subcategories: REDD,POINT (-54.863857000000003 -33.649003),,
VCS_977_2026-04-01,VCS,977,RMDLT Portel - Para REDD Project,Brazil,Agriculture Forestry and Other Land Use,On Hold - see notification letter,Point,https://registry.verra.org/app/projectDetail/VCS/977,REDD/REDD+,project_name: REDD; project_description: REDD; project_subcategories: REDD,POINT (-50.750909 -2.816265),,
VCS_981_2026-04-01,VCS,981,Pacajai REDD+ Project,Brazil,Agriculture Forestry and Other Land Use,On Hold - see notification letter,Point,https://registry.verra.org/app/projectDetail/VCS/981,REDD/REDD+,project_name: REDD+; project_description: REDD; project_subcategories: REDD,POINT (-51.188205000000004 -2.893955),,
VCS_985_2026-04-01,VCS,985,Cordillera Azul National Park REDD Project,Peru,Agriculture Forestry and Other Land Use,Registered,Point,https://registry.verra.org/app/projectDetail/VCS/985,REDD/REDD+,project_name: REDD; project_description: REDD+; project_subcategories: REDD,POINT (-75.987144000000001 -7.083974),,
VCS_999_2026-04-01,VCS,999,Protection of the Amazon Rain Forest II,"Bolivia, Plurinational State of",Agriculture Forestry and Other Land Use,Under validation,Point,https://registry.verra.org/app/projectDetail/VCS/999,REDD/REDD+,project_description: REDD; project_subcategories: REDD,POINT (-66.933019999999999 -10.99141),,
