Iniciando extracao de detalhes de projetos da Gold Standard
lista carregada de: C:\Temp\Repositórios\registros-certificadoras\data\project_standards\01_bronze\gold_standard\20260422\list\projects.json
total detectado na lista: 4064
total a processar nesta execucao: 4064
endpoint de detalhe: https://public-api.goldstandard.org/projects/<id>
pausa entre projetos: 1.0 segundos
pausa extra a cada bloco: 8.0 segundos a cada 5 projetos
retry em 429: 5 tentativas adicionais com espera de 8.0s
arquivo de falhas: C:\Temp\Repositórios\registros-certificadoras\src\projects_standards\gold_standard\bronze\logs\extract_project_details_failures_20260422.json
diretorio de saida: C:\Temp\Repositórios\registros-certificadoras\data\project_standards\01_bronze\gold_standard\20260422\projects
pulando projeto 5518 (1/4064): detalhe ja salvo
pulando projeto 5517 (2/4064): detalhe ja salvo
pulando projeto 5516 (3/4064): detalhe ja salvo
pulando projeto 5506 (4/4064): detalhe ja salvo
pulando projeto 5504 (5/4064): detalhe ja salvo
pulando projeto 5499 (6/4064): detalhe ja salvo
pulando projeto 5489 (7/4064): detalhe ja salvo
pulando projeto 5474 (8/4064): detalhe ja salvo
pulando projeto 5466 (9/4064): detalhe ja salvo
pulando projeto 5465 (10/4064): detalhe ja salvo
progresso: 10/4064 (0.2%) | tempo restante estimado: 00:02
pulando projeto 5461 (11/4064): detalhe ja salvo
pulando projeto 5460 (12/4064): detalhe ja salvo
pulando projeto 5457 (13/4064): detalhe ja salvo
pulando projeto 5456 (14/4064): detalhe ja salvo
pulando projeto 5455 (15/4064): detalhe ja salvo
pulando projeto 5449 (16/4064): detalhe ja salvo
pulando projeto 5444 (17/4064): detalhe ja salvo
pulando projeto 5443 (18/4064): detalhe ja salvo
pulando projeto 5442 (19/4064): detalhe ja salvo
pulando projeto 5440 (20/4064): detalhe ja salvo
progresso: 20/4064 (0.5%) | tempo restante estimado: 00:02
pulando projeto 5438 (21/4064): detalhe ja salvo
pulando projeto 5435 (22/4064): detalhe ja salvo
pulando projeto 5434 (23/4064): detalhe ja salvo
pulando projeto 5429 (24/4064): detalhe ja salvo
pulando projeto 5428 (25/4064): detalhe ja salvo
pulando projeto 5427 (26/4064): detalhe ja salvo
pulando projeto 5426 (27/4064): detalhe ja salvo
pulando projeto 5423 (28/4064): detalhe ja salvo
pulando projeto 5422 (29/4064): detalhe ja salvo
pulando projeto 5420 (30/4064): detalhe ja salvo
progresso: 30/4064 (0.7%) | tempo restante estimado: 00:02
pulando projeto 5419 (31/4064): detalhe ja salvo
pulando projeto 5415 (32/4064): detalhe ja salvo
pulando projeto 5414 (33/4064): detalhe ja salvo
pulando projeto 5413 (34/4064): detalhe ja salvo
pulando projeto 5411 (35/4064): detalhe ja salvo
pulando projeto 5410 (36/4064): detalhe ja salvo
pulando projeto 5408 (37/4064): detalhe ja salvo
pulando projeto 5407 (38/4064): detalhe ja salvo
pulando projeto 5406 (39/4064): detalhe ja salvo
pulando projeto 5405 (40/4064): detalhe ja salvo
progresso: 40/4064 (1.0%) | tempo restante estimado: 00:02
pulando projeto 5404 (41/4064): detalhe ja salvo
pulando projeto 5403 (42/4064): detalhe ja salvo
pulando projeto 5402 (43/4064): detalhe ja salvo
pulando projeto 5400 (44/4064): detalhe ja salvo
pulando projeto 5399 (45/4064): detalhe ja salvo
pulando projeto 5398 (46/4064): detalhe ja salvo
pulando projeto 5397 (47/4064): detalhe ja salvo
pulando projeto 5396 (48/4064): detalhe ja salvo
pulando projeto 5393 (49/4064): detalhe ja salvo
pulando projeto 5392 (50/4064): detalhe ja salvo
progresso: 50/4064 (1.2%) | tempo restante estimado: 00:02
pulando projeto 5390 (51/4064): detalhe ja salvo
pulando projeto 5389 (52/4064): detalhe ja salvo
pulando projeto 5388 (53/4064): detalhe ja salvo
pulando projeto 5383 (54/4064): detalhe ja salvo
pulando projeto 5380 (55/4064): detalhe ja salvo
pulando projeto 5379 (56/4064): detalhe ja salvo
pulando projeto 5377 (57/4064): detalhe ja salvo
pulando projeto 5376 (58/4064): detalhe ja salvo
pulando projeto 5375 (59/4064): detalhe ja salvo
pulando projeto 5374 (60/4064): detalhe ja salvo
progresso: 60/4064 (1.5%) | tempo restante estimado: 00:02
pulando projeto 5373 (61/4064): detalhe ja salvo
pulando projeto 5372 (62/4064): detalhe ja salvo
pulando projeto 5371 (63/4064): detalhe ja salvo
pulando projeto 5370 (64/4064): detalhe ja salvo
pulando projeto 5369 (65/4064): detalhe ja salvo
pulando projeto 5368 (66/4064): detalhe ja salvo
pulando projeto 5367 (67/4064): detalhe ja salvo
pulando projeto 5366 (68/4064): detalhe ja salvo
pulando projeto 5365 (69/4064): detalhe ja salvo
pulando projeto 5364 (70/4064): detalhe ja salvo
progresso: 70/4064 (1.7%) | tempo restante estimado: 00:02
pulando projeto 5363 (71/4064): detalhe ja salvo
pulando projeto 5362 (72/4064): detalhe ja salvo
pulando projeto 5361 (73/4064): detalhe ja salvo
pulando projeto 5360 (74/4064): detalhe ja salvo
pulando projeto 5359 (75/4064): detalhe ja salvo
pulando projeto 5358 (76/4064): detalhe ja salvo
pulando projeto 5357 (77/4064): detalhe ja salvo
pulando projeto 5355 (78/4064): detalhe ja salvo
pulando projeto 5348 (79/4064): detalhe ja salvo
pulando projeto 5347 (80/4064): detalhe ja salvo
progresso: 80/4064 (2.0%) | tempo restante estimado: 00:02
pulando projeto 5346 (81/4064): detalhe ja salvo
pulando projeto 5345 (82/4064): detalhe ja salvo
pulando projeto 5343 (83/4064): detalhe ja salvo
pulando projeto 5340 (84/4064): detalhe ja salvo
pulando projeto 5339 (85/4064): detalhe ja salvo
pulando projeto 5338 (86/4064): detalhe ja salvo
pulando projeto 5337 (87/4064): detalhe ja salvo
pulando projeto 5336 (88/4064): detalhe ja salvo
pulando projeto 5335 (89/4064): detalhe ja salvo
pulando projeto 5334 (90/4064): detalhe ja salvo
progresso: 90/4064 (2.2%) | tempo restante estimado: 00:02
pulando projeto 5333 (91/4064): detalhe ja salvo
pulando projeto 5332 (92/4064): detalhe ja salvo
pulando projeto 5331 (93/4064): detalhe ja salvo
pulando projeto 5330 (94/4064): detalhe ja salvo
pulando projeto 5329 (95/4064): detalhe ja salvo
pulando projeto 5328 (96/4064): detalhe ja salvo
pulando projeto 5327 (97/4064): detalhe ja salvo
pulando projeto 5326 (98/4064): detalhe ja salvo
pulando projeto 5325 (99/4064): detalhe ja salvo
pulando projeto 5324 (100/4064): detalhe ja salvo
progresso: 100/4064 (2.5%) | tempo restante estimado: 00:02
pulando projeto 5323 (101/4064): detalhe ja salvo
pulando projeto 5322 (102/4064): detalhe ja salvo
pulando projeto 5321 (103/4064): detalhe ja salvo
pulando projeto 5319 (104/4064): detalhe ja salvo
pulando projeto 5318 (105/4064): detalhe ja salvo
pulando projeto 5317 (106/4064): detalhe ja salvo
pulando projeto 5316 (107/4064): detalhe ja salvo
pulando projeto 5315 (108/4064): detalhe ja salvo
pulando projeto 5314 (109/4064): detalhe ja salvo
pulando projeto 5313 (110/4064): detalhe ja salvo
progresso: 110/4064 (2.7%) | tempo restante estimado: 00:02
pulando projeto 5312 (111/4064): detalhe ja salvo
pulando projeto 5311 (112/4064): detalhe ja salvo
pulando projeto 5310 (113/4064): detalhe ja salvo
pulando projeto 5308 (114/4064): detalhe ja salvo
pulando projeto 5307 (115/4064): detalhe ja salvo
pulando projeto 5306 (116/4064): detalhe ja salvo
pulando projeto 5304 (117/4064): detalhe ja salvo
pulando projeto 5303 (118/4064): detalhe ja salvo
pulando projeto 5302 (119/4064): detalhe ja salvo
pulando projeto 5301 (120/4064): detalhe ja salvo
progresso: 120/4064 (3.0%) | tempo restante estimado: 00:02
pulando projeto 5299 (121/4064): detalhe ja salvo
pulando projeto 5298 (122/4064): detalhe ja salvo
pulando projeto 5297 (123/4064): detalhe ja salvo
pulando projeto 5296 (124/4064): detalhe ja salvo
pulando projeto 5295 (125/4064): detalhe ja salvo
pulando projeto 5293 (126/4064): detalhe ja salvo
pulando projeto 5292 (127/4064): detalhe ja salvo
pulando projeto 5291 (128/4064): detalhe ja salvo
pulando projeto 5290 (129/4064): detalhe ja salvo
pulando projeto 5289 (130/4064): detalhe ja salvo
progresso: 130/4064 (3.2%) | tempo restante estimado: 00:02
pulando projeto 5288 (131/4064): detalhe ja salvo
pulando projeto 5287 (132/4064): detalhe ja salvo
pulando projeto 5286 (133/4064): detalhe ja salvo
pulando projeto 5284 (134/4064): detalhe ja salvo
pulando projeto 5283 (135/4064): detalhe ja salvo
pulando projeto 5282 (136/4064): detalhe ja salvo
pulando projeto 5281 (137/4064): detalhe ja salvo
pulando projeto 5280 (138/4064): detalhe ja salvo
pulando projeto 5279 (139/4064): detalhe ja salvo
pulando projeto 5278 (140/4064): detalhe ja salvo
progresso: 140/4064 (3.4%) | tempo restante estimado: 00:02
pulando projeto 5277 (141/4064): detalhe ja salvo
pulando projeto 5275 (142/4064): detalhe ja salvo
pulando projeto 5264 (143/4064): detalhe ja salvo
pulando projeto 5263 (144/4064): detalhe ja salvo
pulando projeto 5262 (145/4064): detalhe ja salvo
pulando projeto 5261 (146/4064): detalhe ja salvo
pulando projeto 5260 (147/4064): detalhe ja salvo
pulando projeto 5259 (148/4064): detalhe ja salvo
pulando projeto 5258 (149/4064): detalhe ja salvo
pulando projeto 5256 (150/4064): detalhe ja salvo
progresso: 150/4064 (3.7%) | tempo restante estimado: 00:02
pulando projeto 5255 (151/4064): detalhe ja salvo
pulando projeto 5254 (152/4064): detalhe ja salvo
pulando projeto 5253 (153/4064): detalhe ja salvo
pulando projeto 5252 (154/4064): detalhe ja salvo
pulando projeto 5251 (155/4064): detalhe ja salvo
pulando projeto 5250 (156/4064): detalhe ja salvo
pulando projeto 5247 (157/4064): detalhe ja salvo
pulando projeto 5243 (158/4064): detalhe ja salvo
pulando projeto 5242 (159/4064): detalhe ja salvo
pulando projeto 5227 (160/4064): detalhe ja salvo
progresso: 160/4064 (3.9%) | tempo restante estimado: 00:02
pulando projeto 5226 (161/4064): detalhe ja salvo
pulando projeto 5225 (162/4064): detalhe ja salvo
pulando projeto 5224 (163/4064): detalhe ja salvo
pulando projeto 5223 (164/4064): detalhe ja salvo
pulando projeto 5221 (165/4064): detalhe ja salvo
pulando projeto 5220 (166/4064): detalhe ja salvo
pulando projeto 5219 (167/4064): detalhe ja salvo
pulando projeto 5218 (168/4064): detalhe ja salvo
pulando projeto 5217 (169/4064): detalhe ja salvo
pulando projeto 5214 (170/4064): detalhe ja salvo
progresso: 170/4064 (4.2%) | tempo restante estimado: 00:02
pulando projeto 5213 (171/4064): detalhe ja salvo
pulando projeto 5212 (172/4064): detalhe ja salvo
pulando projeto 5211 (173/4064): detalhe ja salvo
pulando projeto 5210 (174/4064): detalhe ja salvo
pulando projeto 5209 (175/4064): detalhe ja salvo
pulando projeto 5208 (176/4064): detalhe ja salvo
pulando projeto 5207 (177/4064): detalhe ja salvo
pulando projeto 5203 (178/4064): detalhe ja salvo
pulando projeto 5200 (179/4064): detalhe ja salvo
pulando projeto 5198 (180/4064): detalhe ja salvo
progresso: 180/4064 (4.4%) | tempo restante estimado: 00:02
pulando projeto 5183 (181/4064): detalhe ja salvo
pulando projeto 5182 (182/4064): detalhe ja salvo
pulando projeto 5181 (183/4064): detalhe ja salvo
pulando projeto 5180 (184/4064): detalhe ja salvo
pulando projeto 5179 (185/4064): detalhe ja salvo
pulando projeto 5178 (186/4064): detalhe ja salvo
pulando projeto 5176 (187/4064): detalhe ja salvo
pulando projeto 5173 (188/4064): detalhe ja salvo
pulando projeto 5172 (189/4064): detalhe ja salvo
pulando projeto 5171 (190/4064): detalhe ja salvo
progresso: 190/4064 (4.7%) | tempo restante estimado: 00:02
pulando projeto 5170 (191/4064): detalhe ja salvo
pulando projeto 5150 (192/4064): detalhe ja salvo
pulando projeto 5125 (193/4064): detalhe ja salvo
pulando projeto 5124 (194/4064): detalhe ja salvo
pulando projeto 5123 (195/4064): detalhe ja salvo
pulando projeto 5120 (196/4064): detalhe ja salvo
pulando projeto 5119 (197/4064): detalhe ja salvo
pulando projeto 5118 (198/4064): detalhe ja salvo
pulando projeto 5117 (199/4064): detalhe ja salvo
pulando projeto 5116 (200/4064): detalhe ja salvo
progresso: 200/4064 (4.9%) | tempo restante estimado: 00:02
pulando projeto 5102 (201/4064): detalhe ja salvo
pulando projeto 5101 (202/4064): detalhe ja salvo
pulando projeto 5098 (203/4064): detalhe ja salvo
pulando projeto 5096 (204/4064): detalhe ja salvo
pulando projeto 5093 (205/4064): detalhe ja salvo
pulando projeto 5092 (206/4064): detalhe ja salvo
pulando projeto 5091 (207/4064): detalhe ja salvo
pulando projeto 5090 (208/4064): detalhe ja salvo
pulando projeto 5089 (209/4064): detalhe ja salvo
pulando projeto 5087 (210/4064): detalhe ja salvo
progresso: 210/4064 (5.2%) | tempo restante estimado: 00:02
pulando projeto 5086 (211/4064): detalhe ja salvo
pulando projeto 5085 (212/4064): detalhe ja salvo
pulando projeto 5084 (213/4064): detalhe ja salvo
pulando projeto 5083 (214/4064): detalhe ja salvo
pulando projeto 5082 (215/4064): detalhe ja salvo
pulando projeto 5078 (216/4064): detalhe ja salvo
pulando projeto 5077 (217/4064): detalhe ja salvo
pulando projeto 5076 (218/4064): detalhe ja salvo
pulando projeto 5075 (219/4064): detalhe ja salvo
pulando projeto 5074 (220/4064): detalhe ja salvo
progresso: 220/4064 (5.4%) | tempo restante estimado: 00:02
pulando projeto 5073 (221/4064): detalhe ja salvo
pulando projeto 5072 (222/4064): detalhe ja salvo
pulando projeto 5071 (223/4064): detalhe ja salvo
pulando projeto 5068 (224/4064): detalhe ja salvo
pulando projeto 5067 (225/4064): detalhe ja salvo
pulando projeto 5066 (226/4064): detalhe ja salvo
pulando projeto 5065 (227/4064): detalhe ja salvo
pulando projeto 5064 (228/4064): detalhe ja salvo
pulando projeto 5063 (229/4064): detalhe ja salvo
pulando projeto 5062 (230/4064): detalhe ja salvo
progresso: 230/4064 (5.7%) | tempo restante estimado: 00:02
pulando projeto 5061 (231/4064): detalhe ja salvo
pulando projeto 5060 (232/4064): detalhe ja salvo
pulando projeto 5059 (233/4064): detalhe ja salvo
pulando projeto 5058 (234/4064): detalhe ja salvo
pulando projeto 5057 (235/4064): detalhe ja salvo
pulando projeto 5056 (236/4064): detalhe ja salvo
pulando projeto 5055 (237/4064): detalhe ja salvo
pulando projeto 5054 (238/4064): detalhe ja salvo
pulando projeto 5053 (239/4064): detalhe ja salvo
pulando projeto 5052 (240/4064): detalhe ja salvo
progresso: 240/4064 (5.9%) | tempo restante estimado: 00:02
pulando projeto 5051 (241/4064): detalhe ja salvo
pulando projeto 5050 (242/4064): detalhe ja salvo
pulando projeto 5049 (243/4064): detalhe ja salvo
pulando projeto 5048 (244/4064): detalhe ja salvo
pulando projeto 5046 (245/4064): detalhe ja salvo
pulando projeto 5045 (246/4064): detalhe ja salvo
pulando projeto 5044 (247/4064): detalhe ja salvo
pulando projeto 5043 (248/4064): detalhe ja salvo
pulando projeto 5042 (249/4064): detalhe ja salvo
pulando projeto 5041 (250/4064): detalhe ja salvo
progresso: 250/4064 (6.2%) | tempo restante estimado: 00:02
pulando projeto 5040 (251/4064): detalhe ja salvo
pulando projeto 5038 (252/4064): detalhe ja salvo
pulando projeto 5037 (253/4064): detalhe ja salvo
pulando projeto 5036 (254/4064): detalhe ja salvo
pulando projeto 5035 (255/4064): detalhe ja salvo
pulando projeto 5031 (256/4064): detalhe ja salvo
pulando projeto 5030 (257/4064): detalhe ja salvo
pulando projeto 5029 (258/4064): detalhe ja salvo
pulando projeto 5028 (259/4064): detalhe ja salvo
pulando projeto 5027 (260/4064): detalhe ja salvo
progresso: 260/4064 (6.4%) | tempo restante estimado: 00:02
pulando projeto 5025 (261/4064): detalhe ja salvo
pulando projeto 5022 (262/4064): detalhe ja salvo
pulando projeto 5021 (263/4064): detalhe ja salvo
pulando projeto 5020 (264/4064): detalhe ja salvo
pulando projeto 5019 (265/4064): detalhe ja salvo
pulando projeto 5018 (266/4064): detalhe ja salvo
pulando projeto 5014 (267/4064): detalhe ja salvo
pulando projeto 5013 (268/4064): detalhe ja salvo
pulando projeto 5012 (269/4064): detalhe ja salvo
pulando projeto 5011 (270/4064): detalhe ja salvo
progresso: 270/4064 (6.6%) | tempo restante estimado: 00:02
pulando projeto 5010 (271/4064): detalhe ja salvo
pulando projeto 5009 (272/4064): detalhe ja salvo
pulando projeto 5008 (273/4064): detalhe ja salvo
pulando projeto 5007 (274/4064): detalhe ja salvo
pulando projeto 5006 (275/4064): detalhe ja salvo
pulando projeto 5005 (276/4064): detalhe ja salvo
pulando projeto 5002 (277/4064): detalhe ja salvo
pulando projeto 5001 (278/4064): detalhe ja salvo
pulando projeto 5000 (279/4064): detalhe ja salvo
pulando projeto 4999 (280/4064): detalhe ja salvo
progresso: 280/4064 (6.9%) | tempo restante estimado: 00:02
pulando projeto 4998 (281/4064): detalhe ja salvo
pulando projeto 4997 (282/4064): detalhe ja salvo
pulando projeto 4996 (283/4064): detalhe ja salvo
pulando projeto 4995 (284/4064): detalhe ja salvo
pulando projeto 4992 (285/4064): detalhe ja salvo
pulando projeto 4990 (286/4064): detalhe ja salvo
pulando projeto 4989 (287/4064): detalhe ja salvo
pulando projeto 4987 (288/4064): detalhe ja salvo
pulando projeto 4986 (289/4064): detalhe ja salvo
pulando projeto 4985 (290/4064): detalhe ja salvo
progresso: 290/4064 (7.1%) | tempo restante estimado: 00:02
pulando projeto 4984 (291/4064): detalhe ja salvo
pulando projeto 4983 (292/4064): detalhe ja salvo
pulando projeto 4982 (293/4064): detalhe ja salvo
pulando projeto 4981 (294/4064): detalhe ja salvo
pulando projeto 4980 (295/4064): detalhe ja salvo
pulando projeto 4979 (296/4064): detalhe ja salvo
pulando projeto 4978 (297/4064): detalhe ja salvo
pulando projeto 4977 (298/4064): detalhe ja salvo
pulando projeto 4976 (299/4064): detalhe ja salvo
pulando projeto 4975 (300/4064): detalhe ja salvo
progresso: 300/4064 (7.4%) | tempo restante estimado: 00:02
pulando projeto 4974 (301/4064): detalhe ja salvo
pulando projeto 4973 (302/4064): detalhe ja salvo
pulando projeto 4972 (303/4064): detalhe ja salvo
pulando projeto 4971 (304/4064): detalhe ja salvo
pulando projeto 4970 (305/4064): detalhe ja salvo
pulando projeto 4969 (306/4064): detalhe ja salvo
pulando projeto 4968 (307/4064): detalhe ja salvo
pulando projeto 4967 (308/4064): detalhe ja salvo
pulando projeto 4966 (309/4064): detalhe ja salvo
pulando projeto 4965 (310/4064): detalhe ja salvo
progresso: 310/4064 (7.6%) | tempo restante estimado: 00:02
pulando projeto 4964 (311/4064): detalhe ja salvo
pulando projeto 4963 (312/4064): detalhe ja salvo
pulando projeto 4962 (313/4064): detalhe ja salvo
pulando projeto 4961 (314/4064): detalhe ja salvo
pulando projeto 4959 (315/4064): detalhe ja salvo
pulando projeto 4958 (316/4064): detalhe ja salvo
pulando projeto 4957 (317/4064): detalhe ja salvo
pulando projeto 4956 (318/4064): detalhe ja salvo
pulando projeto 4955 (319/4064): detalhe ja salvo
pulando projeto 4954 (320/4064): detalhe ja salvo
progresso: 320/4064 (7.9%) | tempo restante estimado: 00:02
pulando projeto 4953 (321/4064): detalhe ja salvo
pulando projeto 4952 (322/4064): detalhe ja salvo
pulando projeto 4951 (323/4064): detalhe ja salvo
pulando projeto 4950 (324/4064): detalhe ja salvo
pulando projeto 4949 (325/4064): detalhe ja salvo
pulando projeto 4948 (326/4064): detalhe ja salvo
pulando projeto 4947 (327/4064): detalhe ja salvo
pulando projeto 4946 (328/4064): detalhe ja salvo
pulando projeto 4945 (329/4064): detalhe ja salvo
pulando projeto 4944 (330/4064): detalhe ja salvo
progresso: 330/4064 (8.1%) | tempo restante estimado: 00:02
pulando projeto 4943 (331/4064): detalhe ja salvo
pulando projeto 4942 (332/4064): detalhe ja salvo
pulando projeto 4941 (333/4064): detalhe ja salvo
pulando projeto 4940 (334/4064): detalhe ja salvo
pulando projeto 4939 (335/4064): detalhe ja salvo
pulando projeto 4938 (336/4064): detalhe ja salvo
pulando projeto 4937 (337/4064): detalhe ja salvo
pulando projeto 4936 (338/4064): detalhe ja salvo
pulando projeto 4935 (339/4064): detalhe ja salvo
pulando projeto 4934 (340/4064): detalhe ja salvo
progresso: 340/4064 (8.4%) | tempo restante estimado: 00:02
pulando projeto 4933 (341/4064): detalhe ja salvo
pulando projeto 4932 (342/4064): detalhe ja salvo
pulando projeto 4930 (343/4064): detalhe ja salvo
pulando projeto 4929 (344/4064): detalhe ja salvo
pulando projeto 4928 (345/4064): detalhe ja salvo
pulando projeto 4927 (346/4064): detalhe ja salvo
pulando projeto 4926 (347/4064): detalhe ja salvo
pulando projeto 4925 (348/4064): detalhe ja salvo
pulando projeto 4924 (349/4064): detalhe ja salvo
pulando projeto 4923 (350/4064): detalhe ja salvo
progresso: 350/4064 (8.6%) | tempo restante estimado: 00:02
pulando projeto 4922 (351/4064): detalhe ja salvo
pulando projeto 4921 (352/4064): detalhe ja salvo
pulando projeto 4920 (353/4064): detalhe ja salvo
pulando projeto 4919 (354/4064): detalhe ja salvo
pulando projeto 4918 (355/4064): detalhe ja salvo
pulando projeto 4917 (356/4064): detalhe ja salvo
pulando projeto 4916 (357/4064): detalhe ja salvo
pulando projeto 4915 (358/4064): detalhe ja salvo
pulando projeto 4914 (359/4064): detalhe ja salvo
pulando projeto 4913 (360/4064): detalhe ja salvo
progresso: 360/4064 (8.9%) | tempo restante estimado: 00:02
pulando projeto 4912 (361/4064): detalhe ja salvo
pulando projeto 4911 (362/4064): detalhe ja salvo
pulando projeto 4908 (363/4064): detalhe ja salvo
pulando projeto 4907 (364/4064): detalhe ja salvo
pulando projeto 4906 (365/4064): detalhe ja salvo
pulando projeto 4905 (366/4064): detalhe ja salvo
pulando projeto 4904 (367/4064): detalhe ja salvo
pulando projeto 4903 (368/4064): detalhe ja salvo
pulando projeto 4902 (369/4064): detalhe ja salvo
pulando projeto 4901 (370/4064): detalhe ja salvo
progresso: 370/4064 (9.1%) | tempo restante estimado: 00:02
pulando projeto 4898 (371/4064): detalhe ja salvo
pulando projeto 4897 (372/4064): detalhe ja salvo
pulando projeto 4895 (373/4064): detalhe ja salvo
pulando projeto 4894 (374/4064): detalhe ja salvo
pulando projeto 4893 (375/4064): detalhe ja salvo
pulando projeto 4891 (376/4064): detalhe ja salvo
pulando projeto 4890 (377/4064): detalhe ja salvo
pulando projeto 4889 (378/4064): detalhe ja salvo
pulando projeto 4888 (379/4064): detalhe ja salvo
pulando projeto 4887 (380/4064): detalhe ja salvo
progresso: 380/4064 (9.4%) | tempo restante estimado: 00:02
pulando projeto 4886 (381/4064): detalhe ja salvo
pulando projeto 4885 (382/4064): detalhe ja salvo
pulando projeto 4884 (383/4064): detalhe ja salvo
pulando projeto 4883 (384/4064): detalhe ja salvo
pulando projeto 4882 (385/4064): detalhe ja salvo
pulando projeto 4881 (386/4064): detalhe ja salvo
pulando projeto 4880 (387/4064): detalhe ja salvo
pulando projeto 4879 (388/4064): detalhe ja salvo
pulando projeto 4878 (389/4064): detalhe ja salvo
pulando projeto 4877 (390/4064): detalhe ja salvo
progresso: 390/4064 (9.6%) | tempo restante estimado: 00:02
pulando projeto 4876 (391/4064): detalhe ja salvo
pulando projeto 4874 (392/4064): detalhe ja salvo
pulando projeto 4873 (393/4064): detalhe ja salvo
pulando projeto 4872 (394/4064): detalhe ja salvo
pulando projeto 4871 (395/4064): detalhe ja salvo
pulando projeto 4870 (396/4064): detalhe ja salvo
pulando projeto 4869 (397/4064): detalhe ja salvo
pulando projeto 4868 (398/4064): detalhe ja salvo
pulando projeto 4867 (399/4064): detalhe ja salvo
pulando projeto 4865 (400/4064): detalhe ja salvo
progresso: 400/4064 (9.8%) | tempo restante estimado: 00:02
pulando projeto 4864 (401/4064): detalhe ja salvo
pulando projeto 4863 (402/4064): detalhe ja salvo
pulando projeto 4862 (403/4064): detalhe ja salvo
pulando projeto 4860 (404/4064): detalhe ja salvo
pulando projeto 4859 (405/4064): detalhe ja salvo
pulando projeto 4858 (406/4064): detalhe ja salvo
pulando projeto 4857 (407/4064): detalhe ja salvo
pulando projeto 4856 (408/4064): detalhe ja salvo
pulando projeto 4855 (409/4064): detalhe ja salvo
pulando projeto 4854 (410/4064): detalhe ja salvo
progresso: 410/4064 (10.1%) | tempo restante estimado: 00:02
pulando projeto 4853 (411/4064): detalhe ja salvo
pulando projeto 4852 (412/4064): detalhe ja salvo
pulando projeto 4851 (413/4064): detalhe ja salvo
pulando projeto 4850 (414/4064): detalhe ja salvo
pulando projeto 4849 (415/4064): detalhe ja salvo
pulando projeto 4848 (416/4064): detalhe ja salvo
pulando projeto 4847 (417/4064): detalhe ja salvo
pulando projeto 4846 (418/4064): detalhe ja salvo
pulando projeto 4844 (419/4064): detalhe ja salvo
pulando projeto 4843 (420/4064): detalhe ja salvo
progresso: 420/4064 (10.3%) | tempo restante estimado: 00:02
pulando projeto 4842 (421/4064): detalhe ja salvo
pulando projeto 4841 (422/4064): detalhe ja salvo
pulando projeto 4840 (423/4064): detalhe ja salvo
pulando projeto 4838 (424/4064): detalhe ja salvo
pulando projeto 4837 (425/4064): detalhe ja salvo
pulando projeto 4835 (426/4064): detalhe ja salvo
pulando projeto 4833 (427/4064): detalhe ja salvo
pulando projeto 4832 (428/4064): detalhe ja salvo
pulando projeto 4831 (429/4064): detalhe ja salvo
pulando projeto 4830 (430/4064): detalhe ja salvo
progresso: 430/4064 (10.6%) | tempo restante estimado: 00:02
pulando projeto 4829 (431/4064): detalhe ja salvo
pulando projeto 4827 (432/4064): detalhe ja salvo
pulando projeto 4826 (433/4064): detalhe ja salvo
pulando projeto 4825 (434/4064): detalhe ja salvo
pulando projeto 4824 (435/4064): detalhe ja salvo
pulando projeto 4823 (436/4064): detalhe ja salvo
pulando projeto 4822 (437/4064): detalhe ja salvo
pulando projeto 4821 (438/4064): detalhe ja salvo
pulando projeto 4817 (439/4064): detalhe ja salvo
pulando projeto 4816 (440/4064): detalhe ja salvo
progresso: 440/4064 (10.8%) | tempo restante estimado: 00:02
pulando projeto 4815 (441/4064): detalhe ja salvo
pulando projeto 4814 (442/4064): detalhe ja salvo
pulando projeto 4813 (443/4064): detalhe ja salvo
pulando projeto 4811 (444/4064): detalhe ja salvo
pulando projeto 4810 (445/4064): detalhe ja salvo
pulando projeto 4809 (446/4064): detalhe ja salvo
pulando projeto 4808 (447/4064): detalhe ja salvo
pulando projeto 4807 (448/4064): detalhe ja salvo
pulando projeto 4806 (449/4064): detalhe ja salvo
pulando projeto 4802 (450/4064): detalhe ja salvo
progresso: 450/4064 (11.1%) | tempo restante estimado: 00:02
pulando projeto 4801 (451/4064): detalhe ja salvo
pulando projeto 4800 (452/4064): detalhe ja salvo
pulando projeto 4799 (453/4064): detalhe ja salvo
pulando projeto 4798 (454/4064): detalhe ja salvo
pulando projeto 4797 (455/4064): detalhe ja salvo
pulando projeto 4796 (456/4064): detalhe ja salvo
pulando projeto 4794 (457/4064): detalhe ja salvo
pulando projeto 4793 (458/4064): detalhe ja salvo
pulando projeto 4792 (459/4064): detalhe ja salvo
pulando projeto 4789 (460/4064): detalhe ja salvo
progresso: 460/4064 (11.3%) | tempo restante estimado: 00:02
pulando projeto 4786 (461/4064): detalhe ja salvo
pulando projeto 4785 (462/4064): detalhe ja salvo
pulando projeto 4784 (463/4064): detalhe ja salvo
pulando projeto 4783 (464/4064): detalhe ja salvo
pulando projeto 4782 (465/4064): detalhe ja salvo
pulando projeto 4781 (466/4064): detalhe ja salvo
pulando projeto 4780 (467/4064): detalhe ja salvo
pulando projeto 4779 (468/4064): detalhe ja salvo
pulando projeto 4778 (469/4064): detalhe ja salvo
pulando projeto 4777 (470/4064): detalhe ja salvo
progresso: 470/4064 (11.6%) | tempo restante estimado: 00:02
pulando projeto 4776 (471/4064): detalhe ja salvo
pulando projeto 4775 (472/4064): detalhe ja salvo
pulando projeto 4774 (473/4064): detalhe ja salvo
pulando projeto 4773 (474/4064): detalhe ja salvo
pulando projeto 4772 (475/4064): detalhe ja salvo
pulando projeto 4771 (476/4064): detalhe ja salvo
pulando projeto 4769 (477/4064): detalhe ja salvo
pulando projeto 4768 (478/4064): detalhe ja salvo
pulando projeto 4767 (479/4064): detalhe ja salvo
pulando projeto 4766 (480/4064): detalhe ja salvo
progresso: 480/4064 (11.8%) | tempo restante estimado: 00:02
pulando projeto 4765 (481/4064): detalhe ja salvo
pulando projeto 4764 (482/4064): detalhe ja salvo
pulando projeto 4763 (483/4064): detalhe ja salvo
pulando projeto 4762 (484/4064): detalhe ja salvo
pulando projeto 4761 (485/4064): detalhe ja salvo
pulando projeto 4760 (486/4064): detalhe ja salvo
pulando projeto 4759 (487/4064): detalhe ja salvo
pulando projeto 4758 (488/4064): detalhe ja salvo
pulando projeto 4757 (489/4064): detalhe ja salvo
pulando projeto 4756 (490/4064): detalhe ja salvo
progresso: 490/4064 (12.1%) | tempo restante estimado: 00:02
pulando projeto 4755 (491/4064): detalhe ja salvo
pulando projeto 4754 (492/4064): detalhe ja salvo
pulando projeto 4753 (493/4064): detalhe ja salvo
pulando projeto 4752 (494/4064): detalhe ja salvo
pulando projeto 4751 (495/4064): detalhe ja salvo
pulando projeto 4750 (496/4064): detalhe ja salvo
pulando projeto 4749 (497/4064): detalhe ja salvo
pulando projeto 4748 (498/4064): detalhe ja salvo
pulando projeto 4747 (499/4064): detalhe ja salvo
pulando projeto 4746 (500/4064): detalhe ja salvo
progresso: 500/4064 (12.3%) | tempo restante estimado: 00:02
pulando projeto 4745 (501/4064): detalhe ja salvo
pulando projeto 4744 (502/4064): detalhe ja salvo
pulando projeto 4743 (503/4064): detalhe ja salvo
pulando projeto 4742 (504/4064): detalhe ja salvo
pulando projeto 4741 (505/4064): detalhe ja salvo
pulando projeto 4740 (506/4064): detalhe ja salvo
pulando projeto 4739 (507/4064): detalhe ja salvo
pulando projeto 4738 (508/4064): detalhe ja salvo
pulando projeto 4737 (509/4064): detalhe ja salvo
pulando projeto 4736 (510/4064): detalhe ja salvo
progresso: 510/4064 (12.5%) | tempo restante estimado: 00:02
pulando projeto 4735 (511/4064): detalhe ja salvo
pulando projeto 4734 (512/4064): detalhe ja salvo
pulando projeto 4733 (513/4064): detalhe ja salvo
pulando projeto 4732 (514/4064): detalhe ja salvo
pulando projeto 4731 (515/4064): detalhe ja salvo
pulando projeto 4730 (516/4064): detalhe ja salvo
pulando projeto 4729 (517/4064): detalhe ja salvo
pulando projeto 4728 (518/4064): detalhe ja salvo
pulando projeto 4727 (519/4064): detalhe ja salvo
pulando projeto 4726 (520/4064): detalhe ja salvo
progresso: 520/4064 (12.8%) | tempo restante estimado: 00:02
pulando projeto 4725 (521/4064): detalhe ja salvo
pulando projeto 4724 (522/4064): detalhe ja salvo
pulando projeto 4723 (523/4064): detalhe ja salvo
pulando projeto 4722 (524/4064): detalhe ja salvo
pulando projeto 4721 (525/4064): detalhe ja salvo
pulando projeto 4720 (526/4064): detalhe ja salvo
pulando projeto 4719 (527/4064): detalhe ja salvo
pulando projeto 4718 (528/4064): detalhe ja salvo
pulando projeto 4717 (529/4064): detalhe ja salvo
pulando projeto 4716 (530/4064): detalhe ja salvo
progresso: 530/4064 (13.0%) | tempo restante estimado: 00:02
pulando projeto 4715 (531/4064): detalhe ja salvo
pulando projeto 4714 (532/4064): detalhe ja salvo
pulando projeto 4713 (533/4064): detalhe ja salvo
pulando projeto 4712 (534/4064): detalhe ja salvo
pulando projeto 4711 (535/4064): detalhe ja salvo
pulando projeto 4710 (536/4064): detalhe ja salvo
pulando projeto 4709 (537/4064): detalhe ja salvo
pulando projeto 4708 (538/4064): detalhe ja salvo
pulando projeto 4707 (539/4064): detalhe ja salvo
pulando projeto 4706 (540/4064): detalhe ja salvo
progresso: 540/4064 (13.3%) | tempo restante estimado: 00:02
pulando projeto 4705 (541/4064): detalhe ja salvo
pulando projeto 4704 (542/4064): detalhe ja salvo
pulando projeto 4703 (543/4064): detalhe ja salvo
pulando projeto 4702 (544/4064): detalhe ja salvo
pulando projeto 4701 (545/4064): detalhe ja salvo
pulando projeto 4700 (546/4064): detalhe ja salvo
pulando projeto 4699 (547/4064): detalhe ja salvo
pulando projeto 4698 (548/4064): detalhe ja salvo
pulando projeto 4697 (549/4064): detalhe ja salvo
pulando projeto 4696 (550/4064): detalhe ja salvo
progresso: 550/4064 (13.5%) | tempo restante estimado: 00:02
pulando projeto 4695 (551/4064): detalhe ja salvo
pulando projeto 4694 (552/4064): detalhe ja salvo
pulando projeto 4693 (553/4064): detalhe ja salvo
pulando projeto 4692 (554/4064): detalhe ja salvo
pulando projeto 4691 (555/4064): detalhe ja salvo
pulando projeto 4690 (556/4064): detalhe ja salvo
pulando projeto 4689 (557/4064): detalhe ja salvo
pulando projeto 4688 (558/4064): detalhe ja salvo
pulando projeto 4687 (559/4064): detalhe ja salvo
pulando projeto 4686 (560/4064): detalhe ja salvo
progresso: 560/4064 (13.8%) | tempo restante estimado: 00:02
pulando projeto 4685 (561/4064): detalhe ja salvo
pulando projeto 4684 (562/4064): detalhe ja salvo
pulando projeto 4683 (563/4064): detalhe ja salvo
pulando projeto 4682 (564/4064): detalhe ja salvo
pulando projeto 4681 (565/4064): detalhe ja salvo
pulando projeto 4680 (566/4064): detalhe ja salvo
pulando projeto 4679 (567/4064): detalhe ja salvo
pulando projeto 4678 (568/4064): detalhe ja salvo
pulando projeto 4677 (569/4064): detalhe ja salvo
pulando projeto 4676 (570/4064): detalhe ja salvo
progresso: 570/4064 (14.0%) | tempo restante estimado: 00:02
pulando projeto 4675 (571/4064): detalhe ja salvo
pulando projeto 4674 (572/4064): detalhe ja salvo
pulando projeto 4673 (573/4064): detalhe ja salvo
pulando projeto 4672 (574/4064): detalhe ja salvo
pulando projeto 4671 (575/4064): detalhe ja salvo
pulando projeto 4670 (576/4064): detalhe ja salvo
pulando projeto 4669 (577/4064): detalhe ja salvo
pulando projeto 4668 (578/4064): detalhe ja salvo
pulando projeto 4667 (579/4064): detalhe ja salvo
pulando projeto 4666 (580/4064): detalhe ja salvo
progresso: 580/4064 (14.3%) | tempo restante estimado: 00:02
pulando projeto 4665 (581/4064): detalhe ja salvo
pulando projeto 4664 (582/4064): detalhe ja salvo
pulando projeto 4663 (583/4064): detalhe ja salvo
pulando projeto 4662 (584/4064): detalhe ja salvo
pulando projeto 4661 (585/4064): detalhe ja salvo
pulando projeto 4660 (586/4064): detalhe ja salvo
pulando projeto 4659 (587/4064): detalhe ja salvo
pulando projeto 4658 (588/4064): detalhe ja salvo
pulando projeto 4657 (589/4064): detalhe ja salvo
pulando projeto 4656 (590/4064): detalhe ja salvo
progresso: 590/4064 (14.5%) | tempo restante estimado: 00:02
pulando projeto 4655 (591/4064): detalhe ja salvo
pulando projeto 4654 (592/4064): detalhe ja salvo
pulando projeto 4653 (593/4064): detalhe ja salvo
pulando projeto 4652 (594/4064): detalhe ja salvo
pulando projeto 4651 (595/4064): detalhe ja salvo
pulando projeto 4650 (596/4064): detalhe ja salvo
pulando projeto 4649 (597/4064): detalhe ja salvo
pulando projeto 4648 (598/4064): detalhe ja salvo
pulando projeto 4647 (599/4064): detalhe ja salvo
pulando projeto 4646 (600/4064): detalhe ja salvo
progresso: 600/4064 (14.8%) | tempo restante estimado: 00:02
pulando projeto 4645 (601/4064): detalhe ja salvo
pulando projeto 4644 (602/4064): detalhe ja salvo
pulando projeto 4643 (603/4064): detalhe ja salvo
pulando projeto 4642 (604/4064): detalhe ja salvo
pulando projeto 4641 (605/4064): detalhe ja salvo
pulando projeto 4640 (606/4064): detalhe ja salvo
pulando projeto 4639 (607/4064): detalhe ja salvo
pulando projeto 4638 (608/4064): detalhe ja salvo
pulando projeto 4637 (609/4064): detalhe ja salvo
pulando projeto 4636 (610/4064): detalhe ja salvo
progresso: 610/4064 (15.0%) | tempo restante estimado: 00:02
pulando projeto 4635 (611/4064): detalhe ja salvo
pulando projeto 4634 (612/4064): detalhe ja salvo
pulando projeto 4633 (613/4064): detalhe ja salvo
pulando projeto 4632 (614/4064): detalhe ja salvo
pulando projeto 4631 (615/4064): detalhe ja salvo
pulando projeto 4630 (616/4064): detalhe ja salvo
pulando projeto 4629 (617/4064): detalhe ja salvo
pulando projeto 4628 (618/4064): detalhe ja salvo
pulando projeto 4627 (619/4064): detalhe ja salvo
pulando projeto 4626 (620/4064): detalhe ja salvo
progresso: 620/4064 (15.3%) | tempo restante estimado: 00:02
pulando projeto 4625 (621/4064): detalhe ja salvo
pulando projeto 4624 (622/4064): detalhe ja salvo
pulando projeto 4623 (623/4064): detalhe ja salvo
pulando projeto 4622 (624/4064): detalhe ja salvo
pulando projeto 4621 (625/4064): detalhe ja salvo
pulando projeto 4620 (626/4064): detalhe ja salvo
pulando projeto 4619 (627/4064): detalhe ja salvo
pulando projeto 4618 (628/4064): detalhe ja salvo
pulando projeto 4617 (629/4064): detalhe ja salvo
pulando projeto 4616 (630/4064): detalhe ja salvo
progresso: 630/4064 (15.5%) | tempo restante estimado: 00:02
pulando projeto 4615 (631/4064): detalhe ja salvo
pulando projeto 4614 (632/4064): detalhe ja salvo
pulando projeto 4613 (633/4064): detalhe ja salvo
pulando projeto 4612 (634/4064): detalhe ja salvo
pulando projeto 4611 (635/4064): detalhe ja salvo
pulando projeto 4610 (636/4064): detalhe ja salvo
pulando projeto 4609 (637/4064): detalhe ja salvo
pulando projeto 4608 (638/4064): detalhe ja salvo
pulando projeto 4607 (639/4064): detalhe ja salvo
pulando projeto 4606 (640/4064): detalhe ja salvo
progresso: 640/4064 (15.7%) | tempo restante estimado: 00:02
pulando projeto 4605 (641/4064): detalhe ja salvo
pulando projeto 4604 (642/4064): detalhe ja salvo
pulando projeto 4603 (643/4064): detalhe ja salvo
pulando projeto 4602 (644/4064): detalhe ja salvo
pulando projeto 4601 (645/4064): detalhe ja salvo
pulando projeto 4600 (646/4064): detalhe ja salvo
pulando projeto 4599 (647/4064): detalhe ja salvo
pulando projeto 4598 (648/4064): detalhe ja salvo
pulando projeto 4597 (649/4064): detalhe ja salvo
pulando projeto 4596 (650/4064): detalhe ja salvo
progresso: 650/4064 (16.0%) | tempo restante estimado: 00:02
pulando projeto 4595 (651/4064): detalhe ja salvo
pulando projeto 4594 (652/4064): detalhe ja salvo
pulando projeto 4593 (653/4064): detalhe ja salvo
pulando projeto 4592 (654/4064): detalhe ja salvo
pulando projeto 4591 (655/4064): detalhe ja salvo
pulando projeto 4590 (656/4064): detalhe ja salvo
pulando projeto 4589 (657/4064): detalhe ja salvo
pulando projeto 4588 (658/4064): detalhe ja salvo
pulando projeto 4587 (659/4064): detalhe ja salvo
pulando projeto 4586 (660/4064): detalhe ja salvo
progresso: 660/4064 (16.2%) | tempo restante estimado: 00:02
pulando projeto 4585 (661/4064): detalhe ja salvo
pulando projeto 4584 (662/4064): detalhe ja salvo
pulando projeto 4583 (663/4064): detalhe ja salvo
pulando projeto 4582 (664/4064): detalhe ja salvo
pulando projeto 4581 (665/4064): detalhe ja salvo
pulando projeto 4580 (666/4064): detalhe ja salvo
pulando projeto 4579 (667/4064): detalhe ja salvo
pulando projeto 4578 (668/4064): detalhe ja salvo
pulando projeto 4577 (669/4064): detalhe ja salvo
pulando projeto 4576 (670/4064): detalhe ja salvo
progresso: 670/4064 (16.5%) | tempo restante estimado: 00:02
pulando projeto 4575 (671/4064): detalhe ja salvo
pulando projeto 4574 (672/4064): detalhe ja salvo
pulando projeto 4573 (673/4064): detalhe ja salvo
pulando projeto 4572 (674/4064): detalhe ja salvo
pulando projeto 4571 (675/4064): detalhe ja salvo
pulando projeto 4570 (676/4064): detalhe ja salvo
pulando projeto 4569 (677/4064): detalhe ja salvo
pulando projeto 4568 (678/4064): detalhe ja salvo
pulando projeto 4567 (679/4064): detalhe ja salvo
pulando projeto 4566 (680/4064): detalhe ja salvo
progresso: 680/4064 (16.7%) | tempo restante estimado: 00:02
pulando projeto 4565 (681/4064): detalhe ja salvo
pulando projeto 4564 (682/4064): detalhe ja salvo
pulando projeto 4563 (683/4064): detalhe ja salvo
pulando projeto 4562 (684/4064): detalhe ja salvo
pulando projeto 4561 (685/4064): detalhe ja salvo
pulando projeto 4560 (686/4064): detalhe ja salvo
pulando projeto 4559 (687/4064): detalhe ja salvo
pulando projeto 4558 (688/4064): detalhe ja salvo
pulando projeto 4557 (689/4064): detalhe ja salvo
pulando projeto 4556 (690/4064): detalhe ja salvo
progresso: 690/4064 (17.0%) | tempo restante estimado: 00:02
pulando projeto 4555 (691/4064): detalhe ja salvo
pulando projeto 4554 (692/4064): detalhe ja salvo
pulando projeto 4553 (693/4064): detalhe ja salvo
pulando projeto 4552 (694/4064): detalhe ja salvo
pulando projeto 4551 (695/4064): detalhe ja salvo
pulando projeto 4550 (696/4064): detalhe ja salvo
pulando projeto 4549 (697/4064): detalhe ja salvo
pulando projeto 4548 (698/4064): detalhe ja salvo
pulando projeto 4547 (699/4064): detalhe ja salvo
pulando projeto 4546 (700/4064): detalhe ja salvo
progresso: 700/4064 (17.2%) | tempo restante estimado: 00:02
pulando projeto 4545 (701/4064): detalhe ja salvo
pulando projeto 4544 (702/4064): detalhe ja salvo
pulando projeto 4543 (703/4064): detalhe ja salvo
pulando projeto 4542 (704/4064): detalhe ja salvo
pulando projeto 4541 (705/4064): detalhe ja salvo
pulando projeto 4540 (706/4064): detalhe ja salvo
pulando projeto 4539 (707/4064): detalhe ja salvo
pulando projeto 4538 (708/4064): detalhe ja salvo
pulando projeto 4537 (709/4064): detalhe ja salvo
pulando projeto 4536 (710/4064): detalhe ja salvo
progresso: 710/4064 (17.5%) | tempo restante estimado: 00:02
pulando projeto 4535 (711/4064): detalhe ja salvo
pulando projeto 4534 (712/4064): detalhe ja salvo
pulando projeto 4533 (713/4064): detalhe ja salvo
pulando projeto 4532 (714/4064): detalhe ja salvo
pulando projeto 4531 (715/4064): detalhe ja salvo
pulando projeto 4530 (716/4064): detalhe ja salvo
pulando projeto 4529 (717/4064): detalhe ja salvo
pulando projeto 4528 (718/4064): detalhe ja salvo
pulando projeto 4527 (719/4064): detalhe ja salvo
pulando projeto 4526 (720/4064): detalhe ja salvo
progresso: 720/4064 (17.7%) | tempo restante estimado: 00:02
pulando projeto 4525 (721/4064): detalhe ja salvo
pulando projeto 4524 (722/4064): detalhe ja salvo
pulando projeto 4523 (723/4064): detalhe ja salvo
pulando projeto 4522 (724/4064): detalhe ja salvo
pulando projeto 4521 (725/4064): detalhe ja salvo
pulando projeto 4520 (726/4064): detalhe ja salvo
pulando projeto 4519 (727/4064): detalhe ja salvo
pulando projeto 4518 (728/4064): detalhe ja salvo
pulando projeto 4517 (729/4064): detalhe ja salvo
pulando projeto 4516 (730/4064): detalhe ja salvo
progresso: 730/4064 (18.0%) | tempo restante estimado: 00:02
pulando projeto 4515 (731/4064): detalhe ja salvo
pulando projeto 4514 (732/4064): detalhe ja salvo
pulando projeto 4513 (733/4064): detalhe ja salvo
pulando projeto 4512 (734/4064): detalhe ja salvo
pulando projeto 4511 (735/4064): detalhe ja salvo
pulando projeto 4510 (736/4064): detalhe ja salvo
pulando projeto 4509 (737/4064): detalhe ja salvo
pulando projeto 4508 (738/4064): detalhe ja salvo
pulando projeto 4507 (739/4064): detalhe ja salvo
pulando projeto 4506 (740/4064): detalhe ja salvo
progresso: 740/4064 (18.2%) | tempo restante estimado: 00:02
pulando projeto 4505 (741/4064): detalhe ja salvo
pulando projeto 4504 (742/4064): detalhe ja salvo
pulando projeto 4503 (743/4064): detalhe ja salvo
pulando projeto 4502 (744/4064): detalhe ja salvo
pulando projeto 4501 (745/4064): detalhe ja salvo
pulando projeto 4500 (746/4064): detalhe ja salvo
pulando projeto 4499 (747/4064): detalhe ja salvo
pulando projeto 4498 (748/4064): detalhe ja salvo
pulando projeto 4497 (749/4064): detalhe ja salvo
pulando projeto 4496 (750/4064): detalhe ja salvo
progresso: 750/4064 (18.5%) | tempo restante estimado: 00:02
pulando projeto 4495 (751/4064): detalhe ja salvo
pulando projeto 4494 (752/4064): detalhe ja salvo
pulando projeto 4493 (753/4064): detalhe ja salvo
pulando projeto 4492 (754/4064): detalhe ja salvo
pulando projeto 4491 (755/4064): detalhe ja salvo
pulando projeto 4490 (756/4064): detalhe ja salvo
pulando projeto 4489 (757/4064): detalhe ja salvo
pulando projeto 4488 (758/4064): detalhe ja salvo
pulando projeto 4487 (759/4064): detalhe ja salvo
pulando projeto 4486 (760/4064): detalhe ja salvo
progresso: 760/4064 (18.7%) | tempo restante estimado: 00:02
pulando projeto 4485 (761/4064): detalhe ja salvo
pulando projeto 4484 (762/4064): detalhe ja salvo
pulando projeto 4483 (763/4064): detalhe ja salvo
pulando projeto 4482 (764/4064): detalhe ja salvo
pulando projeto 4481 (765/4064): detalhe ja salvo
pulando projeto 4480 (766/4064): detalhe ja salvo
pulando projeto 4479 (767/4064): detalhe ja salvo
pulando projeto 4478 (768/4064): detalhe ja salvo
pulando projeto 4477 (769/4064): detalhe ja salvo
pulando projeto 4476 (770/4064): detalhe ja salvo
progresso: 770/4064 (18.9%) | tempo restante estimado: 00:02
pulando projeto 4475 (771/4064): detalhe ja salvo
pulando projeto 4474 (772/4064): detalhe ja salvo
pulando projeto 4473 (773/4064): detalhe ja salvo
pulando projeto 4472 (774/4064): detalhe ja salvo
pulando projeto 4471 (775/4064): detalhe ja salvo
pulando projeto 4470 (776/4064): detalhe ja salvo
pulando projeto 4469 (777/4064): detalhe ja salvo
pulando projeto 4468 (778/4064): detalhe ja salvo
pulando projeto 4467 (779/4064): detalhe ja salvo
pulando projeto 4466 (780/4064): detalhe ja salvo
progresso: 780/4064 (19.2%) | tempo restante estimado: 00:02
pulando projeto 4465 (781/4064): detalhe ja salvo
pulando projeto 4464 (782/4064): detalhe ja salvo
pulando projeto 4463 (783/4064): detalhe ja salvo
pulando projeto 4462 (784/4064): detalhe ja salvo
pulando projeto 4461 (785/4064): detalhe ja salvo
pulando projeto 4460 (786/4064): detalhe ja salvo
pulando projeto 4459 (787/4064): detalhe ja salvo
pulando projeto 4458 (788/4064): detalhe ja salvo
pulando projeto 4457 (789/4064): detalhe ja salvo
pulando projeto 4456 (790/4064): detalhe ja salvo
progresso: 790/4064 (19.4%) | tempo restante estimado: 00:02
pulando projeto 4455 (791/4064): detalhe ja salvo
pulando projeto 4454 (792/4064): detalhe ja salvo
pulando projeto 4453 (793/4064): detalhe ja salvo
pulando projeto 4452 (794/4064): detalhe ja salvo
pulando projeto 4451 (795/4064): detalhe ja salvo
pulando projeto 4450 (796/4064): detalhe ja salvo
pulando projeto 4449 (797/4064): detalhe ja salvo
pulando projeto 4448 (798/4064): detalhe ja salvo
pulando projeto 4447 (799/4064): detalhe ja salvo
pulando projeto 4446 (800/4064): detalhe ja salvo
progresso: 800/4064 (19.7%) | tempo restante estimado: 00:02
pulando projeto 4445 (801/4064): detalhe ja salvo
pulando projeto 4444 (802/4064): detalhe ja salvo
pulando projeto 4443 (803/4064): detalhe ja salvo
pulando projeto 4442 (804/4064): detalhe ja salvo
pulando projeto 4441 (805/4064): detalhe ja salvo
pulando projeto 4440 (806/4064): detalhe ja salvo
pulando projeto 4439 (807/4064): detalhe ja salvo
pulando projeto 4438 (808/4064): detalhe ja salvo
pulando projeto 4437 (809/4064): detalhe ja salvo
pulando projeto 4436 (810/4064): detalhe ja salvo
progresso: 810/4064 (19.9%) | tempo restante estimado: 00:02
pulando projeto 4435 (811/4064): detalhe ja salvo
pulando projeto 4434 (812/4064): detalhe ja salvo
pulando projeto 4433 (813/4064): detalhe ja salvo
pulando projeto 4432 (814/4064): detalhe ja salvo
pulando projeto 4431 (815/4064): detalhe ja salvo
pulando projeto 4430 (816/4064): detalhe ja salvo
pulando projeto 4429 (817/4064): detalhe ja salvo
pulando projeto 4428 (818/4064): detalhe ja salvo
pulando projeto 4427 (819/4064): detalhe ja salvo
pulando projeto 4426 (820/4064): detalhe ja salvo
progresso: 820/4064 (20.2%) | tempo restante estimado: 00:02
pulando projeto 4425 (821/4064): detalhe ja salvo
pulando projeto 4424 (822/4064): detalhe ja salvo
pulando projeto 4423 (823/4064): detalhe ja salvo
pulando projeto 4422 (824/4064): detalhe ja salvo
pulando projeto 4421 (825/4064): detalhe ja salvo
pulando projeto 4420 (826/4064): detalhe ja salvo
pulando projeto 4419 (827/4064): detalhe ja salvo
pulando projeto 4418 (828/4064): detalhe ja salvo
pulando projeto 4417 (829/4064): detalhe ja salvo
pulando projeto 4416 (830/4064): detalhe ja salvo
progresso: 830/4064 (20.4%) | tempo restante estimado: 00:02
pulando projeto 4415 (831/4064): detalhe ja salvo
pulando projeto 4414 (832/4064): detalhe ja salvo
pulando projeto 4413 (833/4064): detalhe ja salvo
pulando projeto 4412 (834/4064): detalhe ja salvo
pulando projeto 4411 (835/4064): detalhe ja salvo
pulando projeto 4410 (836/4064): detalhe ja salvo
pulando projeto 4409 (837/4064): detalhe ja salvo
pulando projeto 4408 (838/4064): detalhe ja salvo
pulando projeto 4407 (839/4064): detalhe ja salvo
pulando projeto 4406 (840/4064): detalhe ja salvo
progresso: 840/4064 (20.7%) | tempo restante estimado: 00:02
pulando projeto 4405 (841/4064): detalhe ja salvo
pulando projeto 4404 (842/4064): detalhe ja salvo
pulando projeto 4403 (843/4064): detalhe ja salvo
pulando projeto 4402 (844/4064): detalhe ja salvo
pulando projeto 4401 (845/4064): detalhe ja salvo
pulando projeto 4400 (846/4064): detalhe ja salvo
pulando projeto 4399 (847/4064): detalhe ja salvo
pulando projeto 4398 (848/4064): detalhe ja salvo
pulando projeto 4397 (849/4064): detalhe ja salvo
pulando projeto 4396 (850/4064): detalhe ja salvo
progresso: 850/4064 (20.9%) | tempo restante estimado: 00:02
pulando projeto 4395 (851/4064): detalhe ja salvo
pulando projeto 4394 (852/4064): detalhe ja salvo
pulando projeto 4393 (853/4064): detalhe ja salvo
pulando projeto 4392 (854/4064): detalhe ja salvo
pulando projeto 4391 (855/4064): detalhe ja salvo
pulando projeto 4390 (856/4064): detalhe ja salvo
pulando projeto 4389 (857/4064): detalhe ja salvo
pulando projeto 4388 (858/4064): detalhe ja salvo
pulando projeto 4387 (859/4064): detalhe ja salvo
pulando projeto 4386 (860/4064): detalhe ja salvo
progresso: 860/4064 (21.2%) | tempo restante estimado: 00:02
pulando projeto 4385 (861/4064): detalhe ja salvo
pulando projeto 4384 (862/4064): detalhe ja salvo
pulando projeto 4383 (863/4064): detalhe ja salvo
pulando projeto 4382 (864/4064): detalhe ja salvo
pulando projeto 4381 (865/4064): detalhe ja salvo
pulando projeto 4380 (866/4064): detalhe ja salvo
pulando projeto 4379 (867/4064): detalhe ja salvo
pulando projeto 4378 (868/4064): detalhe ja salvo
pulando projeto 4377 (869/4064): detalhe ja salvo
pulando projeto 4376 (870/4064): detalhe ja salvo
progresso: 870/4064 (21.4%) | tempo restante estimado: 00:02
pulando projeto 4375 (871/4064): detalhe ja salvo
pulando projeto 4374 (872/4064): detalhe ja salvo
pulando projeto 4373 (873/4064): detalhe ja salvo
pulando projeto 4372 (874/4064): detalhe ja salvo
pulando projeto 4371 (875/4064): detalhe ja salvo
pulando projeto 4370 (876/4064): detalhe ja salvo
pulando projeto 4369 (877/4064): detalhe ja salvo
pulando projeto 4368 (878/4064): detalhe ja salvo
pulando projeto 4367 (879/4064): detalhe ja salvo
pulando projeto 4366 (880/4064): detalhe ja salvo
progresso: 880/4064 (21.7%) | tempo restante estimado: 00:02
pulando projeto 4365 (881/4064): detalhe ja salvo
pulando projeto 4364 (882/4064): detalhe ja salvo
pulando projeto 4363 (883/4064): detalhe ja salvo
pulando projeto 4362 (884/4064): detalhe ja salvo
pulando projeto 4361 (885/4064): detalhe ja salvo
pulando projeto 4360 (886/4064): detalhe ja salvo
pulando projeto 4359 (887/4064): detalhe ja salvo
pulando projeto 4358 (888/4064): detalhe ja salvo
pulando projeto 4357 (889/4064): detalhe ja salvo
pulando projeto 4356 (890/4064): detalhe ja salvo
progresso: 890/4064 (21.9%) | tempo restante estimado: 00:02
pulando projeto 4355 (891/4064): detalhe ja salvo
pulando projeto 4354 (892/4064): detalhe ja salvo
pulando projeto 4353 (893/4064): detalhe ja salvo
pulando projeto 4352 (894/4064): detalhe ja salvo
pulando projeto 4351 (895/4064): detalhe ja salvo
pulando projeto 4350 (896/4064): detalhe ja salvo
pulando projeto 4349 (897/4064): detalhe ja salvo
pulando projeto 4348 (898/4064): detalhe ja salvo
pulando projeto 4347 (899/4064): detalhe ja salvo
pulando projeto 4346 (900/4064): detalhe ja salvo
progresso: 900/4064 (22.1%) | tempo restante estimado: 00:02
pulando projeto 4345 (901/4064): detalhe ja salvo
pulando projeto 4344 (902/4064): detalhe ja salvo
pulando projeto 4343 (903/4064): detalhe ja salvo
pulando projeto 4342 (904/4064): detalhe ja salvo
pulando projeto 4341 (905/4064): detalhe ja salvo
pulando projeto 4340 (906/4064): detalhe ja salvo
pulando projeto 4339 (907/4064): detalhe ja salvo
pulando projeto 4338 (908/4064): detalhe ja salvo
pulando projeto 4337 (909/4064): detalhe ja salvo
pulando projeto 4336 (910/4064): detalhe ja salvo
progresso: 910/4064 (22.4%) | tempo restante estimado: 00:02
pulando projeto 4335 (911/4064): detalhe ja salvo
pulando projeto 4334 (912/4064): detalhe ja salvo
pulando projeto 4333 (913/4064): detalhe ja salvo
pulando projeto 4332 (914/4064): detalhe ja salvo
pulando projeto 4331 (915/4064): detalhe ja salvo
pulando projeto 4330 (916/4064): detalhe ja salvo
pulando projeto 4329 (917/4064): detalhe ja salvo
pulando projeto 4328 (918/4064): detalhe ja salvo
pulando projeto 4327 (919/4064): detalhe ja salvo
pulando projeto 4326 (920/4064): detalhe ja salvo
progresso: 920/4064 (22.6%) | tempo restante estimado: 00:02
pulando projeto 4325 (921/4064): detalhe ja salvo
pulando projeto 4324 (922/4064): detalhe ja salvo
pulando projeto 4323 (923/4064): detalhe ja salvo
pulando projeto 4322 (924/4064): detalhe ja salvo
pulando projeto 4321 (925/4064): detalhe ja salvo
pulando projeto 4320 (926/4064): detalhe ja salvo
pulando projeto 4319 (927/4064): detalhe ja salvo
pulando projeto 4318 (928/4064): detalhe ja salvo
pulando projeto 4317 (929/4064): detalhe ja salvo
pulando projeto 4316 (930/4064): detalhe ja salvo
progresso: 930/4064 (22.9%) | tempo restante estimado: 00:02
pulando projeto 4315 (931/4064): detalhe ja salvo
pulando projeto 4314 (932/4064): detalhe ja salvo
pulando projeto 4313 (933/4064): detalhe ja salvo
pulando projeto 4312 (934/4064): detalhe ja salvo
pulando projeto 4311 (935/4064): detalhe ja salvo
pulando projeto 4310 (936/4064): detalhe ja salvo
pulando projeto 4309 (937/4064): detalhe ja salvo
pulando projeto 4308 (938/4064): detalhe ja salvo
pulando projeto 4307 (939/4064): detalhe ja salvo
pulando projeto 4306 (940/4064): detalhe ja salvo
progresso: 940/4064 (23.1%) | tempo restante estimado: 00:02
pulando projeto 4305 (941/4064): detalhe ja salvo
pulando projeto 4304 (942/4064): detalhe ja salvo
pulando projeto 4303 (943/4064): detalhe ja salvo
pulando projeto 4302 (944/4064): detalhe ja salvo
pulando projeto 4301 (945/4064): detalhe ja salvo
pulando projeto 4300 (946/4064): detalhe ja salvo
pulando projeto 4299 (947/4064): detalhe ja salvo
pulando projeto 4298 (948/4064): detalhe ja salvo
pulando projeto 4297 (949/4064): detalhe ja salvo
pulando projeto 4296 (950/4064): detalhe ja salvo
progresso: 950/4064 (23.4%) | tempo restante estimado: 00:02
pulando projeto 4295 (951/4064): detalhe ja salvo
pulando projeto 4294 (952/4064): detalhe ja salvo
pulando projeto 4293 (953/4064): detalhe ja salvo
pulando projeto 4292 (954/4064): detalhe ja salvo
pulando projeto 4291 (955/4064): detalhe ja salvo
pulando projeto 4290 (956/4064): detalhe ja salvo
pulando projeto 4289 (957/4064): detalhe ja salvo
pulando projeto 4288 (958/4064): detalhe ja salvo
pulando projeto 4287 (959/4064): detalhe ja salvo
pulando projeto 4286 (960/4064): detalhe ja salvo
progresso: 960/4064 (23.6%) | tempo restante estimado: 00:02
pulando projeto 4285 (961/4064): detalhe ja salvo
pulando projeto 4284 (962/4064): detalhe ja salvo
pulando projeto 4283 (963/4064): detalhe ja salvo
pulando projeto 4282 (964/4064): detalhe ja salvo
pulando projeto 4281 (965/4064): detalhe ja salvo
pulando projeto 4280 (966/4064): detalhe ja salvo
pulando projeto 4279 (967/4064): detalhe ja salvo
pulando projeto 4278 (968/4064): detalhe ja salvo
pulando projeto 4277 (969/4064): detalhe ja salvo
pulando projeto 4276 (970/4064): detalhe ja salvo
progresso: 970/4064 (23.9%) | tempo restante estimado: 00:02
pulando projeto 4275 (971/4064): detalhe ja salvo
pulando projeto 4274 (972/4064): detalhe ja salvo
pulando projeto 4273 (973/4064): detalhe ja salvo
pulando projeto 4272 (974/4064): detalhe ja salvo
pulando projeto 4271 (975/4064): detalhe ja salvo
pulando projeto 4270 (976/4064): detalhe ja salvo
pulando projeto 4269 (977/4064): detalhe ja salvo
pulando projeto 4268 (978/4064): detalhe ja salvo
pulando projeto 4267 (979/4064): detalhe ja salvo
pulando projeto 4266 (980/4064): detalhe ja salvo
progresso: 980/4064 (24.1%) | tempo restante estimado: 00:02
pulando projeto 4265 (981/4064): detalhe ja salvo
pulando projeto 4264 (982/4064): detalhe ja salvo
pulando projeto 4263 (983/4064): detalhe ja salvo
pulando projeto 4262 (984/4064): detalhe ja salvo
pulando projeto 4261 (985/4064): detalhe ja salvo
pulando projeto 4260 (986/4064): detalhe ja salvo
pulando projeto 4259 (987/4064): detalhe ja salvo
pulando projeto 4258 (988/4064): detalhe ja salvo
pulando projeto 4257 (989/4064): detalhe ja salvo
pulando projeto 4256 (990/4064): detalhe ja salvo
progresso: 990/4064 (24.4%) | tempo restante estimado: 00:02
pulando projeto 4255 (991/4064): detalhe ja salvo
pulando projeto 4254 (992/4064): detalhe ja salvo
pulando projeto 4253 (993/4064): detalhe ja salvo
pulando projeto 4252 (994/4064): detalhe ja salvo
pulando projeto 4251 (995/4064): detalhe ja salvo
pulando projeto 4250 (996/4064): detalhe ja salvo
pulando projeto 4249 (997/4064): detalhe ja salvo
pulando projeto 4248 (998/4064): detalhe ja salvo
pulando projeto 4247 (999/4064): detalhe ja salvo
pulando projeto 4246 (1000/4064): detalhe ja salvo
progresso: 1000/4064 (24.6%) | tempo restante estimado: 00:02
pulando projeto 4245 (1001/4064): detalhe ja salvo
pulando projeto 4244 (1002/4064): detalhe ja salvo
pulando projeto 4243 (1003/4064): detalhe ja salvo
pulando projeto 4242 (1004/4064): detalhe ja salvo
pulando projeto 4241 (1005/4064): detalhe ja salvo
pulando projeto 4240 (1006/4064): detalhe ja salvo
pulando projeto 4239 (1007/4064): detalhe ja salvo
pulando projeto 4238 (1008/4064): detalhe ja salvo
pulando projeto 4237 (1009/4064): detalhe ja salvo
pulando projeto 4236 (1010/4064): detalhe ja salvo
progresso: 1010/4064 (24.9%) | tempo restante estimado: 00:02
pulando projeto 4235 (1011/4064): detalhe ja salvo
pulando projeto 4234 (1012/4064): detalhe ja salvo
pulando projeto 4233 (1013/4064): detalhe ja salvo
pulando projeto 4232 (1014/4064): detalhe ja salvo
pulando projeto 4231 (1015/4064): detalhe ja salvo
pulando projeto 4230 (1016/4064): detalhe ja salvo
pulando projeto 4229 (1017/4064): detalhe ja salvo
pulando projeto 4228 (1018/4064): detalhe ja salvo
pulando projeto 4227 (1019/4064): detalhe ja salvo
pulando projeto 4226 (1020/4064): detalhe ja salvo
progresso: 1020/4064 (25.1%) | tempo restante estimado: 00:02
pulando projeto 4225 (1021/4064): detalhe ja salvo
pulando projeto 4224 (1022/4064): detalhe ja salvo
pulando projeto 4223 (1023/4064): detalhe ja salvo
pulando projeto 4222 (1024/4064): detalhe ja salvo
pulando projeto 4221 (1025/4064): detalhe ja salvo
pulando projeto 4220 (1026/4064): detalhe ja salvo
pulando projeto 4219 (1027/4064): detalhe ja salvo
pulando projeto 4218 (1028/4064): detalhe ja salvo
pulando projeto 4217 (1029/4064): detalhe ja salvo
pulando projeto 4216 (1030/4064): detalhe ja salvo
progresso: 1030/4064 (25.3%) | tempo restante estimado: 00:02
pulando projeto 4215 (1031/4064): detalhe ja salvo
pulando projeto 4214 (1032/4064): detalhe ja salvo
pulando projeto 4213 (1033/4064): detalhe ja salvo
pulando projeto 4212 (1034/4064): detalhe ja salvo
pulando projeto 4211 (1035/4064): detalhe ja salvo
pulando projeto 4210 (1036/4064): detalhe ja salvo
pulando projeto 4209 (1037/4064): detalhe ja salvo
pulando projeto 4208 (1038/4064): detalhe ja salvo
pulando projeto 4207 (1039/4064): detalhe ja salvo
pulando projeto 4206 (1040/4064): detalhe ja salvo
progresso: 1040/4064 (25.6%) | tempo restante estimado: 00:02
pulando projeto 4205 (1041/4064): detalhe ja salvo
pulando projeto 4204 (1042/4064): detalhe ja salvo
pulando projeto 4203 (1043/4064): detalhe ja salvo
pulando projeto 4202 (1044/4064): detalhe ja salvo
pulando projeto 4201 (1045/4064): detalhe ja salvo
pulando projeto 4200 (1046/4064): detalhe ja salvo
pulando projeto 4199 (1047/4064): detalhe ja salvo
pulando projeto 4198 (1048/4064): detalhe ja salvo
pulando projeto 4197 (1049/4064): detalhe ja salvo
pulando projeto 4196 (1050/4064): detalhe ja salvo
progresso: 1050/4064 (25.8%) | tempo restante estimado: 00:02
pulando projeto 4195 (1051/4064): detalhe ja salvo
pulando projeto 4194 (1052/4064): detalhe ja salvo
pulando projeto 4193 (1053/4064): detalhe ja salvo
pulando projeto 4192 (1054/4064): detalhe ja salvo
pulando projeto 4191 (1055/4064): detalhe ja salvo
pulando projeto 4190 (1056/4064): detalhe ja salvo
pulando projeto 4189 (1057/4064): detalhe ja salvo
pulando projeto 4188 (1058/4064): detalhe ja salvo
pulando projeto 4187 (1059/4064): detalhe ja salvo
pulando projeto 4186 (1060/4064): detalhe ja salvo
progresso: 1060/4064 (26.1%) | tempo restante estimado: 00:02
pulando projeto 4185 (1061/4064): detalhe ja salvo
pulando projeto 4184 (1062/4064): detalhe ja salvo
pulando projeto 4183 (1063/4064): detalhe ja salvo
pulando projeto 4182 (1064/4064): detalhe ja salvo
pulando projeto 4181 (1065/4064): detalhe ja salvo
pulando projeto 4180 (1066/4064): detalhe ja salvo
pulando projeto 4179 (1067/4064): detalhe ja salvo
pulando projeto 4178 (1068/4064): detalhe ja salvo
pulando projeto 4177 (1069/4064): detalhe ja salvo
pulando projeto 4176 (1070/4064): detalhe ja salvo
progresso: 1070/4064 (26.3%) | tempo restante estimado: 00:02
pulando projeto 4175 (1071/4064): detalhe ja salvo
pulando projeto 4174 (1072/4064): detalhe ja salvo
pulando projeto 4173 (1073/4064): detalhe ja salvo
pulando projeto 4172 (1074/4064): detalhe ja salvo
pulando projeto 4171 (1075/4064): detalhe ja salvo
pulando projeto 4170 (1076/4064): detalhe ja salvo
pulando projeto 4169 (1077/4064): detalhe ja salvo
pulando projeto 4168 (1078/4064): detalhe ja salvo
pulando projeto 4167 (1079/4064): detalhe ja salvo
pulando projeto 4166 (1080/4064): detalhe ja salvo
progresso: 1080/4064 (26.6%) | tempo restante estimado: 00:02
pulando projeto 4165 (1081/4064): detalhe ja salvo
pulando projeto 4164 (1082/4064): detalhe ja salvo
pulando projeto 4163 (1083/4064): detalhe ja salvo
pulando projeto 4162 (1084/4064): detalhe ja salvo
pulando projeto 4161 (1085/4064): detalhe ja salvo
pulando projeto 4160 (1086/4064): detalhe ja salvo
pulando projeto 4159 (1087/4064): detalhe ja salvo
pulando projeto 4158 (1088/4064): detalhe ja salvo
pulando projeto 4157 (1089/4064): detalhe ja salvo
pulando projeto 4156 (1090/4064): detalhe ja salvo
progresso: 1090/4064 (26.8%) | tempo restante estimado: 00:02
pulando projeto 4155 (1091/4064): detalhe ja salvo
pulando projeto 4154 (1092/4064): detalhe ja salvo
pulando projeto 4153 (1093/4064): detalhe ja salvo
pulando projeto 4152 (1094/4064): detalhe ja salvo
pulando projeto 4151 (1095/4064): detalhe ja salvo
pulando projeto 4150 (1096/4064): detalhe ja salvo
pulando projeto 4149 (1097/4064): detalhe ja salvo
pulando projeto 4148 (1098/4064): detalhe ja salvo
pulando projeto 4147 (1099/4064): detalhe ja salvo
pulando projeto 4146 (1100/4064): detalhe ja salvo
progresso: 1100/4064 (27.1%) | tempo restante estimado: 00:02
pulando projeto 4145 (1101/4064): detalhe ja salvo
pulando projeto 4144 (1102/4064): detalhe ja salvo
pulando projeto 4143 (1103/4064): detalhe ja salvo
pulando projeto 4142 (1104/4064): detalhe ja salvo
pulando projeto 4141 (1105/4064): detalhe ja salvo
pulando projeto 4140 (1106/4064): detalhe ja salvo
pulando projeto 4139 (1107/4064): detalhe ja salvo
pulando projeto 4138 (1108/4064): detalhe ja salvo
pulando projeto 4137 (1109/4064): detalhe ja salvo
pulando projeto 4136 (1110/4064): detalhe ja salvo
progresso: 1110/4064 (27.3%) | tempo restante estimado: 00:02
pulando projeto 4135 (1111/4064): detalhe ja salvo
pulando projeto 4134 (1112/4064): detalhe ja salvo
pulando projeto 4133 (1113/4064): detalhe ja salvo
pulando projeto 4132 (1114/4064): detalhe ja salvo
pulando projeto 4131 (1115/4064): detalhe ja salvo
pulando projeto 4130 (1116/4064): detalhe ja salvo
pulando projeto 4129 (1117/4064): detalhe ja salvo
pulando projeto 4128 (1118/4064): detalhe ja salvo
pulando projeto 4127 (1119/4064): detalhe ja salvo
pulando projeto 4126 (1120/4064): detalhe ja salvo
progresso: 1120/4064 (27.6%) | tempo restante estimado: 00:02
pulando projeto 4125 (1121/4064): detalhe ja salvo
pulando projeto 4124 (1122/4064): detalhe ja salvo
pulando projeto 4123 (1123/4064): detalhe ja salvo
pulando projeto 4122 (1124/4064): detalhe ja salvo
pulando projeto 4121 (1125/4064): detalhe ja salvo
pulando projeto 4120 (1126/4064): detalhe ja salvo
pulando projeto 4119 (1127/4064): detalhe ja salvo
pulando projeto 4118 (1128/4064): detalhe ja salvo
pulando projeto 4117 (1129/4064): detalhe ja salvo
pulando projeto 4116 (1130/4064): detalhe ja salvo
progresso: 1130/4064 (27.8%) | tempo restante estimado: 00:02
pulando projeto 4115 (1131/4064): detalhe ja salvo
pulando projeto 4114 (1132/4064): detalhe ja salvo
pulando projeto 4113 (1133/4064): detalhe ja salvo
pulando projeto 4112 (1134/4064): detalhe ja salvo
pulando projeto 4111 (1135/4064): detalhe ja salvo
pulando projeto 4110 (1136/4064): detalhe ja salvo
pulando projeto 4109 (1137/4064): detalhe ja salvo
pulando projeto 4108 (1138/4064): detalhe ja salvo
pulando projeto 4107 (1139/4064): detalhe ja salvo
pulando projeto 4106 (1140/4064): detalhe ja salvo
progresso: 1140/4064 (28.1%) | tempo restante estimado: 00:02
pulando projeto 4105 (1141/4064): detalhe ja salvo
pulando projeto 4104 (1142/4064): detalhe ja salvo
pulando projeto 4103 (1143/4064): detalhe ja salvo
pulando projeto 4102 (1144/4064): detalhe ja salvo
pulando projeto 4101 (1145/4064): detalhe ja salvo
pulando projeto 4100 (1146/4064): detalhe ja salvo
pulando projeto 4099 (1147/4064): detalhe ja salvo
pulando projeto 4098 (1148/4064): detalhe ja salvo
pulando projeto 4097 (1149/4064): detalhe ja salvo
pulando projeto 4096 (1150/4064): detalhe ja salvo
progresso: 1150/4064 (28.3%) | tempo restante estimado: 00:02
pulando projeto 4095 (1151/4064): detalhe ja salvo
pulando projeto 4094 (1152/4064): detalhe ja salvo
pulando projeto 4093 (1153/4064): detalhe ja salvo
pulando projeto 4092 (1154/4064): detalhe ja salvo
pulando projeto 4091 (1155/4064): detalhe ja salvo
pulando projeto 4090 (1156/4064): detalhe ja salvo
pulando projeto 4089 (1157/4064): detalhe ja salvo
pulando projeto 4088 (1158/4064): detalhe ja salvo
pulando projeto 4087 (1159/4064): detalhe ja salvo
pulando projeto 4086 (1160/4064): detalhe ja salvo
progresso: 1160/4064 (28.5%) | tempo restante estimado: 00:02
pulando projeto 4085 (1161/4064): detalhe ja salvo
pulando projeto 4084 (1162/4064): detalhe ja salvo
pulando projeto 4083 (1163/4064): detalhe ja salvo
pulando projeto 4082 (1164/4064): detalhe ja salvo
pulando projeto 4081 (1165/4064): detalhe ja salvo
pulando projeto 4080 (1166/4064): detalhe ja salvo
pulando projeto 4079 (1167/4064): detalhe ja salvo
pulando projeto 4078 (1168/4064): detalhe ja salvo
pulando projeto 4077 (1169/4064): detalhe ja salvo
pulando projeto 4076 (1170/4064): detalhe ja salvo
progresso: 1170/4064 (28.8%) | tempo restante estimado: 00:02
pulando projeto 4075 (1171/4064): detalhe ja salvo
pulando projeto 4074 (1172/4064): detalhe ja salvo
pulando projeto 4073 (1173/4064): detalhe ja salvo
pulando projeto 4072 (1174/4064): detalhe ja salvo
pulando projeto 4071 (1175/4064): detalhe ja salvo
pulando projeto 4070 (1176/4064): detalhe ja salvo
pulando projeto 4069 (1177/4064): detalhe ja salvo
pulando projeto 4068 (1178/4064): detalhe ja salvo
pulando projeto 4067 (1179/4064): detalhe ja salvo
pulando projeto 4066 (1180/4064): detalhe ja salvo
progresso: 1180/4064 (29.0%) | tempo restante estimado: 00:02
pulando projeto 4065 (1181/4064): detalhe ja salvo
pulando projeto 4064 (1182/4064): detalhe ja salvo
pulando projeto 4063 (1183/4064): detalhe ja salvo
pulando projeto 4062 (1184/4064): detalhe ja salvo
pulando projeto 4061 (1185/4064): detalhe ja salvo
pulando projeto 4060 (1186/4064): detalhe ja salvo
pulando projeto 4059 (1187/4064): detalhe ja salvo
pulando projeto 4058 (1188/4064): detalhe ja salvo
pulando projeto 4057 (1189/4064): detalhe ja salvo
pulando projeto 4056 (1190/4064): detalhe ja salvo
progresso: 1190/4064 (29.3%) | tempo restante estimado: 00:02
pulando projeto 4055 (1191/4064): detalhe ja salvo
pulando projeto 4054 (1192/4064): detalhe ja salvo
pulando projeto 4053 (1193/4064): detalhe ja salvo
pulando projeto 4052 (1194/4064): detalhe ja salvo
pulando projeto 4051 (1195/4064): detalhe ja salvo
pulando projeto 4050 (1196/4064): detalhe ja salvo
pulando projeto 4049 (1197/4064): detalhe ja salvo
pulando projeto 4048 (1198/4064): detalhe ja salvo
pulando projeto 4047 (1199/4064): detalhe ja salvo
pulando projeto 4046 (1200/4064): detalhe ja salvo
progresso: 1200/4064 (29.5%) | tempo restante estimado: 00:02
pulando projeto 4045 (1201/4064): detalhe ja salvo
pulando projeto 4044 (1202/4064): detalhe ja salvo
pulando projeto 4043 (1203/4064): detalhe ja salvo
pulando projeto 4042 (1204/4064): detalhe ja salvo
pulando projeto 4041 (1205/4064): detalhe ja salvo
pulando projeto 4040 (1206/4064): detalhe ja salvo
pulando projeto 4039 (1207/4064): detalhe ja salvo
pulando projeto 4038 (1208/4064): detalhe ja salvo
pulando projeto 4037 (1209/4064): detalhe ja salvo
pulando projeto 4010 (1210/4064): detalhe ja salvo
progresso: 1210/4064 (29.8%) | tempo restante estimado: 00:02
pulando projeto 4009 (1211/4064): detalhe ja salvo
pulando projeto 4008 (1212/4064): detalhe ja salvo
pulando projeto 4007 (1213/4064): detalhe ja salvo
pulando projeto 4006 (1214/4064): detalhe ja salvo
pulando projeto 4005 (1215/4064): detalhe ja salvo
pulando projeto 4004 (1216/4064): detalhe ja salvo
pulando projeto 4003 (1217/4064): detalhe ja salvo
pulando projeto 4002 (1218/4064): detalhe ja salvo
pulando projeto 4001 (1219/4064): detalhe ja salvo
pulando projeto 4000 (1220/4064): detalhe ja salvo
progresso: 1220/4064 (30.0%) | tempo restante estimado: 00:02
pulando projeto 3999 (1221/4064): detalhe ja salvo
pulando projeto 3998 (1222/4064): detalhe ja salvo
pulando projeto 3997 (1223/4064): detalhe ja salvo
pulando projeto 3996 (1224/4064): detalhe ja salvo
pulando projeto 3995 (1225/4064): detalhe ja salvo
pulando projeto 3994 (1226/4064): detalhe ja salvo
pulando projeto 3993 (1227/4064): detalhe ja salvo
pulando projeto 3992 (1228/4064): detalhe ja salvo
pulando projeto 3991 (1229/4064): detalhe ja salvo
pulando projeto 3990 (1230/4064): detalhe ja salvo
progresso: 1230/4064 (30.3%) | tempo restante estimado: 00:02
pulando projeto 3989 (1231/4064): detalhe ja salvo
pulando projeto 3988 (1232/4064): detalhe ja salvo
pulando projeto 3987 (1233/4064): detalhe ja salvo
pulando projeto 3986 (1234/4064): detalhe ja salvo
pulando projeto 3985 (1235/4064): detalhe ja salvo
pulando projeto 3984 (1236/4064): detalhe ja salvo
pulando projeto 3983 (1237/4064): detalhe ja salvo
pulando projeto 3982 (1238/4064): detalhe ja salvo
pulando projeto 3981 (1239/4064): detalhe ja salvo
pulando projeto 3980 (1240/4064): detalhe ja salvo
progresso: 1240/4064 (30.5%) | tempo restante estimado: 00:02
pulando projeto 3979 (1241/4064): detalhe ja salvo
pulando projeto 3978 (1242/4064): detalhe ja salvo
pulando projeto 3977 (1243/4064): detalhe ja salvo
pulando projeto 3976 (1244/4064): detalhe ja salvo
pulando projeto 3975 (1245/4064): detalhe ja salvo
pulando projeto 3974 (1246/4064): detalhe ja salvo
pulando projeto 3973 (1247/4064): detalhe ja salvo
pulando projeto 3972 (1248/4064): detalhe ja salvo
pulando projeto 3971 (1249/4064): detalhe ja salvo
pulando projeto 3970 (1250/4064): detalhe ja salvo
progresso: 1250/4064 (30.8%) | tempo restante estimado: 00:02
pulando projeto 3969 (1251/4064): detalhe ja salvo
pulando projeto 3968 (1252/4064): detalhe ja salvo
pulando projeto 3967 (1253/4064): detalhe ja salvo
pulando projeto 3966 (1254/4064): detalhe ja salvo
pulando projeto 3965 (1255/4064): detalhe ja salvo
pulando projeto 3964 (1256/4064): detalhe ja salvo
pulando projeto 3963 (1257/4064): detalhe ja salvo
pulando projeto 3962 (1258/4064): detalhe ja salvo
pulando projeto 3961 (1259/4064): detalhe ja salvo
pulando projeto 3960 (1260/4064): detalhe ja salvo
progresso: 1260/4064 (31.0%) | tempo restante estimado: 00:01
pulando projeto 3959 (1261/4064): detalhe ja salvo
pulando projeto 3958 (1262/4064): detalhe ja salvo
pulando projeto 3957 (1263/4064): detalhe ja salvo
pulando projeto 3956 (1264/4064): detalhe ja salvo
pulando projeto 3955 (1265/4064): detalhe ja salvo
pulando projeto 3954 (1266/4064): detalhe ja salvo
pulando projeto 3953 (1267/4064): detalhe ja salvo
pulando projeto 3952 (1268/4064): detalhe ja salvo
pulando projeto 3951 (1269/4064): detalhe ja salvo
pulando projeto 3950 (1270/4064): detalhe ja salvo
progresso: 1270/4064 (31.2%) | tempo restante estimado: 00:01
pulando projeto 3949 (1271/4064): detalhe ja salvo
pulando projeto 3948 (1272/4064): detalhe ja salvo
pulando projeto 3947 (1273/4064): detalhe ja salvo
pulando projeto 3946 (1274/4064): detalhe ja salvo
pulando projeto 3945 (1275/4064): detalhe ja salvo
pulando projeto 3944 (1276/4064): detalhe ja salvo
pulando projeto 3943 (1277/4064): detalhe ja salvo
pulando projeto 3942 (1278/4064): detalhe ja salvo
pulando projeto 3941 (1279/4064): detalhe ja salvo
pulando projeto 3940 (1280/4064): detalhe ja salvo
progresso: 1280/4064 (31.5%) | tempo restante estimado: 00:01
pulando projeto 3939 (1281/4064): detalhe ja salvo
pulando projeto 3938 (1282/4064): detalhe ja salvo
pulando projeto 3937 (1283/4064): detalhe ja salvo
pulando projeto 3936 (1284/4064): detalhe ja salvo
pulando projeto 3935 (1285/4064): detalhe ja salvo
pulando projeto 3934 (1286/4064): detalhe ja salvo
pulando projeto 3933 (1287/4064): detalhe ja salvo
pulando projeto 3932 (1288/4064): detalhe ja salvo
pulando projeto 3931 (1289/4064): detalhe ja salvo
pulando projeto 3930 (1290/4064): detalhe ja salvo
progresso: 1290/4064 (31.7%) | tempo restante estimado: 00:01
pulando projeto 3929 (1291/4064): detalhe ja salvo
pulando projeto 3928 (1292/4064): detalhe ja salvo
pulando projeto 3927 (1293/4064): detalhe ja salvo
pulando projeto 3926 (1294/4064): detalhe ja salvo
pulando projeto 3925 (1295/4064): detalhe ja salvo
pulando projeto 3924 (1296/4064): detalhe ja salvo
pulando projeto 3923 (1297/4064): detalhe ja salvo
pulando projeto 3922 (1298/4064): detalhe ja salvo
pulando projeto 3921 (1299/4064): detalhe ja salvo
pulando projeto 3920 (1300/4064): detalhe ja salvo
progresso: 1300/4064 (32.0%) | tempo restante estimado: 00:01
pulando projeto 3919 (1301/4064): detalhe ja salvo
pulando projeto 3918 (1302/4064): detalhe ja salvo
pulando projeto 3917 (1303/4064): detalhe ja salvo
pulando projeto 3916 (1304/4064): detalhe ja salvo
pulando projeto 3915 (1305/4064): detalhe ja salvo
pulando projeto 3914 (1306/4064): detalhe ja salvo
pulando projeto 3913 (1307/4064): detalhe ja salvo
pulando projeto 3912 (1308/4064): detalhe ja salvo
pulando projeto 3911 (1309/4064): detalhe ja salvo
pulando projeto 3910 (1310/4064): detalhe ja salvo
progresso: 1310/4064 (32.2%) | tempo restante estimado: 00:01
pulando projeto 3909 (1311/4064): detalhe ja salvo
pulando projeto 3908 (1312/4064): detalhe ja salvo
pulando projeto 3907 (1313/4064): detalhe ja salvo
pulando projeto 3906 (1314/4064): detalhe ja salvo
pulando projeto 3905 (1315/4064): detalhe ja salvo
pulando projeto 3904 (1316/4064): detalhe ja salvo
pulando projeto 3903 (1317/4064): detalhe ja salvo
pulando projeto 3902 (1318/4064): detalhe ja salvo
pulando projeto 3901 (1319/4064): detalhe ja salvo
pulando projeto 3900 (1320/4064): detalhe ja salvo
progresso: 1320/4064 (32.5%) | tempo restante estimado: 00:01
pulando projeto 3899 (1321/4064): detalhe ja salvo
pulando projeto 3898 (1322/4064): detalhe ja salvo
pulando projeto 3897 (1323/4064): detalhe ja salvo
pulando projeto 3896 (1324/4064): detalhe ja salvo
pulando projeto 3895 (1325/4064): detalhe ja salvo
pulando projeto 3894 (1326/4064): detalhe ja salvo
pulando projeto 3893 (1327/4064): detalhe ja salvo
pulando projeto 3860 (1328/4064): detalhe ja salvo
pulando projeto 3859 (1329/4064): detalhe ja salvo
pulando projeto 3858 (1330/4064): detalhe ja salvo
progresso: 1330/4064 (32.7%) | tempo restante estimado: 00:01
pulando projeto 3857 (1331/4064): detalhe ja salvo
pulando projeto 3856 (1332/4064): detalhe ja salvo
pulando projeto 3855 (1333/4064): detalhe ja salvo
pulando projeto 3854 (1334/4064): detalhe ja salvo
pulando projeto 3853 (1335/4064): detalhe ja salvo
pulando projeto 3852 (1336/4064): detalhe ja salvo
pulando projeto 3851 (1337/4064): detalhe ja salvo
pulando projeto 3850 (1338/4064): detalhe ja salvo
pulando projeto 3849 (1339/4064): detalhe ja salvo
pulando projeto 3848 (1340/4064): detalhe ja salvo
progresso: 1340/4064 (33.0%) | tempo restante estimado: 00:01
pulando projeto 3847 (1341/4064): detalhe ja salvo
pulando projeto 3846 (1342/4064): detalhe ja salvo
pulando projeto 3845 (1343/4064): detalhe ja salvo
pulando projeto 3844 (1344/4064): detalhe ja salvo
pulando projeto 3843 (1345/4064): detalhe ja salvo
pulando projeto 3842 (1346/4064): detalhe ja salvo
pulando projeto 3841 (1347/4064): detalhe ja salvo
pulando projeto 3840 (1348/4064): detalhe ja salvo
pulando projeto 3839 (1349/4064): detalhe ja salvo
pulando projeto 3838 (1350/4064): detalhe ja salvo
progresso: 1350/4064 (33.2%) | tempo restante estimado: 00:01
pulando projeto 3837 (1351/4064): detalhe ja salvo
pulando projeto 3836 (1352/4064): detalhe ja salvo
pulando projeto 3835 (1353/4064): detalhe ja salvo
pulando projeto 3834 (1354/4064): detalhe ja salvo
pulando projeto 3833 (1355/4064): detalhe ja salvo
pulando projeto 3832 (1356/4064): detalhe ja salvo
pulando projeto 3831 (1357/4064): detalhe ja salvo
pulando projeto 3830 (1358/4064): detalhe ja salvo
pulando projeto 3829 (1359/4064): detalhe ja salvo
pulando projeto 3828 (1360/4064): detalhe ja salvo
progresso: 1360/4064 (33.5%) | tempo restante estimado: 00:01
pulando projeto 3827 (1361/4064): detalhe ja salvo
pulando projeto 3826 (1362/4064): detalhe ja salvo
pulando projeto 3825 (1363/4064): detalhe ja salvo
pulando projeto 3824 (1364/4064): detalhe ja salvo
pulando projeto 3823 (1365/4064): detalhe ja salvo
pulando projeto 3822 (1366/4064): detalhe ja salvo
pulando projeto 3821 (1367/4064): detalhe ja salvo
pulando projeto 3820 (1368/4064): detalhe ja salvo
pulando projeto 3819 (1369/4064): detalhe ja salvo
pulando projeto 3818 (1370/4064): detalhe ja salvo
progresso: 1370/4064 (33.7%) | tempo restante estimado: 00:01
pulando projeto 3817 (1371/4064): detalhe ja salvo
pulando projeto 3816 (1372/4064): detalhe ja salvo
pulando projeto 3815 (1373/4064): detalhe ja salvo
pulando projeto 3814 (1374/4064): detalhe ja salvo
pulando projeto 3813 (1375/4064): detalhe ja salvo
pulando projeto 3812 (1376/4064): detalhe ja salvo
pulando projeto 3811 (1377/4064): detalhe ja salvo
pulando projeto 3810 (1378/4064): detalhe ja salvo
pulando projeto 3809 (1379/4064): detalhe ja salvo
pulando projeto 3808 (1380/4064): detalhe ja salvo
progresso: 1380/4064 (34.0%) | tempo restante estimado: 00:01
pulando projeto 3807 (1381/4064): detalhe ja salvo
pulando projeto 3806 (1382/4064): detalhe ja salvo
pulando projeto 3805 (1383/4064): detalhe ja salvo
pulando projeto 3804 (1384/4064): detalhe ja salvo
pulando projeto 3803 (1385/4064): detalhe ja salvo
pulando projeto 3802 (1386/4064): detalhe ja salvo
pulando projeto 3801 (1387/4064): detalhe ja salvo
pulando projeto 3800 (1388/4064): detalhe ja salvo
pulando projeto 3799 (1389/4064): detalhe ja salvo
pulando projeto 3798 (1390/4064): detalhe ja salvo
progresso: 1390/4064 (34.2%) | tempo restante estimado: 00:01
pulando projeto 3797 (1391/4064): detalhe ja salvo
pulando projeto 3796 (1392/4064): detalhe ja salvo
pulando projeto 3795 (1393/4064): detalhe ja salvo
pulando projeto 3794 (1394/4064): detalhe ja salvo
pulando projeto 3793 (1395/4064): detalhe ja salvo
pulando projeto 3792 (1396/4064): detalhe ja salvo
pulando projeto 3791 (1397/4064): detalhe ja salvo
pulando projeto 3790 (1398/4064): detalhe ja salvo
pulando projeto 3789 (1399/4064): detalhe ja salvo
pulando projeto 3788 (1400/4064): detalhe ja salvo
progresso: 1400/4064 (34.4%) | tempo restante estimado: 00:01
pulando projeto 3787 (1401/4064): detalhe ja salvo
pulando projeto 3786 (1402/4064): detalhe ja salvo
pulando projeto 3785 (1403/4064): detalhe ja salvo
pulando projeto 3784 (1404/4064): detalhe ja salvo
pulando projeto 3783 (1405/4064): detalhe ja salvo
pulando projeto 3782 (1406/4064): detalhe ja salvo
pulando projeto 3781 (1407/4064): detalhe ja salvo
pulando projeto 3780 (1408/4064): detalhe ja salvo
pulando projeto 3779 (1409/4064): detalhe ja salvo
pulando projeto 3778 (1410/4064): detalhe ja salvo
progresso: 1410/4064 (34.7%) | tempo restante estimado: 00:01
pulando projeto 3777 (1411/4064): detalhe ja salvo
pulando projeto 3776 (1412/4064): detalhe ja salvo
pulando projeto 3775 (1413/4064): detalhe ja salvo
pulando projeto 3774 (1414/4064): detalhe ja salvo
pulando projeto 3773 (1415/4064): detalhe ja salvo
pulando projeto 3772 (1416/4064): detalhe ja salvo
pulando projeto 3771 (1417/4064): detalhe ja salvo
pulando projeto 3770 (1418/4064): detalhe ja salvo
pulando projeto 3769 (1419/4064): detalhe ja salvo
pulando projeto 3768 (1420/4064): detalhe ja salvo
progresso: 1420/4064 (34.9%) | tempo restante estimado: 00:01
pulando projeto 3767 (1421/4064): detalhe ja salvo
pulando projeto 3766 (1422/4064): detalhe ja salvo
pulando projeto 3765 (1423/4064): detalhe ja salvo
pulando projeto 3764 (1424/4064): detalhe ja salvo
pulando projeto 3763 (1425/4064): detalhe ja salvo
pulando projeto 3762 (1426/4064): detalhe ja salvo
pulando projeto 3761 (1427/4064): detalhe ja salvo
pulando projeto 3760 (1428/4064): detalhe ja salvo
pulando projeto 3759 (1429/4064): detalhe ja salvo
pulando projeto 3758 (1430/4064): detalhe ja salvo
progresso: 1430/4064 (35.2%) | tempo restante estimado: 00:01
pulando projeto 3757 (1431/4064): detalhe ja salvo
pulando projeto 3756 (1432/4064): detalhe ja salvo
pulando projeto 3755 (1433/4064): detalhe ja salvo
pulando projeto 3754 (1434/4064): detalhe ja salvo
pulando projeto 3753 (1435/4064): detalhe ja salvo
pulando projeto 3752 (1436/4064): detalhe ja salvo
pulando projeto 3751 (1437/4064): detalhe ja salvo
pulando projeto 3750 (1438/4064): detalhe ja salvo
pulando projeto 3749 (1439/4064): detalhe ja salvo
pulando projeto 3748 (1440/4064): detalhe ja salvo
progresso: 1440/4064 (35.4%) | tempo restante estimado: 00:01
pulando projeto 3747 (1441/4064): detalhe ja salvo
pulando projeto 3746 (1442/4064): detalhe ja salvo
pulando projeto 3745 (1443/4064): detalhe ja salvo
pulando projeto 3744 (1444/4064): detalhe ja salvo
pulando projeto 3743 (1445/4064): detalhe ja salvo
pulando projeto 3742 (1446/4064): detalhe ja salvo
pulando projeto 3741 (1447/4064): detalhe ja salvo
pulando projeto 3740 (1448/4064): detalhe ja salvo
pulando projeto 3739 (1449/4064): detalhe ja salvo
pulando projeto 3738 (1450/4064): detalhe ja salvo
progresso: 1450/4064 (35.7%) | tempo restante estimado: 00:01
pulando projeto 3737 (1451/4064): detalhe ja salvo
pulando projeto 3736 (1452/4064): detalhe ja salvo
pulando projeto 3735 (1453/4064): detalhe ja salvo
pulando projeto 3734 (1454/4064): detalhe ja salvo
pulando projeto 3733 (1455/4064): detalhe ja salvo
pulando projeto 3732 (1456/4064): detalhe ja salvo
pulando projeto 3731 (1457/4064): detalhe ja salvo
pulando projeto 3730 (1458/4064): detalhe ja salvo
pulando projeto 3729 (1459/4064): detalhe ja salvo
pulando projeto 3728 (1460/4064): detalhe ja salvo
progresso: 1460/4064 (35.9%) | tempo restante estimado: 00:01
pulando projeto 3727 (1461/4064): detalhe ja salvo
pulando projeto 3726 (1462/4064): detalhe ja salvo
pulando projeto 3725 (1463/4064): detalhe ja salvo
pulando projeto 3724 (1464/4064): detalhe ja salvo
pulando projeto 3723 (1465/4064): detalhe ja salvo
pulando projeto 3690 (1466/4064): detalhe ja salvo
pulando projeto 3689 (1467/4064): detalhe ja salvo
pulando projeto 3688 (1468/4064): detalhe ja salvo
pulando projeto 3687 (1469/4064): detalhe ja salvo
pulando projeto 3686 (1470/4064): detalhe ja salvo
progresso: 1470/4064 (36.2%) | tempo restante estimado: 00:01
pulando projeto 3685 (1471/4064): detalhe ja salvo
pulando projeto 3684 (1472/4064): detalhe ja salvo
pulando projeto 3683 (1473/4064): detalhe ja salvo
pulando projeto 3682 (1474/4064): detalhe ja salvo
pulando projeto 3681 (1475/4064): detalhe ja salvo
pulando projeto 3680 (1476/4064): detalhe ja salvo
pulando projeto 3679 (1477/4064): detalhe ja salvo
pulando projeto 3678 (1478/4064): detalhe ja salvo
pulando projeto 3677 (1479/4064): detalhe ja salvo
pulando projeto 3676 (1480/4064): detalhe ja salvo
progresso: 1480/4064 (36.4%) | tempo restante estimado: 00:01
pulando projeto 3675 (1481/4064): detalhe ja salvo
pulando projeto 3674 (1482/4064): detalhe ja salvo
pulando projeto 3673 (1483/4064): detalhe ja salvo
pulando projeto 3672 (1484/4064): detalhe ja salvo
pulando projeto 3670 (1485/4064): detalhe ja salvo
pulando projeto 3669 (1486/4064): detalhe ja salvo
pulando projeto 3668 (1487/4064): detalhe ja salvo
pulando projeto 3667 (1488/4064): detalhe ja salvo
pulando projeto 3666 (1489/4064): detalhe ja salvo
pulando projeto 3665 (1490/4064): detalhe ja salvo
progresso: 1490/4064 (36.7%) | tempo restante estimado: 00:01
pulando projeto 3664 (1491/4064): detalhe ja salvo
pulando projeto 3663 (1492/4064): detalhe ja salvo
pulando projeto 3662 (1493/4064): detalhe ja salvo
pulando projeto 3661 (1494/4064): detalhe ja salvo
pulando projeto 3660 (1495/4064): detalhe ja salvo
pulando projeto 3659 (1496/4064): detalhe ja salvo
pulando projeto 3658 (1497/4064): detalhe ja salvo
pulando projeto 3657 (1498/4064): detalhe ja salvo
pulando projeto 3656 (1499/4064): detalhe ja salvo
pulando projeto 3655 (1500/4064): detalhe ja salvo
progresso: 1500/4064 (36.9%) | tempo restante estimado: 00:01
pulando projeto 3654 (1501/4064): detalhe ja salvo
pulando projeto 3653 (1502/4064): detalhe ja salvo
pulando projeto 3652 (1503/4064): detalhe ja salvo
pulando projeto 3651 (1504/4064): detalhe ja salvo
pulando projeto 3650 (1505/4064): detalhe ja salvo
pulando projeto 3649 (1506/4064): detalhe ja salvo
pulando projeto 3648 (1507/4064): detalhe ja salvo
pulando projeto 3647 (1508/4064): detalhe ja salvo
pulando projeto 3646 (1509/4064): detalhe ja salvo
pulando projeto 3645 (1510/4064): detalhe ja salvo
progresso: 1510/4064 (37.2%) | tempo restante estimado: 00:01
pulando projeto 3644 (1511/4064): detalhe ja salvo
pulando projeto 3643 (1512/4064): detalhe ja salvo
pulando projeto 3642 (1513/4064): detalhe ja salvo
pulando projeto 3641 (1514/4064): detalhe ja salvo
pulando projeto 3640 (1515/4064): detalhe ja salvo
pulando projeto 3639 (1516/4064): detalhe ja salvo
pulando projeto 3638 (1517/4064): detalhe ja salvo
pulando projeto 3637 (1518/4064): detalhe ja salvo
pulando projeto 3636 (1519/4064): detalhe ja salvo
pulando projeto 3635 (1520/4064): detalhe ja salvo
progresso: 1520/4064 (37.4%) | tempo restante estimado: 00:01
pulando projeto 3634 (1521/4064): detalhe ja salvo
pulando projeto 3633 (1522/4064): detalhe ja salvo
pulando projeto 3632 (1523/4064): detalhe ja salvo
pulando projeto 3631 (1524/4064): detalhe ja salvo
pulando projeto 3598 (1525/4064): detalhe ja salvo
pulando projeto 3597 (1526/4064): detalhe ja salvo
pulando projeto 3596 (1527/4064): detalhe ja salvo
pulando projeto 3595 (1528/4064): detalhe ja salvo
pulando projeto 3594 (1529/4064): detalhe ja salvo
pulando projeto 3593 (1530/4064): detalhe ja salvo
progresso: 1530/4064 (37.6%) | tempo restante estimado: 00:01
pulando projeto 3592 (1531/4064): detalhe ja salvo
pulando projeto 3591 (1532/4064): detalhe ja salvo
pulando projeto 3590 (1533/4064): detalhe ja salvo
pulando projeto 3589 (1534/4064): detalhe ja salvo
pulando projeto 3588 (1535/4064): detalhe ja salvo
pulando projeto 3587 (1536/4064): detalhe ja salvo
pulando projeto 3586 (1537/4064): detalhe ja salvo
pulando projeto 3585 (1538/4064): detalhe ja salvo
pulando projeto 3584 (1539/4064): detalhe ja salvo
pulando projeto 3583 (1540/4064): detalhe ja salvo
progresso: 1540/4064 (37.9%) | tempo restante estimado: 00:01
pulando projeto 3582 (1541/4064): detalhe ja salvo
pulando projeto 3581 (1542/4064): detalhe ja salvo
pulando projeto 3580 (1543/4064): detalhe ja salvo
pulando projeto 3579 (1544/4064): detalhe ja salvo
pulando projeto 3578 (1545/4064): detalhe ja salvo
pulando projeto 3577 (1546/4064): detalhe ja salvo
pulando projeto 3576 (1547/4064): detalhe ja salvo
pulando projeto 3575 (1548/4064): detalhe ja salvo
pulando projeto 3574 (1549/4064): detalhe ja salvo
pulando projeto 3573 (1550/4064): detalhe ja salvo
progresso: 1550/4064 (38.1%) | tempo restante estimado: 00:01
pulando projeto 3572 (1551/4064): detalhe ja salvo
pulando projeto 3571 (1552/4064): detalhe ja salvo
pulando projeto 3570 (1553/4064): detalhe ja salvo
pulando projeto 3569 (1554/4064): detalhe ja salvo
pulando projeto 3568 (1555/4064): detalhe ja salvo
pulando projeto 3567 (1556/4064): detalhe ja salvo
pulando projeto 3566 (1557/4064): detalhe ja salvo
pulando projeto 3565 (1558/4064): detalhe ja salvo
pulando projeto 3564 (1559/4064): detalhe ja salvo
pulando projeto 3563 (1560/4064): detalhe ja salvo
progresso: 1560/4064 (38.4%) | tempo restante estimado: 00:01
pulando projeto 3562 (1561/4064): detalhe ja salvo
pulando projeto 3561 (1562/4064): detalhe ja salvo
pulando projeto 3560 (1563/4064): detalhe ja salvo
pulando projeto 3559 (1564/4064): detalhe ja salvo
pulando projeto 3558 (1565/4064): detalhe ja salvo
pulando projeto 3557 (1566/4064): detalhe ja salvo
pulando projeto 3556 (1567/4064): detalhe ja salvo
pulando projeto 3555 (1568/4064): detalhe ja salvo
pulando projeto 3554 (1569/4064): detalhe ja salvo
pulando projeto 3553 (1570/4064): detalhe ja salvo
progresso: 1570/4064 (38.6%) | tempo restante estimado: 00:01
pulando projeto 3552 (1571/4064): detalhe ja salvo
pulando projeto 3551 (1572/4064): detalhe ja salvo
pulando projeto 3550 (1573/4064): detalhe ja salvo
pulando projeto 3549 (1574/4064): detalhe ja salvo
pulando projeto 3548 (1575/4064): detalhe ja salvo
pulando projeto 3547 (1576/4064): detalhe ja salvo
pulando projeto 3546 (1577/4064): detalhe ja salvo
pulando projeto 3545 (1578/4064): detalhe ja salvo
pulando projeto 3544 (1579/4064): detalhe ja salvo
pulando projeto 3543 (1580/4064): detalhe ja salvo
progresso: 1580/4064 (38.9%) | tempo restante estimado: 00:01
pulando projeto 3510 (1581/4064): detalhe ja salvo
pulando projeto 3509 (1582/4064): detalhe ja salvo
pulando projeto 3508 (1583/4064): detalhe ja salvo
pulando projeto 3507 (1584/4064): detalhe ja salvo
pulando projeto 3506 (1585/4064): detalhe ja salvo
pulando projeto 3505 (1586/4064): detalhe ja salvo
pulando projeto 3504 (1587/4064): detalhe ja salvo
pulando projeto 3503 (1588/4064): detalhe ja salvo
pulando projeto 3502 (1589/4064): detalhe ja salvo
pulando projeto 3501 (1590/4064): detalhe ja salvo
progresso: 1590/4064 (39.1%) | tempo restante estimado: 00:01
pulando projeto 3500 (1591/4064): detalhe ja salvo
pulando projeto 3499 (1592/4064): detalhe ja salvo
pulando projeto 3498 (1593/4064): detalhe ja salvo
pulando projeto 3497 (1594/4064): detalhe ja salvo
pulando projeto 3496 (1595/4064): detalhe ja salvo
pulando projeto 3463 (1596/4064): detalhe ja salvo
pulando projeto 3462 (1597/4064): detalhe ja salvo
pulando projeto 3461 (1598/4064): detalhe ja salvo
pulando projeto 3460 (1599/4064): detalhe ja salvo
pulando projeto 3459 (1600/4064): detalhe ja salvo
progresso: 1600/4064 (39.4%) | tempo restante estimado: 00:01
pulando projeto 3458 (1601/4064): detalhe ja salvo
pulando projeto 3457 (1602/4064): detalhe ja salvo
pulando projeto 3456 (1603/4064): detalhe ja salvo
pulando projeto 3455 (1604/4064): detalhe ja salvo
pulando projeto 3454 (1605/4064): detalhe ja salvo
pulando projeto 3453 (1606/4064): detalhe ja salvo
pulando projeto 3448 (1607/4064): detalhe ja salvo
pulando projeto 3447 (1608/4064): detalhe ja salvo
pulando projeto 3446 (1609/4064): detalhe ja salvo
pulando projeto 3445 (1610/4064): detalhe ja salvo
progresso: 1610/4064 (39.6%) | tempo restante estimado: 00:01
pulando projeto 3444 (1611/4064): detalhe ja salvo
pulando projeto 3443 (1612/4064): detalhe ja salvo
pulando projeto 3442 (1613/4064): detalhe ja salvo
pulando projeto 3441 (1614/4064): detalhe ja salvo
pulando projeto 3440 (1615/4064): detalhe ja salvo
pulando projeto 3439 (1616/4064): detalhe ja salvo
pulando projeto 3438 (1617/4064): detalhe ja salvo
pulando projeto 3437 (1618/4064): detalhe ja salvo
pulando projeto 3436 (1619/4064): detalhe ja salvo
pulando projeto 3435 (1620/4064): detalhe ja salvo
progresso: 1620/4064 (39.9%) | tempo restante estimado: 00:01
pulando projeto 3434 (1621/4064): detalhe ja salvo
pulando projeto 3433 (1622/4064): detalhe ja salvo
pulando projeto 3432 (1623/4064): detalhe ja salvo
pulando projeto 3431 (1624/4064): detalhe ja salvo
pulando projeto 3430 (1625/4064): detalhe ja salvo
pulando projeto 3429 (1626/4064): detalhe ja salvo
pulando projeto 3428 (1627/4064): detalhe ja salvo
pulando projeto 3426 (1628/4064): detalhe ja salvo
pulando projeto 3425 (1629/4064): detalhe ja salvo
pulando projeto 3424 (1630/4064): detalhe ja salvo
progresso: 1630/4064 (40.1%) | tempo restante estimado: 00:01
pulando projeto 3423 (1631/4064): detalhe ja salvo
pulando projeto 3422 (1632/4064): detalhe ja salvo
pulando projeto 3421 (1633/4064): detalhe ja salvo
pulando projeto 3419 (1634/4064): detalhe ja salvo
pulando projeto 3418 (1635/4064): detalhe ja salvo
pulando projeto 3416 (1636/4064): detalhe ja salvo
pulando projeto 3415 (1637/4064): detalhe ja salvo
pulando projeto 3382 (1638/4064): detalhe ja salvo
pulando projeto 3381 (1639/4064): detalhe ja salvo
pulando projeto 3380 (1640/4064): detalhe ja salvo
progresso: 1640/4064 (40.4%) | tempo restante estimado: 00:01
pulando projeto 3379 (1641/4064): detalhe ja salvo
pulando projeto 3378 (1642/4064): detalhe ja salvo
pulando projeto 3377 (1643/4064): detalhe ja salvo
pulando projeto 3376 (1644/4064): detalhe ja salvo
pulando projeto 3375 (1645/4064): detalhe ja salvo
pulando projeto 3374 (1646/4064): detalhe ja salvo
pulando projeto 3373 (1647/4064): detalhe ja salvo
pulando projeto 3372 (1648/4064): detalhe ja salvo
pulando projeto 3371 (1649/4064): detalhe ja salvo
pulando projeto 3370 (1650/4064): detalhe ja salvo
progresso: 1650/4064 (40.6%) | tempo restante estimado: 00:01
pulando projeto 3365 (1651/4064): detalhe ja salvo
pulando projeto 3364 (1652/4064): detalhe ja salvo
pulando projeto 3362 (1653/4064): detalhe ja salvo
pulando projeto 3360 (1654/4064): detalhe ja salvo
pulando projeto 3359 (1655/4064): detalhe ja salvo
pulando projeto 3358 (1656/4064): detalhe ja salvo
pulando projeto 3357 (1657/4064): detalhe ja salvo
pulando projeto 3356 (1658/4064): detalhe ja salvo
pulando projeto 3355 (1659/4064): detalhe ja salvo
pulando projeto 3354 (1660/4064): detalhe ja salvo
progresso: 1660/4064 (40.8%) | tempo restante estimado: 00:01
pulando projeto 3352 (1661/4064): detalhe ja salvo
pulando projeto 3351 (1662/4064): detalhe ja salvo
pulando projeto 3350 (1663/4064): detalhe ja salvo
pulando projeto 3349 (1664/4064): detalhe ja salvo
pulando projeto 3348 (1665/4064): detalhe ja salvo
pulando projeto 3347 (1666/4064): detalhe ja salvo
pulando projeto 3346 (1667/4064): detalhe ja salvo
pulando projeto 3345 (1668/4064): detalhe ja salvo
pulando projeto 3344 (1669/4064): detalhe ja salvo
pulando projeto 3343 (1670/4064): detalhe ja salvo
progresso: 1670/4064 (41.1%) | tempo restante estimado: 00:01
pulando projeto 3342 (1671/4064): detalhe ja salvo
pulando projeto 3341 (1672/4064): detalhe ja salvo
pulando projeto 3340 (1673/4064): detalhe ja salvo
pulando projeto 3339 (1674/4064): detalhe ja salvo
pulando projeto 3338 (1675/4064): detalhe ja salvo
pulando projeto 3337 (1676/4064): detalhe ja salvo
pulando projeto 3335 (1677/4064): detalhe ja salvo
pulando projeto 3334 (1678/4064): detalhe ja salvo
pulando projeto 3333 (1679/4064): detalhe ja salvo
pulando projeto 3332 (1680/4064): detalhe ja salvo
progresso: 1680/4064 (41.3%) | tempo restante estimado: 00:01
pulando projeto 3331 (1681/4064): detalhe ja salvo
pulando projeto 3330 (1682/4064): detalhe ja salvo
pulando projeto 3329 (1683/4064): detalhe ja salvo
pulando projeto 3328 (1684/4064): detalhe ja salvo
pulando projeto 3327 (1685/4064): detalhe ja salvo
pulando projeto 3326 (1686/4064): detalhe ja salvo
pulando projeto 3325 (1687/4064): detalhe ja salvo
pulando projeto 3324 (1688/4064): detalhe ja salvo
pulando projeto 3323 (1689/4064): detalhe ja salvo
pulando projeto 3322 (1690/4064): detalhe ja salvo
progresso: 1690/4064 (41.6%) | tempo restante estimado: 00:01
pulando projeto 3321 (1691/4064): detalhe ja salvo
pulando projeto 3320 (1692/4064): detalhe ja salvo
pulando projeto 3319 (1693/4064): detalhe ja salvo
pulando projeto 3318 (1694/4064): detalhe ja salvo
pulando projeto 3317 (1695/4064): detalhe ja salvo
pulando projeto 3316 (1696/4064): detalhe ja salvo
pulando projeto 3315 (1697/4064): detalhe ja salvo
pulando projeto 3314 (1698/4064): detalhe ja salvo
pulando projeto 3313 (1699/4064): detalhe ja salvo
pulando projeto 3312 (1700/4064): detalhe ja salvo
progresso: 1700/4064 (41.8%) | tempo restante estimado: 00:01
pulando projeto 3311 (1701/4064): detalhe ja salvo
pulando projeto 3310 (1702/4064): detalhe ja salvo
pulando projeto 3309 (1703/4064): detalhe ja salvo
pulando projeto 3308 (1704/4064): detalhe ja salvo
pulando projeto 3307 (1705/4064): detalhe ja salvo
pulando projeto 3306 (1706/4064): detalhe ja salvo
pulando projeto 3305 (1707/4064): detalhe ja salvo
pulando projeto 3304 (1708/4064): detalhe ja salvo
pulando projeto 3303 (1709/4064): detalhe ja salvo
pulando projeto 3302 (1710/4064): detalhe ja salvo
progresso: 1710/4064 (42.1%) | tempo restante estimado: 00:01
pulando projeto 3301 (1711/4064): detalhe ja salvo
pulando projeto 3300 (1712/4064): detalhe ja salvo
pulando projeto 3299 (1713/4064): detalhe ja salvo
pulando projeto 3298 (1714/4064): detalhe ja salvo
pulando projeto 3297 (1715/4064): detalhe ja salvo
pulando projeto 3296 (1716/4064): detalhe ja salvo
pulando projeto 3295 (1717/4064): detalhe ja salvo
pulando projeto 3294 (1718/4064): detalhe ja salvo
pulando projeto 3293 (1719/4064): detalhe ja salvo
pulando projeto 3292 (1720/4064): detalhe ja salvo
progresso: 1720/4064 (42.3%) | tempo restante estimado: 00:01
pulando projeto 3291 (1721/4064): detalhe ja salvo
pulando projeto 3290 (1722/4064): detalhe ja salvo
pulando projeto 3289 (1723/4064): detalhe ja salvo
pulando projeto 3288 (1724/4064): detalhe ja salvo
pulando projeto 3287 (1725/4064): detalhe ja salvo
pulando projeto 3286 (1726/4064): detalhe ja salvo
pulando projeto 3285 (1727/4064): detalhe ja salvo
pulando projeto 3284 (1728/4064): detalhe ja salvo
pulando projeto 3283 (1729/4064): detalhe ja salvo
pulando projeto 3282 (1730/4064): detalhe ja salvo
progresso: 1730/4064 (42.6%) | tempo restante estimado: 00:01
pulando projeto 3281 (1731/4064): detalhe ja salvo
pulando projeto 3280 (1732/4064): detalhe ja salvo
pulando projeto 3277 (1733/4064): detalhe ja salvo
pulando projeto 3276 (1734/4064): detalhe ja salvo
pulando projeto 3274 (1735/4064): detalhe ja salvo
pulando projeto 3273 (1736/4064): detalhe ja salvo
pulando projeto 3272 (1737/4064): detalhe ja salvo
pulando projeto 3271 (1738/4064): detalhe ja salvo
pulando projeto 3270 (1739/4064): detalhe ja salvo
pulando projeto 3269 (1740/4064): detalhe ja salvo
progresso: 1740/4064 (42.8%) | tempo restante estimado: 00:01
pulando projeto 3268 (1741/4064): detalhe ja salvo
pulando projeto 3267 (1742/4064): detalhe ja salvo
pulando projeto 3266 (1743/4064): detalhe ja salvo
pulando projeto 3265 (1744/4064): detalhe ja salvo
pulando projeto 3264 (1745/4064): detalhe ja salvo
pulando projeto 3263 (1746/4064): detalhe ja salvo
pulando projeto 3262 (1747/4064): detalhe ja salvo
pulando projeto 3229 (1748/4064): detalhe ja salvo
pulando projeto 3228 (1749/4064): detalhe ja salvo
pulando projeto 3227 (1750/4064): detalhe ja salvo
progresso: 1750/4064 (43.1%) | tempo restante estimado: 00:01
pulando projeto 3226 (1751/4064): detalhe ja salvo
pulando projeto 3225 (1752/4064): detalhe ja salvo
pulando projeto 3224 (1753/4064): detalhe ja salvo
pulando projeto 3223 (1754/4064): detalhe ja salvo
pulando projeto 3222 (1755/4064): detalhe ja salvo
pulando projeto 3221 (1756/4064): detalhe ja salvo
pulando projeto 3220 (1757/4064): detalhe ja salvo
pulando projeto 3219 (1758/4064): detalhe ja salvo
pulando projeto 3218 (1759/4064): detalhe ja salvo
pulando projeto 3217 (1760/4064): detalhe ja salvo
progresso: 1760/4064 (43.3%) | tempo restante estimado: 00:01
pulando projeto 3216 (1761/4064): detalhe ja salvo
pulando projeto 3215 (1762/4064): detalhe ja salvo
pulando projeto 3214 (1763/4064): detalhe ja salvo
pulando projeto 3212 (1764/4064): detalhe ja salvo
pulando projeto 3211 (1765/4064): detalhe ja salvo
pulando projeto 3209 (1766/4064): detalhe ja salvo
pulando projeto 3208 (1767/4064): detalhe ja salvo
pulando projeto 3207 (1768/4064): detalhe ja salvo
pulando projeto 3206 (1769/4064): detalhe ja salvo
pulando projeto 3205 (1770/4064): detalhe ja salvo
progresso: 1770/4064 (43.6%) | tempo restante estimado: 00:01
pulando projeto 3204 (1771/4064): detalhe ja salvo
pulando projeto 3203 (1772/4064): detalhe ja salvo
pulando projeto 3202 (1773/4064): detalhe ja salvo
pulando projeto 3201 (1774/4064): detalhe ja salvo
pulando projeto 3200 (1775/4064): detalhe ja salvo
pulando projeto 3199 (1776/4064): detalhe ja salvo
pulando projeto 3198 (1777/4064): detalhe ja salvo
pulando projeto 3197 (1778/4064): detalhe ja salvo
pulando projeto 3196 (1779/4064): detalhe ja salvo
pulando projeto 3195 (1780/4064): detalhe ja salvo
progresso: 1780/4064 (43.8%) | tempo restante estimado: 00:01
pulando projeto 3194 (1781/4064): detalhe ja salvo
pulando projeto 3193 (1782/4064): detalhe ja salvo
pulando projeto 3191 (1783/4064): detalhe ja salvo
pulando projeto 3190 (1784/4064): detalhe ja salvo
pulando projeto 3189 (1785/4064): detalhe ja salvo
pulando projeto 3188 (1786/4064): detalhe ja salvo
pulando projeto 3187 (1787/4064): detalhe ja salvo
pulando projeto 3186 (1788/4064): detalhe ja salvo
pulando projeto 3185 (1789/4064): detalhe ja salvo
pulando projeto 3184 (1790/4064): detalhe ja salvo
progresso: 1790/4064 (44.0%) | tempo restante estimado: 00:01
pulando projeto 3183 (1791/4064): detalhe ja salvo
pulando projeto 3182 (1792/4064): detalhe ja salvo
pulando projeto 3181 (1793/4064): detalhe ja salvo
pulando projeto 3180 (1794/4064): detalhe ja salvo
pulando projeto 3179 (1795/4064): detalhe ja salvo
pulando projeto 3178 (1796/4064): detalhe ja salvo
pulando projeto 3177 (1797/4064): detalhe ja salvo
pulando projeto 3176 (1798/4064): detalhe ja salvo
pulando projeto 3175 (1799/4064): detalhe ja salvo
pulando projeto 3174 (1800/4064): detalhe ja salvo
progresso: 1800/4064 (44.3%) | tempo restante estimado: 00:01
pulando projeto 3170 (1801/4064): detalhe ja salvo
pulando projeto 3169 (1802/4064): detalhe ja salvo
pulando projeto 3168 (1803/4064): detalhe ja salvo
pulando projeto 3167 (1804/4064): detalhe ja salvo
pulando projeto 3166 (1805/4064): detalhe ja salvo
pulando projeto 3165 (1806/4064): detalhe ja salvo
pulando projeto 3164 (1807/4064): detalhe ja salvo
pulando projeto 3163 (1808/4064): detalhe ja salvo
pulando projeto 3162 (1809/4064): detalhe ja salvo
pulando projeto 3161 (1810/4064): detalhe ja salvo
progresso: 1810/4064 (44.5%) | tempo restante estimado: 00:01
pulando projeto 3160 (1811/4064): detalhe ja salvo
pulando projeto 3158 (1812/4064): detalhe ja salvo
pulando projeto 3157 (1813/4064): detalhe ja salvo
pulando projeto 3156 (1814/4064): detalhe ja salvo
pulando projeto 3154 (1815/4064): detalhe ja salvo
pulando projeto 3153 (1816/4064): detalhe ja salvo
pulando projeto 3120 (1817/4064): detalhe ja salvo
pulando projeto 3118 (1818/4064): detalhe ja salvo
pulando projeto 3112 (1819/4064): detalhe ja salvo
pulando projeto 3111 (1820/4064): detalhe ja salvo
progresso: 1820/4064 (44.8%) | tempo restante estimado: 00:01
pulando projeto 3110 (1821/4064): detalhe ja salvo
pulando projeto 3109 (1822/4064): detalhe ja salvo
pulando projeto 3108 (1823/4064): detalhe ja salvo
pulando projeto 3107 (1824/4064): detalhe ja salvo
pulando projeto 3106 (1825/4064): detalhe ja salvo
pulando projeto 3105 (1826/4064): detalhe ja salvo
pulando projeto 3104 (1827/4064): detalhe ja salvo
pulando projeto 3103 (1828/4064): detalhe ja salvo
pulando projeto 3102 (1829/4064): detalhe ja salvo
pulando projeto 3101 (1830/4064): detalhe ja salvo
progresso: 1830/4064 (45.0%) | tempo restante estimado: 00:01
pulando projeto 3100 (1831/4064): detalhe ja salvo
pulando projeto 3099 (1832/4064): detalhe ja salvo
pulando projeto 3098 (1833/4064): detalhe ja salvo
pulando projeto 3097 (1834/4064): detalhe ja salvo
pulando projeto 3096 (1835/4064): detalhe ja salvo
pulando projeto 3095 (1836/4064): detalhe ja salvo
pulando projeto 3094 (1837/4064): detalhe ja salvo
pulando projeto 3093 (1838/4064): detalhe ja salvo
pulando projeto 3092 (1839/4064): detalhe ja salvo
pulando projeto 3091 (1840/4064): detalhe ja salvo
progresso: 1840/4064 (45.3%) | tempo restante estimado: 00:01
pulando projeto 3090 (1841/4064): detalhe ja salvo
pulando projeto 3089 (1842/4064): detalhe ja salvo
pulando projeto 3088 (1843/4064): detalhe ja salvo
pulando projeto 3086 (1844/4064): detalhe ja salvo
pulando projeto 3085 (1845/4064): detalhe ja salvo
pulando projeto 3083 (1846/4064): detalhe ja salvo
pulando projeto 3082 (1847/4064): detalhe ja salvo
pulando projeto 3081 (1848/4064): detalhe ja salvo
pulando projeto 3080 (1849/4064): detalhe ja salvo
pulando projeto 3079 (1850/4064): detalhe ja salvo
progresso: 1850/4064 (45.5%) | tempo restante estimado: 00:01
pulando projeto 3078 (1851/4064): detalhe ja salvo
pulando projeto 3077 (1852/4064): detalhe ja salvo
pulando projeto 3076 (1853/4064): detalhe ja salvo
pulando projeto 3075 (1854/4064): detalhe ja salvo
pulando projeto 3074 (1855/4064): detalhe ja salvo
pulando projeto 3073 (1856/4064): detalhe ja salvo
pulando projeto 3072 (1857/4064): detalhe ja salvo
pulando projeto 3071 (1858/4064): detalhe ja salvo
pulando projeto 3070 (1859/4064): detalhe ja salvo
pulando projeto 3069 (1860/4064): detalhe ja salvo
progresso: 1860/4064 (45.8%) | tempo restante estimado: 00:01
pulando projeto 3068 (1861/4064): detalhe ja salvo
pulando projeto 3067 (1862/4064): detalhe ja salvo
pulando projeto 3066 (1863/4064): detalhe ja salvo
pulando projeto 3065 (1864/4064): detalhe ja salvo
pulando projeto 3064 (1865/4064): detalhe ja salvo
pulando projeto 3063 (1866/4064): detalhe ja salvo
pulando projeto 3062 (1867/4064): detalhe ja salvo
pulando projeto 3061 (1868/4064): detalhe ja salvo
pulando projeto 3060 (1869/4064): detalhe ja salvo
pulando projeto 3059 (1870/4064): detalhe ja salvo
progresso: 1870/4064 (46.0%) | tempo restante estimado: 00:01
pulando projeto 3058 (1871/4064): detalhe ja salvo
pulando projeto 3056 (1872/4064): detalhe ja salvo
pulando projeto 3055 (1873/4064): detalhe ja salvo
pulando projeto 3054 (1874/4064): detalhe ja salvo
pulando projeto 3053 (1875/4064): detalhe ja salvo
pulando projeto 3052 (1876/4064): detalhe ja salvo
pulando projeto 3051 (1877/4064): detalhe ja salvo
pulando projeto 3050 (1878/4064): detalhe ja salvo
pulando projeto 3049 (1879/4064): detalhe ja salvo
pulando projeto 3048 (1880/4064): detalhe ja salvo
progresso: 1880/4064 (46.3%) | tempo restante estimado: 00:01
pulando projeto 3047 (1881/4064): detalhe ja salvo
pulando projeto 3046 (1882/4064): detalhe ja salvo
pulando projeto 3045 (1883/4064): detalhe ja salvo
pulando projeto 3044 (1884/4064): detalhe ja salvo
pulando projeto 3043 (1885/4064): detalhe ja salvo
pulando projeto 3042 (1886/4064): detalhe ja salvo
pulando projeto 3041 (1887/4064): detalhe ja salvo
pulando projeto 3040 (1888/4064): detalhe ja salvo
pulando projeto 3039 (1889/4064): detalhe ja salvo
pulando projeto 3038 (1890/4064): detalhe ja salvo
progresso: 1890/4064 (46.5%) | tempo restante estimado: 00:01
pulando projeto 3037 (1891/4064): detalhe ja salvo
pulando projeto 3036 (1892/4064): detalhe ja salvo
pulando projeto 3035 (1893/4064): detalhe ja salvo
pulando projeto 3034 (1894/4064): detalhe ja salvo
pulando projeto 3032 (1895/4064): detalhe ja salvo
pulando projeto 3031 (1896/4064): detalhe ja salvo
pulando projeto 3030 (1897/4064): detalhe ja salvo
pulando projeto 3029 (1898/4064): detalhe ja salvo
pulando projeto 3024 (1899/4064): detalhe ja salvo
pulando projeto 3023 (1900/4064): detalhe ja salvo
progresso: 1900/4064 (46.8%) | tempo restante estimado: 00:01
pulando projeto 3022 (1901/4064): detalhe ja salvo
pulando projeto 3021 (1902/4064): detalhe ja salvo
pulando projeto 3020 (1903/4064): detalhe ja salvo
pulando projeto 3019 (1904/4064): detalhe ja salvo
pulando projeto 3018 (1905/4064): detalhe ja salvo
pulando projeto 3017 (1906/4064): detalhe ja salvo
pulando projeto 2987 (1907/4064): detalhe ja salvo
pulando projeto 2986 (1908/4064): detalhe ja salvo
pulando projeto 2985 (1909/4064): detalhe ja salvo
pulando projeto 2984 (1910/4064): detalhe ja salvo
progresso: 1910/4064 (47.0%) | tempo restante estimado: 00:01
pulando projeto 2983 (1911/4064): detalhe ja salvo
pulando projeto 2982 (1912/4064): detalhe ja salvo
pulando projeto 2981 (1913/4064): detalhe ja salvo
pulando projeto 2980 (1914/4064): detalhe ja salvo
pulando projeto 2979 (1915/4064): detalhe ja salvo
pulando projeto 2978 (1916/4064): detalhe ja salvo
pulando projeto 2977 (1917/4064): detalhe ja salvo
pulando projeto 2976 (1918/4064): detalhe ja salvo
pulando projeto 2975 (1919/4064): detalhe ja salvo
pulando projeto 2974 (1920/4064): detalhe ja salvo
progresso: 1920/4064 (47.2%) | tempo restante estimado: 00:01
pulando projeto 2973 (1921/4064): detalhe ja salvo
pulando projeto 2972 (1922/4064): detalhe ja salvo
pulando projeto 2971 (1923/4064): detalhe ja salvo
pulando projeto 2970 (1924/4064): detalhe ja salvo
pulando projeto 2969 (1925/4064): detalhe ja salvo
pulando projeto 2968 (1926/4064): detalhe ja salvo
pulando projeto 2967 (1927/4064): detalhe ja salvo
pulando projeto 2966 (1928/4064): detalhe ja salvo
pulando projeto 2965 (1929/4064): detalhe ja salvo
pulando projeto 2964 (1930/4064): detalhe ja salvo
progresso: 1930/4064 (47.5%) | tempo restante estimado: 00:01
pulando projeto 2963 (1931/4064): detalhe ja salvo
pulando projeto 2962 (1932/4064): detalhe ja salvo
pulando projeto 2961 (1933/4064): detalhe ja salvo
pulando projeto 2960 (1934/4064): detalhe ja salvo
pulando projeto 2959 (1935/4064): detalhe ja salvo
pulando projeto 2958 (1936/4064): detalhe ja salvo
pulando projeto 2957 (1937/4064): detalhe ja salvo
pulando projeto 2956 (1938/4064): detalhe ja salvo
pulando projeto 2955 (1939/4064): detalhe ja salvo
pulando projeto 2954 (1940/4064): detalhe ja salvo
progresso: 1940/4064 (47.7%) | tempo restante estimado: 00:01
pulando projeto 2953 (1941/4064): detalhe ja salvo
pulando projeto 2952 (1942/4064): detalhe ja salvo
pulando projeto 2951 (1943/4064): detalhe ja salvo
pulando projeto 2950 (1944/4064): detalhe ja salvo
pulando projeto 2949 (1945/4064): detalhe ja salvo
pulando projeto 2948 (1946/4064): detalhe ja salvo
pulando projeto 2947 (1947/4064): detalhe ja salvo
pulando projeto 2946 (1948/4064): detalhe ja salvo
pulando projeto 2945 (1949/4064): detalhe ja salvo
pulando projeto 2944 (1950/4064): detalhe ja salvo
progresso: 1950/4064 (48.0%) | tempo restante estimado: 00:01
pulando projeto 2943 (1951/4064): detalhe ja salvo
pulando projeto 2941 (1952/4064): detalhe ja salvo
pulando projeto 2940 (1953/4064): detalhe ja salvo
pulando projeto 2939 (1954/4064): detalhe ja salvo
pulando projeto 2938 (1955/4064): detalhe ja salvo
pulando projeto 2937 (1956/4064): detalhe ja salvo
pulando projeto 2936 (1957/4064): detalhe ja salvo
pulando projeto 2935 (1958/4064): detalhe ja salvo
pulando projeto 2934 (1959/4064): detalhe ja salvo
pulando projeto 2933 (1960/4064): detalhe ja salvo
progresso: 1960/4064 (48.2%) | tempo restante estimado: 00:01
pulando projeto 2931 (1961/4064): detalhe ja salvo
pulando projeto 2930 (1962/4064): detalhe ja salvo
pulando projeto 2929 (1963/4064): detalhe ja salvo
pulando projeto 2928 (1964/4064): detalhe ja salvo
pulando projeto 2927 (1965/4064): detalhe ja salvo
pulando projeto 2926 (1966/4064): detalhe ja salvo
pulando projeto 2925 (1967/4064): detalhe ja salvo
pulando projeto 2924 (1968/4064): detalhe ja salvo
pulando projeto 2923 (1969/4064): detalhe ja salvo
pulando projeto 2922 (1970/4064): detalhe ja salvo
progresso: 1970/4064 (48.5%) | tempo restante estimado: 00:01
pulando projeto 2921 (1971/4064): detalhe ja salvo
pulando projeto 2920 (1972/4064): detalhe ja salvo
pulando projeto 2918 (1973/4064): detalhe ja salvo
pulando projeto 2917 (1974/4064): detalhe ja salvo
pulando projeto 2916 (1975/4064): detalhe ja salvo
pulando projeto 2915 (1976/4064): detalhe ja salvo
pulando projeto 2914 (1977/4064): detalhe ja salvo
pulando projeto 2913 (1978/4064): detalhe ja salvo
pulando projeto 2912 (1979/4064): detalhe ja salvo
pulando projeto 2911 (1980/4064): detalhe ja salvo
progresso: 1980/4064 (48.7%) | tempo restante estimado: 00:01
pulando projeto 2910 (1981/4064): detalhe ja salvo
pulando projeto 2909 (1982/4064): detalhe ja salvo
pulando projeto 2908 (1983/4064): detalhe ja salvo
pulando projeto 2907 (1984/4064): detalhe ja salvo
pulando projeto 2906 (1985/4064): detalhe ja salvo
pulando projeto 2905 (1986/4064): detalhe ja salvo
pulando projeto 2904 (1987/4064): detalhe ja salvo
pulando projeto 2903 (1988/4064): detalhe ja salvo
pulando projeto 2902 (1989/4064): detalhe ja salvo
pulando projeto 2901 (1990/4064): detalhe ja salvo
progresso: 1990/4064 (49.0%) | tempo restante estimado: 00:01
pulando projeto 2900 (1991/4064): detalhe ja salvo
pulando projeto 2899 (1992/4064): detalhe ja salvo
pulando projeto 2898 (1993/4064): detalhe ja salvo
pulando projeto 2897 (1994/4064): detalhe ja salvo
pulando projeto 2896 (1995/4064): detalhe ja salvo
pulando projeto 2895 (1996/4064): detalhe ja salvo
pulando projeto 2894 (1997/4064): detalhe ja salvo
pulando projeto 2893 (1998/4064): detalhe ja salvo
pulando projeto 2892 (1999/4064): detalhe ja salvo
pulando projeto 2891 (2000/4064): detalhe ja salvo
progresso: 2000/4064 (49.2%) | tempo restante estimado: 00:01
pulando projeto 2890 (2001/4064): detalhe ja salvo
pulando projeto 2889 (2002/4064): detalhe ja salvo
pulando projeto 2888 (2003/4064): detalhe ja salvo
pulando projeto 2887 (2004/4064): detalhe ja salvo
pulando projeto 2886 (2005/4064): detalhe ja salvo
pulando projeto 2885 (2006/4064): detalhe ja salvo
pulando projeto 2879 (2007/4064): detalhe ja salvo
pulando projeto 2878 (2008/4064): detalhe ja salvo
pulando projeto 2877 (2009/4064): detalhe ja salvo
pulando projeto 2876 (2010/4064): detalhe ja salvo
progresso: 2010/4064 (49.5%) | tempo restante estimado: 00:01
pulando projeto 2843 (2011/4064): detalhe ja salvo
pulando projeto 2842 (2012/4064): detalhe ja salvo
pulando projeto 2841 (2013/4064): detalhe ja salvo
pulando projeto 2836 (2014/4064): detalhe ja salvo
pulando projeto 2835 (2015/4064): detalhe ja salvo
pulando projeto 2834 (2016/4064): detalhe ja salvo
pulando projeto 2833 (2017/4064): detalhe ja salvo
pulando projeto 2832 (2018/4064): detalhe ja salvo
pulando projeto 2831 (2019/4064): detalhe ja salvo
pulando projeto 2830 (2020/4064): detalhe ja salvo
progresso: 2020/4064 (49.7%) | tempo restante estimado: 00:01
pulando projeto 2829 (2021/4064): detalhe ja salvo
pulando projeto 2826 (2022/4064): detalhe ja salvo
pulando projeto 2825 (2023/4064): detalhe ja salvo
pulando projeto 2824 (2024/4064): detalhe ja salvo
pulando projeto 2823 (2025/4064): detalhe ja salvo
pulando projeto 2822 (2026/4064): detalhe ja salvo
pulando projeto 2821 (2027/4064): detalhe ja salvo
pulando projeto 2820 (2028/4064): detalhe ja salvo
pulando projeto 2819 (2029/4064): detalhe ja salvo
pulando projeto 2818 (2030/4064): detalhe ja salvo
progresso: 2030/4064 (50.0%) | tempo restante estimado: 00:01
pulando projeto 2817 (2031/4064): detalhe ja salvo
pulando projeto 2816 (2032/4064): detalhe ja salvo
pulando projeto 2815 (2033/4064): detalhe ja salvo
pulando projeto 2814 (2034/4064): detalhe ja salvo
pulando projeto 2781 (2035/4064): detalhe ja salvo
pulando projeto 2780 (2036/4064): detalhe ja salvo
pulando projeto 2779 (2037/4064): detalhe ja salvo
pulando projeto 2778 (2038/4064): detalhe ja salvo
pulando projeto 2777 (2039/4064): detalhe ja salvo
pulando projeto 2775 (2040/4064): detalhe ja salvo
progresso: 2040/4064 (50.2%) | tempo restante estimado: 00:01
pulando projeto 2770 (2041/4064): detalhe ja salvo
pulando projeto 2769 (2042/4064): detalhe ja salvo
pulando projeto 2768 (2043/4064): detalhe ja salvo
pulando projeto 2767 (2044/4064): detalhe ja salvo
pulando projeto 2766 (2045/4064): detalhe ja salvo
pulando projeto 2765 (2046/4064): detalhe ja salvo
pulando projeto 2764 (2047/4064): detalhe ja salvo
pulando projeto 2763 (2048/4064): detalhe ja salvo
pulando projeto 2762 (2049/4064): detalhe ja salvo
pulando projeto 2761 (2050/4064): detalhe ja salvo
progresso: 2050/4064 (50.4%) | tempo restante estimado: 00:01
pulando projeto 2760 (2051/4064): detalhe ja salvo
pulando projeto 2759 (2052/4064): detalhe ja salvo
pulando projeto 2758 (2053/4064): detalhe ja salvo
pulando projeto 2757 (2054/4064): detalhe ja salvo
pulando projeto 2756 (2055/4064): detalhe ja salvo
pulando projeto 2755 (2056/4064): detalhe ja salvo
pulando projeto 2754 (2057/4064): detalhe ja salvo
pulando projeto 2753 (2058/4064): detalhe ja salvo
pulando projeto 2752 (2059/4064): detalhe ja salvo
pulando projeto 2751 (2060/4064): detalhe ja salvo
progresso: 2060/4064 (50.7%) | tempo restante estimado: 00:01
pulando projeto 2750 (2061/4064): detalhe ja salvo
pulando projeto 2749 (2062/4064): detalhe ja salvo
pulando projeto 2748 (2063/4064): detalhe ja salvo
pulando projeto 2747 (2064/4064): detalhe ja salvo
pulando projeto 2746 (2065/4064): detalhe ja salvo
pulando projeto 2745 (2066/4064): detalhe ja salvo
pulando projeto 2744 (2067/4064): detalhe ja salvo
pulando projeto 2742 (2068/4064): detalhe ja salvo
pulando projeto 2741 (2069/4064): detalhe ja salvo
pulando projeto 2740 (2070/4064): detalhe ja salvo
progresso: 2070/4064 (50.9%) | tempo restante estimado: 00:01
pulando projeto 2739 (2071/4064): detalhe ja salvo
pulando projeto 2738 (2072/4064): detalhe ja salvo
pulando projeto 2737 (2073/4064): detalhe ja salvo
pulando projeto 2736 (2074/4064): detalhe ja salvo
pulando projeto 2735 (2075/4064): detalhe ja salvo
pulando projeto 2734 (2076/4064): detalhe ja salvo
pulando projeto 2733 (2077/4064): detalhe ja salvo
pulando projeto 2731 (2078/4064): detalhe ja salvo
pulando projeto 2730 (2079/4064): detalhe ja salvo
pulando projeto 2729 (2080/4064): detalhe ja salvo
progresso: 2080/4064 (51.2%) | tempo restante estimado: 00:01
pulando projeto 2728 (2081/4064): detalhe ja salvo
pulando projeto 2727 (2082/4064): detalhe ja salvo
pulando projeto 2726 (2083/4064): detalhe ja salvo
pulando projeto 2725 (2084/4064): detalhe ja salvo
pulando projeto 2724 (2085/4064): detalhe ja salvo
pulando projeto 2692 (2086/4064): detalhe ja salvo
pulando projeto 2691 (2087/4064): detalhe ja salvo
pulando projeto 2690 (2088/4064): detalhe ja salvo
pulando projeto 2689 (2089/4064): detalhe ja salvo
pulando projeto 2688 (2090/4064): detalhe ja salvo
progresso: 2090/4064 (51.4%) | tempo restante estimado: 00:01
pulando projeto 2687 (2091/4064): detalhe ja salvo
pulando projeto 2686 (2092/4064): detalhe ja salvo
pulando projeto 2685 (2093/4064): detalhe ja salvo
pulando projeto 2684 (2094/4064): detalhe ja salvo
pulando projeto 2683 (2095/4064): detalhe ja salvo
pulando projeto 2680 (2096/4064): detalhe ja salvo
pulando projeto 2679 (2097/4064): detalhe ja salvo
pulando projeto 2678 (2098/4064): detalhe ja salvo
pulando projeto 2677 (2099/4064): detalhe ja salvo
pulando projeto 2676 (2100/4064): detalhe ja salvo
progresso: 2100/4064 (51.7%) | tempo restante estimado: 00:01
pulando projeto 2675 (2101/4064): detalhe ja salvo
pulando projeto 2674 (2102/4064): detalhe ja salvo
pulando projeto 2673 (2103/4064): detalhe ja salvo
pulando projeto 2672 (2104/4064): detalhe ja salvo
pulando projeto 2671 (2105/4064): detalhe ja salvo
pulando projeto 2670 (2106/4064): detalhe ja salvo
pulando projeto 2669 (2107/4064): detalhe ja salvo
pulando projeto 2668 (2108/4064): detalhe ja salvo
pulando projeto 2667 (2109/4064): detalhe ja salvo
pulando projeto 2666 (2110/4064): detalhe ja salvo
progresso: 2110/4064 (51.9%) | tempo restante estimado: 00:01
pulando projeto 2665 (2111/4064): detalhe ja salvo
pulando projeto 2664 (2112/4064): detalhe ja salvo
pulando projeto 2662 (2113/4064): detalhe ja salvo
pulando projeto 2661 (2114/4064): detalhe ja salvo
pulando projeto 2660 (2115/4064): detalhe ja salvo
pulando projeto 2659 (2116/4064): detalhe ja salvo
pulando projeto 2658 (2117/4064): detalhe ja salvo
pulando projeto 2657 (2118/4064): detalhe ja salvo
pulando projeto 2656 (2119/4064): detalhe ja salvo
pulando projeto 2655 (2120/4064): detalhe ja salvo
progresso: 2120/4064 (52.2%) | tempo restante estimado: 00:01
pulando projeto 2654 (2121/4064): detalhe ja salvo