Iniciando extracao de detalhes de projetos da Gold Standard
lista carregada de: C:\Temp\Repositórios\registros-certificadoras\data\project_standards\01_bronze\gold_standard\20260422\list\projects.json
total detectado na lista: 4064
total a processar nesta execucao: 4064
endpoint de detalhe: https://public-api.goldstandard.org/projects/<id>
pausa entre projetos: 1.0 segundos
pausa extra a cada bloco: 8.0 segundos a cada 5 projetos
retry em 429: 5 tentativas adicionais com espera de 8.0s
arquivo de falhas: C:\Temp\Repositórios\registros-certificadoras\src\projects_standards\gold_standard\bronze\logs\extract_project_details_failures_20260422.json
diretorio de saida: C:\Temp\Repositórios\registros-certificadoras\data\project_standards\01_bronze\gold_standard\20260422\projects
pulando projeto 5518 (1/4064): detalhe ja salvo
pulando projeto 5517 (2/4064): detalhe ja salvo
pulando projeto 5516 (3/4064): detalhe ja salvo
pulando projeto 5506 (4/4064): detalhe ja salvo
pulando projeto 5504 (5/4064): detalhe ja salvo
pulando projeto 5499 (6/4064): detalhe ja salvo
pulando projeto 5489 (7/4064): detalhe ja salvo
pulando projeto 5474 (8/4064): detalhe ja salvo
pulando projeto 5466 (9/4064): detalhe ja salvo
pulando projeto 5465 (10/4064): detalhe ja salvo
progresso: 10/4064 (0.2%) | tempo restante estimado: 00:01
pulando projeto 5461 (11/4064): detalhe ja salvo
pulando projeto 5460 (12/4064): detalhe ja salvo
pulando projeto 5457 (13/4064): detalhe ja salvo
pulando projeto 5456 (14/4064): detalhe ja salvo
pulando projeto 5455 (15/4064): detalhe ja salvo
pulando projeto 5449 (16/4064): detalhe ja salvo
pulando projeto 5444 (17/4064): detalhe ja salvo
pulando projeto 5443 (18/4064): detalhe ja salvo
pulando projeto 5442 (19/4064): detalhe ja salvo
pulando projeto 5440 (20/4064): detalhe ja salvo
progresso: 20/4064 (0.5%) | tempo restante estimado: 00:01
pulando projeto 5438 (21/4064): detalhe ja salvo
pulando projeto 5435 (22/4064): detalhe ja salvo
pulando projeto 5434 (23/4064): detalhe ja salvo
pulando projeto 5429 (24/4064): detalhe ja salvo
pulando projeto 5428 (25/4064): detalhe ja salvo
pulando projeto 5427 (26/4064): detalhe ja salvo
pulando projeto 5426 (27/4064): detalhe ja salvo
pulando projeto 5423 (28/4064): detalhe ja salvo
pulando projeto 5422 (29/4064): detalhe ja salvo
pulando projeto 5420 (30/4064): detalhe ja salvo
progresso: 30/4064 (0.7%) | tempo restante estimado: 00:01
pulando projeto 5419 (31/4064): detalhe ja salvo
pulando projeto 5415 (32/4064): detalhe ja salvo
pulando projeto 5414 (33/4064): detalhe ja salvo
pulando projeto 5413 (34/4064): detalhe ja salvo
pulando projeto 5411 (35/4064): detalhe ja salvo
pulando projeto 5410 (36/4064): detalhe ja salvo
pulando projeto 5408 (37/4064): detalhe ja salvo
pulando projeto 5407 (38/4064): detalhe ja salvo
pulando projeto 5406 (39/4064): detalhe ja salvo
pulando projeto 5405 (40/4064): detalhe ja salvo
progresso: 40/4064 (1.0%) | tempo restante estimado: 00:01
pulando projeto 5404 (41/4064): detalhe ja salvo
pulando projeto 5403 (42/4064): detalhe ja salvo
pulando projeto 5402 (43/4064): detalhe ja salvo
pulando projeto 5400 (44/4064): detalhe ja salvo
pulando projeto 5399 (45/4064): detalhe ja salvo
pulando projeto 5398 (46/4064): detalhe ja salvo
pulando projeto 5397 (47/4064): detalhe ja salvo
pulando projeto 5396 (48/4064): detalhe ja salvo
pulando projeto 5393 (49/4064): detalhe ja salvo
pulando projeto 5392 (50/4064): detalhe ja salvo
progresso: 50/4064 (1.2%) | tempo restante estimado: 00:01
pulando projeto 5390 (51/4064): detalhe ja salvo
pulando projeto 5389 (52/4064): detalhe ja salvo
pulando projeto 5388 (53/4064): detalhe ja salvo
pulando projeto 5383 (54/4064): detalhe ja salvo
pulando projeto 5380 (55/4064): detalhe ja salvo
pulando projeto 5379 (56/4064): detalhe ja salvo
pulando projeto 5377 (57/4064): detalhe ja salvo
pulando projeto 5376 (58/4064): detalhe ja salvo
pulando projeto 5375 (59/4064): detalhe ja salvo
pulando projeto 5374 (60/4064): detalhe ja salvo
progresso: 60/4064 (1.5%) | tempo restante estimado: 00:01
pulando projeto 5373 (61/4064): detalhe ja salvo
pulando projeto 5372 (62/4064): detalhe ja salvo
pulando projeto 5371 (63/4064): detalhe ja salvo
pulando projeto 5370 (64/4064): detalhe ja salvo
pulando projeto 5369 (65/4064): detalhe ja salvo
pulando projeto 5368 (66/4064): detalhe ja salvo
pulando projeto 5367 (67/4064): detalhe ja salvo
pulando projeto 5366 (68/4064): detalhe ja salvo
pulando projeto 5365 (69/4064): detalhe ja salvo
pulando projeto 5364 (70/4064): detalhe ja salvo
progresso: 70/4064 (1.7%) | tempo restante estimado: 00:01
pulando projeto 5363 (71/4064): detalhe ja salvo
pulando projeto 5362 (72/4064): detalhe ja salvo
pulando projeto 5361 (73/4064): detalhe ja salvo
pulando projeto 5360 (74/4064): detalhe ja salvo
pulando projeto 5359 (75/4064): detalhe ja salvo
pulando projeto 5358 (76/4064): detalhe ja salvo
pulando projeto 5357 (77/4064): detalhe ja salvo
pulando projeto 5355 (78/4064): detalhe ja salvo
pulando projeto 5348 (79/4064): detalhe ja salvo
pulando projeto 5347 (80/4064): detalhe ja salvo
progresso: 80/4064 (2.0%) | tempo restante estimado: 00:01
pulando projeto 5346 (81/4064): detalhe ja salvo
pulando projeto 5345 (82/4064): detalhe ja salvo
pulando projeto 5343 (83/4064): detalhe ja salvo
pulando projeto 5340 (84/4064): detalhe ja salvo
pulando projeto 5339 (85/4064): detalhe ja salvo
pulando projeto 5338 (86/4064): detalhe ja salvo
pulando projeto 5337 (87/4064): detalhe ja salvo
pulando projeto 5336 (88/4064): detalhe ja salvo
pulando projeto 5335 (89/4064): detalhe ja salvo
pulando projeto 5334 (90/4064): detalhe ja salvo
progresso: 90/4064 (2.2%) | tempo restante estimado: 00:01
pulando projeto 5333 (91/4064): detalhe ja salvo
pulando projeto 5332 (92/4064): detalhe ja salvo
pulando projeto 5331 (93/4064): detalhe ja salvo
pulando projeto 5330 (94/4064): detalhe ja salvo
pulando projeto 5329 (95/4064): detalhe ja salvo
pulando projeto 5328 (96/4064): detalhe ja salvo
pulando projeto 5327 (97/4064): detalhe ja salvo
pulando projeto 5326 (98/4064): detalhe ja salvo
pulando projeto 5325 (99/4064): detalhe ja salvo
pulando projeto 5324 (100/4064): detalhe ja salvo
progresso: 100/4064 (2.5%) | tempo restante estimado: 00:01
pulando projeto 5323 (101/4064): detalhe ja salvo
pulando projeto 5322 (102/4064): detalhe ja salvo
pulando projeto 5321 (103/4064): detalhe ja salvo
pulando projeto 5319 (104/4064): detalhe ja salvo
pulando projeto 5318 (105/4064): detalhe ja salvo
pulando projeto 5317 (106/4064): detalhe ja salvo
pulando projeto 5316 (107/4064): detalhe ja salvo
pulando projeto 5315 (108/4064): detalhe ja salvo
pulando projeto 5314 (109/4064): detalhe ja salvo
pulando projeto 5313 (110/4064): detalhe ja salvo
progresso: 110/4064 (2.7%) | tempo restante estimado: 00:01
pulando projeto 5312 (111/4064): detalhe ja salvo
pulando projeto 5311 (112/4064): detalhe ja salvo
pulando projeto 5310 (113/4064): detalhe ja salvo
pulando projeto 5308 (114/4064): detalhe ja salvo
pulando projeto 5307 (115/4064): detalhe ja salvo
pulando projeto 5306 (116/4064): detalhe ja salvo
pulando projeto 5304 (117/4064): detalhe ja salvo
pulando projeto 5303 (118/4064): detalhe ja salvo
pulando projeto 5302 (119/4064): detalhe ja salvo
pulando projeto 5301 (120/4064): detalhe ja salvo
progresso: 120/4064 (3.0%) | tempo restante estimado: 00:01
pulando projeto 5299 (121/4064): detalhe ja salvo
pulando projeto 5298 (122/4064): detalhe ja salvo
pulando projeto 5297 (123/4064): detalhe ja salvo
pulando projeto 5296 (124/4064): detalhe ja salvo
pulando projeto 5295 (125/4064): detalhe ja salvo
pulando projeto 5293 (126/4064): detalhe ja salvo
pulando projeto 5292 (127/4064): detalhe ja salvo
pulando projeto 5291 (128/4064): detalhe ja salvo
pulando projeto 5290 (129/4064): detalhe ja salvo
pulando projeto 5289 (130/4064): detalhe ja salvo
progresso: 130/4064 (3.2%) | tempo restante estimado: 00:01
pulando projeto 5288 (131/4064): detalhe ja salvo
pulando projeto 5287 (132/4064): detalhe ja salvo
pulando projeto 5286 (133/4064): detalhe ja salvo
pulando projeto 5284 (134/4064): detalhe ja salvo
pulando projeto 5283 (135/4064): detalhe ja salvo
pulando projeto 5282 (136/4064): detalhe ja salvo
pulando projeto 5281 (137/4064): detalhe ja salvo
pulando projeto 5280 (138/4064): detalhe ja salvo
pulando projeto 5279 (139/4064): detalhe ja salvo
pulando projeto 5278 (140/4064): detalhe ja salvo
progresso: 140/4064 (3.4%) | tempo restante estimado: 00:01
pulando projeto 5277 (141/4064): detalhe ja salvo
pulando projeto 5275 (142/4064): detalhe ja salvo
pulando projeto 5264 (143/4064): detalhe ja salvo
pulando projeto 5263 (144/4064): detalhe ja salvo
pulando projeto 5262 (145/4064): detalhe ja salvo
pulando projeto 5261 (146/4064): detalhe ja salvo
pulando projeto 5260 (147/4064): detalhe ja salvo
pulando projeto 5259 (148/4064): detalhe ja salvo
pulando projeto 5258 (149/4064): detalhe ja salvo
pulando projeto 5256 (150/4064): detalhe ja salvo
progresso: 150/4064 (3.7%) | tempo restante estimado: 00:01
pulando projeto 5255 (151/4064): detalhe ja salvo
pulando projeto 5254 (152/4064): detalhe ja salvo
pulando projeto 5253 (153/4064): detalhe ja salvo
pulando projeto 5252 (154/4064): detalhe ja salvo
pulando projeto 5251 (155/4064): detalhe ja salvo
pulando projeto 5250 (156/4064): detalhe ja salvo
pulando projeto 5247 (157/4064): detalhe ja salvo
pulando projeto 5243 (158/4064): detalhe ja salvo
pulando projeto 5242 (159/4064): detalhe ja salvo
pulando projeto 5227 (160/4064): detalhe ja salvo
progresso: 160/4064 (3.9%) | tempo restante estimado: 00:01
pulando projeto 5226 (161/4064): detalhe ja salvo
pulando projeto 5225 (162/4064): detalhe ja salvo
pulando projeto 5224 (163/4064): detalhe ja salvo
pulando projeto 5223 (164/4064): detalhe ja salvo
pulando projeto 5221 (165/4064): detalhe ja salvo
pulando projeto 5220 (166/4064): detalhe ja salvo
pulando projeto 5219 (167/4064): detalhe ja salvo
pulando projeto 5218 (168/4064): detalhe ja salvo
pulando projeto 5217 (169/4064): detalhe ja salvo
pulando projeto 5214 (170/4064): detalhe ja salvo
progresso: 170/4064 (4.2%) | tempo restante estimado: 00:01
pulando projeto 5213 (171/4064): detalhe ja salvo
pulando projeto 5212 (172/4064): detalhe ja salvo
pulando projeto 5211 (173/4064): detalhe ja salvo
pulando projeto 5210 (174/4064): detalhe ja salvo
pulando projeto 5209 (175/4064): detalhe ja salvo
pulando projeto 5208 (176/4064): detalhe ja salvo
pulando projeto 5207 (177/4064): detalhe ja salvo
pulando projeto 5203 (178/4064): detalhe ja salvo
pulando projeto 5200 (179/4064): detalhe ja salvo
pulando projeto 5198 (180/4064): detalhe ja salvo
progresso: 180/4064 (4.4%) | tempo restante estimado: 00:01
pulando projeto 5183 (181/4064): detalhe ja salvo
pulando projeto 5182 (182/4064): detalhe ja salvo
pulando projeto 5181 (183/4064): detalhe ja salvo
pulando projeto 5180 (184/4064): detalhe ja salvo
pulando projeto 5179 (185/4064): detalhe ja salvo
pulando projeto 5178 (186/4064): detalhe ja salvo
pulando projeto 5176 (187/4064): detalhe ja salvo
pulando projeto 5173 (188/4064): detalhe ja salvo
pulando projeto 5172 (189/4064): detalhe ja salvo
pulando projeto 5171 (190/4064): detalhe ja salvo
progresso: 190/4064 (4.7%) | tempo restante estimado: 00:01
pulando projeto 5170 (191/4064): detalhe ja salvo
pulando projeto 5150 (192/4064): detalhe ja salvo
pulando projeto 5125 (193/4064): detalhe ja salvo
pulando projeto 5124 (194/4064): detalhe ja salvo
pulando projeto 5123 (195/4064): detalhe ja salvo
pulando projeto 5120 (196/4064): detalhe ja salvo
pulando projeto 5119 (197/4064): detalhe ja salvo
pulando projeto 5118 (198/4064): detalhe ja salvo
pulando projeto 5117 (199/4064): detalhe ja salvo
pulando projeto 5116 (200/4064): detalhe ja salvo
progresso: 200/4064 (4.9%) | tempo restante estimado: 00:01
pulando projeto 5102 (201/4064): detalhe ja salvo
pulando projeto 5101 (202/4064): detalhe ja salvo
pulando projeto 5098 (203/4064): detalhe ja salvo
pulando projeto 5096 (204/4064): detalhe ja salvo
pulando projeto 5093 (205/4064): detalhe ja salvo
pulando projeto 5092 (206/4064): detalhe ja salvo
pulando projeto 5091 (207/4064): detalhe ja salvo
pulando projeto 5090 (208/4064): detalhe ja salvo
pulando projeto 5089 (209/4064): detalhe ja salvo
pulando projeto 5087 (210/4064): detalhe ja salvo
progresso: 210/4064 (5.2%) | tempo restante estimado: 00:01
pulando projeto 5086 (211/4064): detalhe ja salvo
pulando projeto 5085 (212/4064): detalhe ja salvo
pulando projeto 5084 (213/4064): detalhe ja salvo
pulando projeto 5083 (214/4064): detalhe ja salvo
pulando projeto 5082 (215/4064): detalhe ja salvo
pulando projeto 5078 (216/4064): detalhe ja salvo
pulando projeto 5077 (217/4064): detalhe ja salvo
pulando projeto 5076 (218/4064): detalhe ja salvo
pulando projeto 5075 (219/4064): detalhe ja salvo
pulando projeto 5074 (220/4064): detalhe ja salvo
progresso: 220/4064 (5.4%) | tempo restante estimado: 00:01
pulando projeto 5073 (221/4064): detalhe ja salvo
pulando projeto 5072 (222/4064): detalhe ja salvo
pulando projeto 5071 (223/4064): detalhe ja salvo
pulando projeto 5068 (224/4064): detalhe ja salvo
pulando projeto 5067 (225/4064): detalhe ja salvo
pulando projeto 5066 (226/4064): detalhe ja salvo
pulando projeto 5065 (227/4064): detalhe ja salvo
pulando projeto 5064 (228/4064): detalhe ja salvo
pulando projeto 5063 (229/4064): detalhe ja salvo
pulando projeto 5062 (230/4064): detalhe ja salvo
progresso: 230/4064 (5.7%) | tempo restante estimado: 00:01
pulando projeto 5061 (231/4064): detalhe ja salvo
pulando projeto 5060 (232/4064): detalhe ja salvo
pulando projeto 5059 (233/4064): detalhe ja salvo
pulando projeto 5058 (234/4064): detalhe ja salvo
pulando projeto 5057 (235/4064): detalhe ja salvo
pulando projeto 5056 (236/4064): detalhe ja salvo
pulando projeto 5055 (237/4064): detalhe ja salvo
pulando projeto 5054 (238/4064): detalhe ja salvo
pulando projeto 5053 (239/4064): detalhe ja salvo
pulando projeto 5052 (240/4064): detalhe ja salvo
progresso: 240/4064 (5.9%) | tempo restante estimado: 00:01
pulando projeto 5051 (241/4064): detalhe ja salvo
pulando projeto 5050 (242/4064): detalhe ja salvo
pulando projeto 5049 (243/4064): detalhe ja salvo
pulando projeto 5048 (244/4064): detalhe ja salvo
pulando projeto 5046 (245/4064): detalhe ja salvo
pulando projeto 5045 (246/4064): detalhe ja salvo
pulando projeto 5044 (247/4064): detalhe ja salvo
pulando projeto 5043 (248/4064): detalhe ja salvo
pulando projeto 5042 (249/4064): detalhe ja salvo
pulando projeto 5041 (250/4064): detalhe ja salvo
progresso: 250/4064 (6.2%) | tempo restante estimado: 00:01
pulando projeto 5040 (251/4064): detalhe ja salvo
pulando projeto 5038 (252/4064): detalhe ja salvo
pulando projeto 5037 (253/4064): detalhe ja salvo
pulando projeto 5036 (254/4064): detalhe ja salvo
pulando projeto 5035 (255/4064): detalhe ja salvo
pulando projeto 5031 (256/4064): detalhe ja salvo
pulando projeto 5030 (257/4064): detalhe ja salvo
pulando projeto 5029 (258/4064): detalhe ja salvo
pulando projeto 5028 (259/4064): detalhe ja salvo
pulando projeto 5027 (260/4064): detalhe ja salvo
progresso: 260/4064 (6.4%) | tempo restante estimado: 00:01
pulando projeto 5025 (261/4064): detalhe ja salvo
pulando projeto 5022 (262/4064): detalhe ja salvo
pulando projeto 5021 (263/4064): detalhe ja salvo
pulando projeto 5020 (264/4064): detalhe ja salvo
pulando projeto 5019 (265/4064): detalhe ja salvo
pulando projeto 5018 (266/4064): detalhe ja salvo
pulando projeto 5014 (267/4064): detalhe ja salvo
pulando projeto 5013 (268/4064): detalhe ja salvo
pulando projeto 5012 (269/4064): detalhe ja salvo
pulando projeto 5011 (270/4064): detalhe ja salvo
progresso: 270/4064 (6.6%) | tempo restante estimado: 00:01
pulando projeto 5010 (271/4064): detalhe ja salvo
pulando projeto 5009 (272/4064): detalhe ja salvo
pulando projeto 5008 (273/4064): detalhe ja salvo
pulando projeto 5007 (274/4064): detalhe ja salvo
pulando projeto 5006 (275/4064): detalhe ja salvo
pulando projeto 5005 (276/4064): detalhe ja salvo
pulando projeto 5002 (277/4064): detalhe ja salvo
pulando projeto 5001 (278/4064): detalhe ja salvo
pulando projeto 5000 (279/4064): detalhe ja salvo
pulando projeto 4999 (280/4064): detalhe ja salvo
progresso: 280/4064 (6.9%) | tempo restante estimado: 00:01
pulando projeto 4998 (281/4064): detalhe ja salvo
pulando projeto 4997 (282/4064): detalhe ja salvo
pulando projeto 4996 (283/4064): detalhe ja salvo
pulando projeto 4995 (284/4064): detalhe ja salvo
pulando projeto 4992 (285/4064): detalhe ja salvo
pulando projeto 4990 (286/4064): detalhe ja salvo
pulando projeto 4989 (287/4064): detalhe ja salvo
pulando projeto 4987 (288/4064): detalhe ja salvo
pulando projeto 4986 (289/4064): detalhe ja salvo
pulando projeto 4985 (290/4064): detalhe ja salvo
progresso: 290/4064 (7.1%) | tempo restante estimado: 00:01
pulando projeto 4984 (291/4064): detalhe ja salvo
pulando projeto 4983 (292/4064): detalhe ja salvo
pulando projeto 4982 (293/4064): detalhe ja salvo
pulando projeto 4981 (294/4064): detalhe ja salvo
pulando projeto 4980 (295/4064): detalhe ja salvo
pulando projeto 4979 (296/4064): detalhe ja salvo
pulando projeto 4978 (297/4064): detalhe ja salvo
pulando projeto 4977 (298/4064): detalhe ja salvo
pulando projeto 4976 (299/4064): detalhe ja salvo
pulando projeto 4975 (300/4064): detalhe ja salvo
progresso: 300/4064 (7.4%) | tempo restante estimado: 00:01
pulando projeto 4974 (301/4064): detalhe ja salvo
pulando projeto 4973 (302/4064): detalhe ja salvo
pulando projeto 4972 (303/4064): detalhe ja salvo
pulando projeto 4971 (304/4064): detalhe ja salvo
pulando projeto 4970 (305/4064): detalhe ja salvo
pulando projeto 4969 (306/4064): detalhe ja salvo
pulando projeto 4968 (307/4064): detalhe ja salvo
pulando projeto 4967 (308/4064): detalhe ja salvo
pulando projeto 4966 (309/4064): detalhe ja salvo
pulando projeto 4965 (310/4064): detalhe ja salvo
progresso: 310/4064 (7.6%) | tempo restante estimado: 00:01
pulando projeto 4964 (311/4064): detalhe ja salvo
pulando projeto 4963 (312/4064): detalhe ja salvo
pulando projeto 4962 (313/4064): detalhe ja salvo
pulando projeto 4961 (314/4064): detalhe ja salvo
pulando projeto 4959 (315/4064): detalhe ja salvo
pulando projeto 4958 (316/4064): detalhe ja salvo
pulando projeto 4957 (317/4064): detalhe ja salvo
pulando projeto 4956 (318/4064): detalhe ja salvo
pulando projeto 4955 (319/4064): detalhe ja salvo
pulando projeto 4954 (320/4064): detalhe ja salvo
progresso: 320/4064 (7.9%) | tempo restante estimado: 00:01
pulando projeto 4953 (321/4064): detalhe ja salvo
pulando projeto 4952 (322/4064): detalhe ja salvo
pulando projeto 4951 (323/4064): detalhe ja salvo
pulando projeto 4950 (324/4064): detalhe ja salvo
pulando projeto 4949 (325/4064): detalhe ja salvo
pulando projeto 4948 (326/4064): detalhe ja salvo
pulando projeto 4947 (327/4064): detalhe ja salvo
pulando projeto 4946 (328/4064): detalhe ja salvo
pulando projeto 4945 (329/4064): detalhe ja salvo
pulando projeto 4944 (330/4064): detalhe ja salvo
progresso: 330/4064 (8.1%) | tempo restante estimado: 00:01
pulando projeto 4943 (331/4064): detalhe ja salvo
pulando projeto 4942 (332/4064): detalhe ja salvo
pulando projeto 4941 (333/4064): detalhe ja salvo
pulando projeto 4940 (334/4064): detalhe ja salvo
pulando projeto 4939 (335/4064): detalhe ja salvo
pulando projeto 4938 (336/4064): detalhe ja salvo
pulando projeto 4937 (337/4064): detalhe ja salvo
pulando projeto 4936 (338/4064): detalhe ja salvo
pulando projeto 4935 (339/4064): detalhe ja salvo
pulando projeto 4934 (340/4064): detalhe ja salvo
progresso: 340/4064 (8.4%) | tempo restante estimado: 00:01
pulando projeto 4933 (341/4064): detalhe ja salvo
pulando projeto 4932 (342/4064): detalhe ja salvo
pulando projeto 4930 (343/4064): detalhe ja salvo
pulando projeto 4929 (344/4064): detalhe ja salvo
pulando projeto 4928 (345/4064): detalhe ja salvo
pulando projeto 4927 (346/4064): detalhe ja salvo
pulando projeto 4926 (347/4064): detalhe ja salvo
pulando projeto 4925 (348/4064): detalhe ja salvo
pulando projeto 4924 (349/4064): detalhe ja salvo
pulando projeto 4923 (350/4064): detalhe ja salvo
progresso: 350/4064 (8.6%) | tempo restante estimado: 00:01
pulando projeto 4922 (351/4064): detalhe ja salvo
pulando projeto 4921 (352/4064): detalhe ja salvo
pulando projeto 4920 (353/4064): detalhe ja salvo
pulando projeto 4919 (354/4064): detalhe ja salvo
pulando projeto 4918 (355/4064): detalhe ja salvo
pulando projeto 4917 (356/4064): detalhe ja salvo
pulando projeto 4916 (357/4064): detalhe ja salvo
pulando projeto 4915 (358/4064): detalhe ja salvo
pulando projeto 4914 (359/4064): detalhe ja salvo
pulando projeto 4913 (360/4064): detalhe ja salvo
progresso: 360/4064 (8.9%) | tempo restante estimado: 00:01
pulando projeto 4912 (361/4064): detalhe ja salvo
pulando projeto 4911 (362/4064): detalhe ja salvo
pulando projeto 4908 (363/4064): detalhe ja salvo
pulando projeto 4907 (364/4064): detalhe ja salvo
pulando projeto 4906 (365/4064): detalhe ja salvo
pulando projeto 4905 (366/4064): detalhe ja salvo
pulando projeto 4904 (367/4064): detalhe ja salvo
pulando projeto 4903 (368/4064): detalhe ja salvo
pulando projeto 4902 (369/4064): detalhe ja salvo
pulando projeto 4901 (370/4064): detalhe ja salvo
progresso: 370/4064 (9.1%) | tempo restante estimado: 00:01
pulando projeto 4898 (371/4064): detalhe ja salvo
pulando projeto 4897 (372/4064): detalhe ja salvo
pulando projeto 4895 (373/4064): detalhe ja salvo
pulando projeto 4894 (374/4064): detalhe ja salvo
pulando projeto 4893 (375/4064): detalhe ja salvo
pulando projeto 4891 (376/4064): detalhe ja salvo
pulando projeto 4890 (377/4064): detalhe ja salvo
pulando projeto 4889 (378/4064): detalhe ja salvo
pulando projeto 4888 (379/4064): detalhe ja salvo
pulando projeto 4887 (380/4064): detalhe ja salvo
progresso: 380/4064 (9.4%) | tempo restante estimado: 00:01
pulando projeto 4886 (381/4064): detalhe ja salvo
pulando projeto 4885 (382/4064): detalhe ja salvo
pulando projeto 4884 (383/4064): detalhe ja salvo
pulando projeto 4883 (384/4064): detalhe ja salvo
pulando projeto 4882 (385/4064): detalhe ja salvo
pulando projeto 4881 (386/4064): detalhe ja salvo
pulando projeto 4880 (387/4064): detalhe ja salvo
pulando projeto 4879 (388/4064): detalhe ja salvo
pulando projeto 4878 (389/4064): detalhe ja salvo
pulando projeto 4877 (390/4064): detalhe ja salvo
progresso: 390/4064 (9.6%) | tempo restante estimado: 00:01
pulando projeto 4876 (391/4064): detalhe ja salvo
pulando projeto 4874 (392/4064): detalhe ja salvo
pulando projeto 4873 (393/4064): detalhe ja salvo
pulando projeto 4872 (394/4064): detalhe ja salvo
pulando projeto 4871 (395/4064): detalhe ja salvo
pulando projeto 4870 (396/4064): detalhe ja salvo
pulando projeto 4869 (397/4064): detalhe ja salvo
pulando projeto 4868 (398/4064): detalhe ja salvo
pulando projeto 4867 (399/4064): detalhe ja salvo
pulando projeto 4865 (400/4064): detalhe ja salvo
progresso: 400/4064 (9.8%) | tempo restante estimado: 00:01
pulando projeto 4864 (401/4064): detalhe ja salvo
pulando projeto 4863 (402/4064): detalhe ja salvo
pulando projeto 4862 (403/4064): detalhe ja salvo
pulando projeto 4860 (404/4064): detalhe ja salvo
pulando projeto 4859 (405/4064): detalhe ja salvo
pulando projeto 4858 (406/4064): detalhe ja salvo
pulando projeto 4857 (407/4064): detalhe ja salvo
pulando projeto 4856 (408/4064): detalhe ja salvo
pulando projeto 4855 (409/4064): detalhe ja salvo
pulando projeto 4854 (410/4064): detalhe ja salvo
progresso: 410/4064 (10.1%) | tempo restante estimado: 00:01
pulando projeto 4853 (411/4064): detalhe ja salvo
pulando projeto 4852 (412/4064): detalhe ja salvo
pulando projeto 4851 (413/4064): detalhe ja salvo
pulando projeto 4850 (414/4064): detalhe ja salvo
pulando projeto 4849 (415/4064): detalhe ja salvo
pulando projeto 4848 (416/4064): detalhe ja salvo
pulando projeto 4847 (417/4064): detalhe ja salvo
pulando projeto 4846 (418/4064): detalhe ja salvo
pulando projeto 4844 (419/4064): detalhe ja salvo
pulando projeto 4843 (420/4064): detalhe ja salvo
progresso: 420/4064 (10.3%) | tempo restante estimado: 00:01
pulando projeto 4842 (421/4064): detalhe ja salvo
pulando projeto 4841 (422/4064): detalhe ja salvo
pulando projeto 4840 (423/4064): detalhe ja salvo
pulando projeto 4838 (424/4064): detalhe ja salvo
pulando projeto 4837 (425/4064): detalhe ja salvo
pulando projeto 4835 (426/4064): detalhe ja salvo
pulando projeto 4833 (427/4064): detalhe ja salvo
pulando projeto 4832 (428/4064): detalhe ja salvo
pulando projeto 4831 (429/4064): detalhe ja salvo
pulando projeto 4830 (430/4064): detalhe ja salvo
progresso: 430/4064 (10.6%) | tempo restante estimado: 00:01
pulando projeto 4829 (431/4064): detalhe ja salvo
pulando projeto 4827 (432/4064): detalhe ja salvo
pulando projeto 4826 (433/4064): detalhe ja salvo
pulando projeto 4825 (434/4064): detalhe ja salvo
pulando projeto 4824 (435/4064): detalhe ja salvo
pulando projeto 4823 (436/4064): detalhe ja salvo
pulando projeto 4822 (437/4064): detalhe ja salvo
pulando projeto 4821 (438/4064): detalhe ja salvo
pulando projeto 4817 (439/4064): detalhe ja salvo
pulando projeto 4816 (440/4064): detalhe ja salvo
progresso: 440/4064 (10.8%) | tempo restante estimado: 00:01
pulando projeto 4815 (441/4064): detalhe ja salvo
pulando projeto 4814 (442/4064): detalhe ja salvo
pulando projeto 4813 (443/4064): detalhe ja salvo
pulando projeto 4811 (444/4064): detalhe ja salvo
pulando projeto 4810 (445/4064): detalhe ja salvo
pulando projeto 4809 (446/4064): detalhe ja salvo
pulando projeto 4808 (447/4064): detalhe ja salvo
pulando projeto 4807 (448/4064): detalhe ja salvo
pulando projeto 4806 (449/4064): detalhe ja salvo
pulando projeto 4802 (450/4064): detalhe ja salvo
progresso: 450/4064 (11.1%) | tempo restante estimado: 00:01
pulando projeto 4801 (451/4064): detalhe ja salvo
pulando projeto 4800 (452/4064): detalhe ja salvo
pulando projeto 4799 (453/4064): detalhe ja salvo
pulando projeto 4798 (454/4064): detalhe ja salvo
pulando projeto 4797 (455/4064): detalhe ja salvo
pulando projeto 4796 (456/4064): detalhe ja salvo
pulando projeto 4794 (457/4064): detalhe ja salvo
pulando projeto 4793 (458/4064): detalhe ja salvo
pulando projeto 4792 (459/4064): detalhe ja salvo
pulando projeto 4789 (460/4064): detalhe ja salvo
progresso: 460/4064 (11.3%) | tempo restante estimado: 00:01
pulando projeto 4786 (461/4064): detalhe ja salvo
pulando projeto 4785 (462/4064): detalhe ja salvo
pulando projeto 4784 (463/4064): detalhe ja salvo
pulando projeto 4783 (464/4064): detalhe ja salvo
pulando projeto 4782 (465/4064): detalhe ja salvo
pulando projeto 4781 (466/4064): detalhe ja salvo
pulando projeto 4780 (467/4064): detalhe ja salvo
pulando projeto 4779 (468/4064): detalhe ja salvo
pulando projeto 4778 (469/4064): detalhe ja salvo
pulando projeto 4777 (470/4064): detalhe ja salvo
progresso: 470/4064 (11.6%) | tempo restante estimado: 00:01
pulando projeto 4776 (471/4064): detalhe ja salvo
pulando projeto 4775 (472/4064): detalhe ja salvo
pulando projeto 4774 (473/4064): detalhe ja salvo
pulando projeto 4773 (474/4064): detalhe ja salvo
pulando projeto 4772 (475/4064): detalhe ja salvo
pulando projeto 4771 (476/4064): detalhe ja salvo
pulando projeto 4769 (477/4064): detalhe ja salvo
pulando projeto 4768 (478/4064): detalhe ja salvo
pulando projeto 4767 (479/4064): detalhe ja salvo
pulando projeto 4766 (480/4064): detalhe ja salvo
progresso: 480/4064 (11.8%) | tempo restante estimado: 00:01
pulando projeto 4765 (481/4064): detalhe ja salvo
pulando projeto 4764 (482/4064): detalhe ja salvo
pulando projeto 4763 (483/4064): detalhe ja salvo
pulando projeto 4762 (484/4064): detalhe ja salvo
pulando projeto 4761 (485/4064): detalhe ja salvo
pulando projeto 4760 (486/4064): detalhe ja salvo
pulando projeto 4759 (487/4064): detalhe ja salvo
pulando projeto 4758 (488/4064): detalhe ja salvo
pulando projeto 4757 (489/4064): detalhe ja salvo
pulando projeto 4756 (490/4064): detalhe ja salvo
progresso: 490/4064 (12.1%) | tempo restante estimado: 00:01
pulando projeto 4755 (491/4064): detalhe ja salvo
pulando projeto 4754 (492/4064): detalhe ja salvo
pulando projeto 4753 (493/4064): detalhe ja salvo
pulando projeto 4752 (494/4064): detalhe ja salvo
pulando projeto 4751 (495/4064): detalhe ja salvo
pulando projeto 4750 (496/4064): detalhe ja salvo
pulando projeto 4749 (497/4064): detalhe ja salvo
pulando projeto 4748 (498/4064): detalhe ja salvo
pulando projeto 4747 (499/4064): detalhe ja salvo
pulando projeto 4746 (500/4064): detalhe ja salvo
progresso: 500/4064 (12.3%) | tempo restante estimado: 00:01
pulando projeto 4745 (501/4064): detalhe ja salvo
pulando projeto 4744 (502/4064): detalhe ja salvo
pulando projeto 4743 (503/4064): detalhe ja salvo
pulando projeto 4742 (504/4064): detalhe ja salvo
pulando projeto 4741 (505/4064): detalhe ja salvo
pulando projeto 4740 (506/4064): detalhe ja salvo
pulando projeto 4739 (507/4064): detalhe ja salvo
pulando projeto 4738 (508/4064): detalhe ja salvo
pulando projeto 4737 (509/4064): detalhe ja salvo
pulando projeto 4736 (510/4064): detalhe ja salvo
progresso: 510/4064 (12.5%) | tempo restante estimado: 00:01
pulando projeto 4735 (511/4064): detalhe ja salvo
pulando projeto 4734 (512/4064): detalhe ja salvo
pulando projeto 4733 (513/4064): detalhe ja salvo
pulando projeto 4732 (514/4064): detalhe ja salvo
pulando projeto 4731 (515/4064): detalhe ja salvo
pulando projeto 4730 (516/4064): detalhe ja salvo
pulando projeto 4729 (517/4064): detalhe ja salvo
pulando projeto 4728 (518/4064): detalhe ja salvo
pulando projeto 4727 (519/4064): detalhe ja salvo
pulando projeto 4726 (520/4064): detalhe ja salvo
progresso: 520/4064 (12.8%) | tempo restante estimado: 00:01
pulando projeto 4725 (521/4064): detalhe ja salvo
pulando projeto 4724 (522/4064): detalhe ja salvo
pulando projeto 4723 (523/4064): detalhe ja salvo
pulando projeto 4722 (524/4064): detalhe ja salvo
pulando projeto 4721 (525/4064): detalhe ja salvo
pulando projeto 4720 (526/4064): detalhe ja salvo
pulando projeto 4719 (527/4064): detalhe ja salvo
pulando projeto 4718 (528/4064): detalhe ja salvo
pulando projeto 4717 (529/4064): detalhe ja salvo
pulando projeto 4716 (530/4064): detalhe ja salvo
progresso: 530/4064 (13.0%) | tempo restante estimado: 00:01
pulando projeto 4715 (531/4064): detalhe ja salvo
pulando projeto 4714 (532/4064): detalhe ja salvo
pulando projeto 4713 (533/4064): detalhe ja salvo
pulando projeto 4712 (534/4064): detalhe ja salvo
pulando projeto 4711 (535/4064): detalhe ja salvo
pulando projeto 4710 (536/4064): detalhe ja salvo
pulando projeto 4709 (537/4064): detalhe ja salvo
pulando projeto 4708 (538/4064): detalhe ja salvo
pulando projeto 4707 (539/4064): detalhe ja salvo
pulando projeto 4706 (540/4064): detalhe ja salvo
progresso: 540/4064 (13.3%) | tempo restante estimado: 00:01
pulando projeto 4705 (541/4064): detalhe ja salvo
pulando projeto 4704 (542/4064): detalhe ja salvo
pulando projeto 4703 (543/4064): detalhe ja salvo
pulando projeto 4702 (544/4064): detalhe ja salvo
pulando projeto 4701 (545/4064): detalhe ja salvo
pulando projeto 4700 (546/4064): detalhe ja salvo
pulando projeto 4699 (547/4064): detalhe ja salvo
pulando projeto 4698 (548/4064): detalhe ja salvo
pulando projeto 4697 (549/4064): detalhe ja salvo
pulando projeto 4696 (550/4064): detalhe ja salvo
progresso: 550/4064 (13.5%) | tempo restante estimado: 00:01
pulando projeto 4695 (551/4064): detalhe ja salvo
pulando projeto 4694 (552/4064): detalhe ja salvo
pulando projeto 4693 (553/4064): detalhe ja salvo
pulando projeto 4692 (554/4064): detalhe ja salvo
pulando projeto 4691 (555/4064): detalhe ja salvo
pulando projeto 4690 (556/4064): detalhe ja salvo
pulando projeto 4689 (557/4064): detalhe ja salvo
pulando projeto 4688 (558/4064): detalhe ja salvo
pulando projeto 4687 (559/4064): detalhe ja salvo
pulando projeto 4686 (560/4064): detalhe ja salvo
progresso: 560/4064 (13.8%) | tempo restante estimado: 00:01
pulando projeto 4685 (561/4064): detalhe ja salvo
pulando projeto 4684 (562/4064): detalhe ja salvo
pulando projeto 4683 (563/4064): detalhe ja salvo
pulando projeto 4682 (564/4064): detalhe ja salvo
pulando projeto 4681 (565/4064): detalhe ja salvo
pulando projeto 4680 (566/4064): detalhe ja salvo
pulando projeto 4679 (567/4064): detalhe ja salvo
pulando projeto 4678 (568/4064): detalhe ja salvo
pulando projeto 4677 (569/4064): detalhe ja salvo
pulando projeto 4676 (570/4064): detalhe ja salvo
progresso: 570/4064 (14.0%) | tempo restante estimado: 00:01
pulando projeto 4675 (571/4064): detalhe ja salvo
pulando projeto 4674 (572/4064): detalhe ja salvo
pulando projeto 4673 (573/4064): detalhe ja salvo
pulando projeto 4672 (574/4064): detalhe ja salvo
pulando projeto 4671 (575/4064): detalhe ja salvo
pulando projeto 4670 (576/4064): detalhe ja salvo
pulando projeto 4669 (577/4064): detalhe ja salvo
pulando projeto 4668 (578/4064): detalhe ja salvo
pulando projeto 4667 (579/4064): detalhe ja salvo
pulando projeto 4666 (580/4064): detalhe ja salvo
progresso: 580/4064 (14.3%) | tempo restante estimado: 00:01
pulando projeto 4665 (581/4064): detalhe ja salvo
pulando projeto 4664 (582/4064): detalhe ja salvo
pulando projeto 4663 (583/4064): detalhe ja salvo
pulando projeto 4662 (584/4064): detalhe ja salvo
pulando projeto 4661 (585/4064): detalhe ja salvo
pulando projeto 4660 (586/4064): detalhe ja salvo
pulando projeto 4659 (587/4064): detalhe ja salvo
pulando projeto 4658 (588/4064): detalhe ja salvo
pulando projeto 4657 (589/4064): detalhe ja salvo
pulando projeto 4656 (590/4064): detalhe ja salvo
progresso: 590/4064 (14.5%) | tempo restante estimado: 00:01
pulando projeto 4655 (591/4064): detalhe ja salvo
pulando projeto 4654 (592/4064): detalhe ja salvo
pulando projeto 4653 (593/4064): detalhe ja salvo
pulando projeto 4652 (594/4064): detalhe ja salvo
pulando projeto 4651 (595/4064): detalhe ja salvo
pulando projeto 4650 (596/4064): detalhe ja salvo
pulando projeto 4649 (597/4064): detalhe ja salvo
pulando projeto 4648 (598/4064): detalhe ja salvo
pulando projeto 4647 (599/4064): detalhe ja salvo
pulando projeto 4646 (600/4064): detalhe ja salvo
progresso: 600/4064 (14.8%) | tempo restante estimado: 00:01
pulando projeto 4645 (601/4064): detalhe ja salvo
pulando projeto 4644 (602/4064): detalhe ja salvo
pulando projeto 4643 (603/4064): detalhe ja salvo
pulando projeto 4642 (604/4064): detalhe ja salvo
pulando projeto 4641 (605/4064): detalhe ja salvo
pulando projeto 4640 (606/4064): detalhe ja salvo
pulando projeto 4639 (607/4064): detalhe ja salvo
pulando projeto 4638 (608/4064): detalhe ja salvo
pulando projeto 4637 (609/4064): detalhe ja salvo
pulando projeto 4636 (610/4064): detalhe ja salvo
progresso: 610/4064 (15.0%) | tempo restante estimado: 00:01
pulando projeto 4635 (611/4064): detalhe ja salvo
pulando projeto 4634 (612/4064): detalhe ja salvo
pulando projeto 4633 (613/4064): detalhe ja salvo
pulando projeto 4632 (614/4064): detalhe ja salvo
pulando projeto 4631 (615/4064): detalhe ja salvo
pulando projeto 4630 (616/4064): detalhe ja salvo
pulando projeto 4629 (617/4064): detalhe ja salvo
pulando projeto 4628 (618/4064): detalhe ja salvo
pulando projeto 4627 (619/4064): detalhe ja salvo
pulando projeto 4626 (620/4064): detalhe ja salvo
progresso: 620/4064 (15.3%) | tempo restante estimado: 00:01
pulando projeto 4625 (621/4064): detalhe ja salvo
pulando projeto 4624 (622/4064): detalhe ja salvo
pulando projeto 4623 (623/4064): detalhe ja salvo
pulando projeto 4622 (624/4064): detalhe ja salvo
pulando projeto 4621 (625/4064): detalhe ja salvo
pulando projeto 4620 (626/4064): detalhe ja salvo
pulando projeto 4619 (627/4064): detalhe ja salvo
pulando projeto 4618 (628/4064): detalhe ja salvo
pulando projeto 4617 (629/4064): detalhe ja salvo
pulando projeto 4616 (630/4064): detalhe ja salvo
progresso: 630/4064 (15.5%) | tempo restante estimado: 00:01
pulando projeto 4615 (631/4064): detalhe ja salvo
pulando projeto 4614 (632/4064): detalhe ja salvo
pulando projeto 4613 (633/4064): detalhe ja salvo
pulando projeto 4612 (634/4064): detalhe ja salvo
pulando projeto 4611 (635/4064): detalhe ja salvo
pulando projeto 4610 (636/4064): detalhe ja salvo
pulando projeto 4609 (637/4064): detalhe ja salvo
pulando projeto 4608 (638/4064): detalhe ja salvo
pulando projeto 4607 (639/4064): detalhe ja salvo
pulando projeto 4606 (640/4064): detalhe ja salvo
progresso: 640/4064 (15.7%) | tempo restante estimado: 00:01
pulando projeto 4605 (641/4064): detalhe ja salvo
pulando projeto 4604 (642/4064): detalhe ja salvo
pulando projeto 4603 (643/4064): detalhe ja salvo
pulando projeto 4602 (644/4064): detalhe ja salvo
pulando projeto 4601 (645/4064): detalhe ja salvo
pulando projeto 4600 (646/4064): detalhe ja salvo
pulando projeto 4599 (647/4064): detalhe ja salvo
pulando projeto 4598 (648/4064): detalhe ja salvo
pulando projeto 4597 (649/4064): detalhe ja salvo
pulando projeto 4596 (650/4064): detalhe ja salvo
progresso: 650/4064 (16.0%) | tempo restante estimado: 00:01
pulando projeto 4595 (651/4064): detalhe ja salvo
pulando projeto 4594 (652/4064): detalhe ja salvo
pulando projeto 4593 (653/4064): detalhe ja salvo
pulando projeto 4592 (654/4064): detalhe ja salvo
pulando projeto 4591 (655/4064): detalhe ja salvo
pulando projeto 4590 (656/4064): detalhe ja salvo
pulando projeto 4589 (657/4064): detalhe ja salvo
pulando projeto 4588 (658/4064): detalhe ja salvo
pulando projeto 4587 (659/4064): detalhe ja salvo
pulando projeto 4586 (660/4064): detalhe ja salvo
progresso: 660/4064 (16.2%) | tempo restante estimado: 00:01
pulando projeto 4585 (661/4064): detalhe ja salvo
pulando projeto 4584 (662/4064): detalhe ja salvo
pulando projeto 4583 (663/4064): detalhe ja salvo
pulando projeto 4582 (664/4064): detalhe ja salvo
pulando projeto 4581 (665/4064): detalhe ja salvo
pulando projeto 4580 (666/4064): detalhe ja salvo
pulando projeto 4579 (667/4064): detalhe ja salvo
pulando projeto 4578 (668/4064): detalhe ja salvo
pulando projeto 4577 (669/4064): detalhe ja salvo
pulando projeto 4576 (670/4064): detalhe ja salvo
progresso: 670/4064 (16.5%) | tempo restante estimado: 00:01
pulando projeto 4575 (671/4064): detalhe ja salvo
pulando projeto 4574 (672/4064): detalhe ja salvo
pulando projeto 4573 (673/4064): detalhe ja salvo
pulando projeto 4572 (674/4064): detalhe ja salvo
pulando projeto 4571 (675/4064): detalhe ja salvo
pulando projeto 4570 (676/4064): detalhe ja salvo
pulando projeto 4569 (677/4064): detalhe ja salvo
pulando projeto 4568 (678/4064): detalhe ja salvo
pulando projeto 4567 (679/4064): detalhe ja salvo
pulando projeto 4566 (680/4064): detalhe ja salvo
progresso: 680/4064 (16.7%) | tempo restante estimado: 00:01
pulando projeto 4565 (681/4064): detalhe ja salvo
pulando projeto 4564 (682/4064): detalhe ja salvo
pulando projeto 4563 (683/4064): detalhe ja salvo
pulando projeto 4562 (684/4064): detalhe ja salvo
pulando projeto 4561 (685/4064): detalhe ja salvo
pulando projeto 4560 (686/4064): detalhe ja salvo
pulando projeto 4559 (687/4064): detalhe ja salvo
pulando projeto 4558 (688/4064): detalhe ja salvo
pulando projeto 4557 (689/4064): detalhe ja salvo
pulando projeto 4556 (690/4064): detalhe ja salvo
progresso: 690/4064 (17.0%) | tempo restante estimado: 00:01
pulando projeto 4555 (691/4064): detalhe ja salvo
pulando projeto 4554 (692/4064): detalhe ja salvo
pulando projeto 4553 (693/4064): detalhe ja salvo
pulando projeto 4552 (694/4064): detalhe ja salvo
pulando projeto 4551 (695/4064): detalhe ja salvo
pulando projeto 4550 (696/4064): detalhe ja salvo
pulando projeto 4549 (697/4064): detalhe ja salvo
pulando projeto 4548 (698/4064): detalhe ja salvo
pulando projeto 4547 (699/4064): detalhe ja salvo
pulando projeto 4546 (700/4064): detalhe ja salvo
progresso: 700/4064 (17.2%) | tempo restante estimado: 00:01
pulando projeto 4545 (701/4064): detalhe ja salvo
pulando projeto 4544 (702/4064): detalhe ja salvo
pulando projeto 4543 (703/4064): detalhe ja salvo
pulando projeto 4542 (704/4064): detalhe ja salvo
pulando projeto 4541 (705/4064): detalhe ja salvo
pulando projeto 4540 (706/4064): detalhe ja salvo
pulando projeto 4539 (707/4064): detalhe ja salvo
pulando projeto 4538 (708/4064): detalhe ja salvo
pulando projeto 4537 (709/4064): detalhe ja salvo
pulando projeto 4536 (710/4064): detalhe ja salvo
progresso: 710/4064 (17.5%) | tempo restante estimado: 00:01
pulando projeto 4535 (711/4064): detalhe ja salvo
pulando projeto 4534 (712/4064): detalhe ja salvo
pulando projeto 4533 (713/4064): detalhe ja salvo
pulando projeto 4532 (714/4064): detalhe ja salvo
pulando projeto 4531 (715/4064): detalhe ja salvo
pulando projeto 4530 (716/4064): detalhe ja salvo
pulando projeto 4529 (717/4064): detalhe ja salvo
pulando projeto 4528 (718/4064): detalhe ja salvo
pulando projeto 4527 (719/4064): detalhe ja salvo
pulando projeto 4526 (720/4064): detalhe ja salvo
progresso: 720/4064 (17.7%) | tempo restante estimado: 00:01
pulando projeto 4525 (721/4064): detalhe ja salvo
pulando projeto 4524 (722/4064): detalhe ja salvo
pulando projeto 4523 (723/4064): detalhe ja salvo
pulando projeto 4522 (724/4064): detalhe ja salvo
pulando projeto 4521 (725/4064): detalhe ja salvo
pulando projeto 4520 (726/4064): detalhe ja salvo
pulando projeto 4519 (727/4064): detalhe ja salvo
pulando projeto 4518 (728/4064): detalhe ja salvo
pulando projeto 4517 (729/4064): detalhe ja salvo
pulando projeto 4516 (730/4064): detalhe ja salvo
progresso: 730/4064 (18.0%) | tempo restante estimado: 00:01
pulando projeto 4515 (731/4064): detalhe ja salvo
pulando projeto 4514 (732/4064): detalhe ja salvo
pulando projeto 4513 (733/4064): detalhe ja salvo
pulando projeto 4512 (734/4064): detalhe ja salvo
pulando projeto 4511 (735/4064): detalhe ja salvo
pulando projeto 4510 (736/4064): detalhe ja salvo
pulando projeto 4509 (737/4064): detalhe ja salvo
pulando projeto 4508 (738/4064): detalhe ja salvo
pulando projeto 4507 (739/4064): detalhe ja salvo
pulando projeto 4506 (740/4064): detalhe ja salvo
progresso: 740/4064 (18.2%) | tempo restante estimado: 00:01
pulando projeto 4505 (741/4064): detalhe ja salvo
pulando projeto 4504 (742/4064): detalhe ja salvo
pulando projeto 4503 (743/4064): detalhe ja salvo
pulando projeto 4502 (744/4064): detalhe ja salvo
pulando projeto 4501 (745/4064): detalhe ja salvo
pulando projeto 4500 (746/4064): detalhe ja salvo
pulando projeto 4499 (747/4064): detalhe ja salvo
pulando projeto 4498 (748/4064): detalhe ja salvo
pulando projeto 4497 (749/4064): detalhe ja salvo
pulando projeto 4496 (750/4064): detalhe ja salvo
progresso: 750/4064 (18.5%) | tempo restante estimado: 00:01
pulando projeto 4495 (751/4064): detalhe ja salvo
pulando projeto 4494 (752/4064): detalhe ja salvo
pulando projeto 4493 (753/4064): detalhe ja salvo
pulando projeto 4492 (754/4064): detalhe ja salvo
pulando projeto 4491 (755/4064): detalhe ja salvo
pulando projeto 4490 (756/4064): detalhe ja salvo
pulando projeto 4489 (757/4064): detalhe ja salvo
pulando projeto 4488 (758/4064): detalhe ja salvo
pulando projeto 4487 (759/4064): detalhe ja salvo
pulando projeto 4486 (760/4064): detalhe ja salvo
progresso: 760/4064 (18.7%) | tempo restante estimado: 00:01
pulando projeto 4485 (761/4064): detalhe ja salvo
pulando projeto 4484 (762/4064): detalhe ja salvo
pulando projeto 4483 (763/4064): detalhe ja salvo
pulando projeto 4482 (764/4064): detalhe ja salvo
pulando projeto 4481 (765/4064): detalhe ja salvo
pulando projeto 4480 (766/4064): detalhe ja salvo
pulando projeto 4479 (767/4064): detalhe ja salvo
pulando projeto 4478 (768/4064): detalhe ja salvo
pulando projeto 4477 (769/4064): detalhe ja salvo
pulando projeto 4476 (770/4064): detalhe ja salvo
progresso: 770/4064 (18.9%) | tempo restante estimado: 00:01
pulando projeto 4475 (771/4064): detalhe ja salvo
pulando projeto 4474 (772/4064): detalhe ja salvo
pulando projeto 4473 (773/4064): detalhe ja salvo
pulando projeto 4472 (774/4064): detalhe ja salvo
pulando projeto 4471 (775/4064): detalhe ja salvo
pulando projeto 4470 (776/4064): detalhe ja salvo
pulando projeto 4469 (777/4064): detalhe ja salvo
pulando projeto 4468 (778/4064): detalhe ja salvo
pulando projeto 4467 (779/4064): detalhe ja salvo
pulando projeto 4466 (780/4064): detalhe ja salvo
progresso: 780/4064 (19.2%) | tempo restante estimado: 00:01
pulando projeto 4465 (781/4064): detalhe ja salvo
pulando projeto 4464 (782/4064): detalhe ja salvo
pulando projeto 4463 (783/4064): detalhe ja salvo
pulando projeto 4462 (784/4064): detalhe ja salvo
pulando projeto 4461 (785/4064): detalhe ja salvo
pulando projeto 4460 (786/4064): detalhe ja salvo
pulando projeto 4459 (787/4064): detalhe ja salvo
pulando projeto 4458 (788/4064): detalhe ja salvo
pulando projeto 4457 (789/4064): detalhe ja salvo
pulando projeto 4456 (790/4064): detalhe ja salvo
progresso: 790/4064 (19.4%) | tempo restante estimado: 00:01
pulando projeto 4455 (791/4064): detalhe ja salvo
pulando projeto 4454 (792/4064): detalhe ja salvo
pulando projeto 4453 (793/4064): detalhe ja salvo
pulando projeto 4452 (794/4064): detalhe ja salvo
pulando projeto 4451 (795/4064): detalhe ja salvo
pulando projeto 4450 (796/4064): detalhe ja salvo
pulando projeto 4449 (797/4064): detalhe ja salvo
pulando projeto 4448 (798/4064): detalhe ja salvo
pulando projeto 4447 (799/4064): detalhe ja salvo
pulando projeto 4446 (800/4064): detalhe ja salvo
progresso: 800/4064 (19.7%) | tempo restante estimado: 00:01
pulando projeto 4445 (801/4064): detalhe ja salvo
pulando projeto 4444 (802/4064): detalhe ja salvo
pulando projeto 4443 (803/4064): detalhe ja salvo
pulando projeto 4442 (804/4064): detalhe ja salvo
pulando projeto 4441 (805/4064): detalhe ja salvo
pulando projeto 4440 (806/4064): detalhe ja salvo
pulando projeto 4439 (807/4064): detalhe ja salvo
pulando projeto 4438 (808/4064): detalhe ja salvo
pulando projeto 4437 (809/4064): detalhe ja salvo
pulando projeto 4436 (810/4064): detalhe ja salvo
progresso: 810/4064 (19.9%) | tempo restante estimado: 00:01
pulando projeto 4435 (811/4064): detalhe ja salvo
pulando projeto 4434 (812/4064): detalhe ja salvo
pulando projeto 4433 (813/4064): detalhe ja salvo
pulando projeto 4432 (814/4064): detalhe ja salvo
pulando projeto 4431 (815/4064): detalhe ja salvo
pulando projeto 4430 (816/4064): detalhe ja salvo
pulando projeto 4429 (817/4064): detalhe ja salvo
pulando projeto 4428 (818/4064): detalhe ja salvo
pulando projeto 4427 (819/4064): detalhe ja salvo
pulando projeto 4426 (820/4064): detalhe ja salvo
progresso: 820/4064 (20.2%) | tempo restante estimado: 00:01
pulando projeto 4425 (821/4064): detalhe ja salvo
pulando projeto 4424 (822/4064): detalhe ja salvo
pulando projeto 4423 (823/4064): detalhe ja salvo
pulando projeto 4422 (824/4064): detalhe ja salvo
pulando projeto 4421 (825/4064): detalhe ja salvo
pulando projeto 4420 (826/4064): detalhe ja salvo
pulando projeto 4419 (827/4064): detalhe ja salvo
pulando projeto 4418 (828/4064): detalhe ja salvo
pulando projeto 4417 (829/4064): detalhe ja salvo
pulando projeto 4416 (830/4064): detalhe ja salvo
progresso: 830/4064 (20.4%) | tempo restante estimado: 00:01
pulando projeto 4415 (831/4064): detalhe ja salvo
pulando projeto 4414 (832/4064): detalhe ja salvo
pulando projeto 4413 (833/4064): detalhe ja salvo
pulando projeto 4412 (834/4064): detalhe ja salvo
pulando projeto 4411 (835/4064): detalhe ja salvo
pulando projeto 4410 (836/4064): detalhe ja salvo
pulando projeto 4409 (837/4064): detalhe ja salvo
pulando projeto 4408 (838/4064): detalhe ja salvo
pulando projeto 4407 (839/4064): detalhe ja salvo
pulando projeto 4406 (840/4064): detalhe ja salvo
progresso: 840/4064 (20.7%) | tempo restante estimado: 00:01
pulando projeto 4405 (841/4064): detalhe ja salvo
pulando projeto 4404 (842/4064): detalhe ja salvo
pulando projeto 4403 (843/4064): detalhe ja salvo
pulando projeto 4402 (844/4064): detalhe ja salvo
pulando projeto 4401 (845/4064): detalhe ja salvo
pulando projeto 4400 (846/4064): detalhe ja salvo
pulando projeto 4399 (847/4064): detalhe ja salvo
pulando projeto 4398 (848/4064): detalhe ja salvo
pulando projeto 4397 (849/4064): detalhe ja salvo
pulando projeto 4396 (850/4064): detalhe ja salvo
progresso: 850/4064 (20.9%) | tempo restante estimado: 00:01
pulando projeto 4395 (851/4064): detalhe ja salvo
pulando projeto 4394 (852/4064): detalhe ja salvo
pulando projeto 4393 (853/4064): detalhe ja salvo
pulando projeto 4392 (854/4064): detalhe ja salvo
pulando projeto 4391 (855/4064): detalhe ja salvo
pulando projeto 4390 (856/4064): detalhe ja salvo
pulando projeto 4389 (857/4064): detalhe ja salvo
pulando projeto 4388 (858/4064): detalhe ja salvo
pulando projeto 4387 (859/4064): detalhe ja salvo
pulando projeto 4386 (860/4064): detalhe ja salvo
progresso: 860/4064 (21.2%) | tempo restante estimado: 00:01
pulando projeto 4385 (861/4064): detalhe ja salvo
pulando projeto 4384 (862/4064): detalhe ja salvo
pulando projeto 4383 (863/4064): detalhe ja salvo
pulando projeto 4382 (864/4064): detalhe ja salvo
pulando projeto 4381 (865/4064): detalhe ja salvo
pulando projeto 4380 (866/4064): detalhe ja salvo
pulando projeto 4379 (867/4064): detalhe ja salvo
pulando projeto 4378 (868/4064): detalhe ja salvo
pulando projeto 4377 (869/4064): detalhe ja salvo
pulando projeto 4376 (870/4064): detalhe ja salvo
progresso: 870/4064 (21.4%) | tempo restante estimado: 00:01
pulando projeto 4375 (871/4064): detalhe ja salvo
pulando projeto 4374 (872/4064): detalhe ja salvo
pulando projeto 4373 (873/4064): detalhe ja salvo
pulando projeto 4372 (874/4064): detalhe ja salvo
pulando projeto 4371 (875/4064): detalhe ja salvo
pulando projeto 4370 (876/4064): detalhe ja salvo
pulando projeto 4369 (877/4064): detalhe ja salvo
pulando projeto 4368 (878/4064): detalhe ja salvo
pulando projeto 4367 (879/4064): detalhe ja salvo
pulando projeto 4366 (880/4064): detalhe ja salvo
progresso: 880/4064 (21.7%) | tempo restante estimado: 00:01
pulando projeto 4365 (881/4064): detalhe ja salvo
pulando projeto 4364 (882/4064): detalhe ja salvo
pulando projeto 4363 (883/4064): detalhe ja salvo
pulando projeto 4362 (884/4064): detalhe ja salvo
pulando projeto 4361 (885/4064): detalhe ja salvo
pulando projeto 4360 (886/4064): detalhe ja salvo
pulando projeto 4359 (887/4064): detalhe ja salvo
pulando projeto 4358 (888/4064): detalhe ja salvo
pulando projeto 4357 (889/4064): detalhe ja salvo
pulando projeto 4356 (890/4064): detalhe ja salvo
progresso: 890/4064 (21.9%) | tempo restante estimado: 00:01
pulando projeto 4355 (891/4064): detalhe ja salvo
pulando projeto 4354 (892/4064): detalhe ja salvo
pulando projeto 4353 (893/4064): detalhe ja salvo
pulando projeto 4352 (894/4064): detalhe ja salvo
pulando projeto 4351 (895/4064): detalhe ja salvo
pulando projeto 4350 (896/4064): detalhe ja salvo
pulando projeto 4349 (897/4064): detalhe ja salvo
pulando projeto 4348 (898/4064): detalhe ja salvo
pulando projeto 4347 (899/4064): detalhe ja salvo
pulando projeto 4346 (900/4064): detalhe ja salvo
progresso: 900/4064 (22.1%) | tempo restante estimado: 00:01
pulando projeto 4345 (901/4064): detalhe ja salvo
pulando projeto 4344 (902/4064): detalhe ja salvo
pulando projeto 4343 (903/4064): detalhe ja salvo
pulando projeto 4342 (904/4064): detalhe ja salvo
pulando projeto 4341 (905/4064): detalhe ja salvo
pulando projeto 4340 (906/4064): detalhe ja salvo
pulando projeto 4339 (907/4064): detalhe ja salvo
pulando projeto 4338 (908/4064): detalhe ja salvo
pulando projeto 4337 (909/4064): detalhe ja salvo
pulando projeto 4336 (910/4064): detalhe ja salvo
progresso: 910/4064 (22.4%) | tempo restante estimado: 00:01
pulando projeto 4335 (911/4064): detalhe ja salvo
pulando projeto 4334 (912/4064): detalhe ja salvo
pulando projeto 4333 (913/4064): detalhe ja salvo
pulando projeto 4332 (914/4064): detalhe ja salvo
pulando projeto 4331 (915/4064): detalhe ja salvo
pulando projeto 4330 (916/4064): detalhe ja salvo
pulando projeto 4329 (917/4064): detalhe ja salvo
pulando projeto 4328 (918/4064): detalhe ja salvo
pulando projeto 4327 (919/4064): detalhe ja salvo
pulando projeto 4326 (920/4064): detalhe ja salvo
progresso: 920/4064 (22.6%) | tempo restante estimado: 00:01
pulando projeto 4325 (921/4064): detalhe ja salvo
pulando projeto 4324 (922/4064): detalhe ja salvo
pulando projeto 4323 (923/4064): detalhe ja salvo
pulando projeto 4322 (924/4064): detalhe ja salvo
pulando projeto 4321 (925/4064): detalhe ja salvo
pulando projeto 4320 (926/4064): detalhe ja salvo
pulando projeto 4319 (927/4064): detalhe ja salvo
pulando projeto 4318 (928/4064): detalhe ja salvo
pulando projeto 4317 (929/4064): detalhe ja salvo
pulando projeto 4316 (930/4064): detalhe ja salvo
progresso: 930/4064 (22.9%) | tempo restante estimado: 00:01
pulando projeto 4315 (931/4064): detalhe ja salvo
pulando projeto 4314 (932/4064): detalhe ja salvo
pulando projeto 4313 (933/4064): detalhe ja salvo
pulando projeto 4312 (934/4064): detalhe ja salvo
pulando projeto 4311 (935/4064): detalhe ja salvo
pulando projeto 4310 (936/4064): detalhe ja salvo
pulando projeto 4309 (937/4064): detalhe ja salvo
pulando projeto 4308 (938/4064): detalhe ja salvo
pulando projeto 4307 (939/4064): detalhe ja salvo
pulando projeto 4306 (940/4064): detalhe ja salvo
progresso: 940/4064 (23.1%) | tempo restante estimado: 00:01
pulando projeto 4305 (941/4064): detalhe ja salvo
pulando projeto 4304 (942/4064): detalhe ja salvo
pulando projeto 4303 (943/4064): detalhe ja salvo
pulando projeto 4302 (944/4064): detalhe ja salvo
pulando projeto 4301 (945/4064): detalhe ja salvo
pulando projeto 4300 (946/4064): detalhe ja salvo
pulando projeto 4299 (947/4064): detalhe ja salvo
pulando projeto 4298 (948/4064): detalhe ja salvo
pulando projeto 4297 (949/4064): detalhe ja salvo
pulando projeto 4296 (950/4064): detalhe ja salvo
progresso: 950/4064 (23.4%) | tempo restante estimado: 00:01
pulando projeto 4295 (951/4064): detalhe ja salvo
pulando projeto 4294 (952/4064): detalhe ja salvo
pulando projeto 4293 (953/4064): detalhe ja salvo
pulando projeto 4292 (954/4064): detalhe ja salvo
pulando projeto 4291 (955/4064): detalhe ja salvo
pulando projeto 4290 (956/4064): detalhe ja salvo
pulando projeto 4289 (957/4064): detalhe ja salvo
pulando projeto 4288 (958/4064): detalhe ja salvo
pulando projeto 4287 (959/4064): detalhe ja salvo
pulando projeto 4286 (960/4064): detalhe ja salvo
progresso: 960/4064 (23.6%) | tempo restante estimado: 00:01
pulando projeto 4285 (961/4064): detalhe ja salvo
pulando projeto 4284 (962/4064): detalhe ja salvo
pulando projeto 4283 (963/4064): detalhe ja salvo
pulando projeto 4282 (964/4064): detalhe ja salvo
pulando projeto 4281 (965/4064): detalhe ja salvo
pulando projeto 4280 (966/4064): detalhe ja salvo
pulando projeto 4279 (967/4064): detalhe ja salvo
pulando projeto 4278 (968/4064): detalhe ja salvo
pulando projeto 4277 (969/4064): detalhe ja salvo
pulando projeto 4276 (970/4064): detalhe ja salvo
progresso: 970/4064 (23.9%) | tempo restante estimado: 00:01
pulando projeto 4275 (971/4064): detalhe ja salvo
pulando projeto 4274 (972/4064): detalhe ja salvo
pulando projeto 4273 (973/4064): detalhe ja salvo
pulando projeto 4272 (974/4064): detalhe ja salvo
pulando projeto 4271 (975/4064): detalhe ja salvo
pulando projeto 4270 (976/4064): detalhe ja salvo
pulando projeto 4269 (977/4064): detalhe ja salvo
pulando projeto 4268 (978/4064): detalhe ja salvo
pulando projeto 4267 (979/4064): detalhe ja salvo
pulando projeto 4266 (980/4064): detalhe ja salvo
progresso: 980/4064 (24.1%) | tempo restante estimado: 00:01
pulando projeto 4265 (981/4064): detalhe ja salvo
pulando projeto 4264 (982/4064): detalhe ja salvo
pulando projeto 4263 (983/4064): detalhe ja salvo
pulando projeto 4262 (984/4064): detalhe ja salvo
pulando projeto 4261 (985/4064): detalhe ja salvo
pulando projeto 4260 (986/4064): detalhe ja salvo
pulando projeto 4259 (987/4064): detalhe ja salvo
pulando projeto 4258 (988/4064): detalhe ja salvo
pulando projeto 4257 (989/4064): detalhe ja salvo
pulando projeto 4256 (990/4064): detalhe ja salvo
progresso: 990/4064 (24.4%) | tempo restante estimado: 00:01
pulando projeto 4255 (991/4064): detalhe ja salvo
pulando projeto 4254 (992/4064): detalhe ja salvo
pulando projeto 4253 (993/4064): detalhe ja salvo
pulando projeto 4252 (994/4064): detalhe ja salvo
pulando projeto 4251 (995/4064): detalhe ja salvo
pulando projeto 4250 (996/4064): detalhe ja salvo
pulando projeto 4249 (997/4064): detalhe ja salvo
pulando projeto 4248 (998/4064): detalhe ja salvo
pulando projeto 4247 (999/4064): detalhe ja salvo
pulando projeto 4246 (1000/4064): detalhe ja salvo
progresso: 1000/4064 (24.6%) | tempo restante estimado: 00:01
pulando projeto 4245 (1001/4064): detalhe ja salvo
pulando projeto 4244 (1002/4064): detalhe ja salvo
pulando projeto 4243 (1003/4064): detalhe ja salvo
pulando projeto 4242 (1004/4064): detalhe ja salvo
pulando projeto 4241 (1005/4064): detalhe ja salvo
pulando projeto 4240 (1006/4064): detalhe ja salvo
pulando projeto 4239 (1007/4064): detalhe ja salvo
pulando projeto 4238 (1008/4064): detalhe ja salvo
pulando projeto 4237 (1009/4064): detalhe ja salvo
pulando projeto 4236 (1010/4064): detalhe ja salvo
progresso: 1010/4064 (24.9%) | tempo restante estimado: 00:01
pulando projeto 4235 (1011/4064): detalhe ja salvo
pulando projeto 4234 (1012/4064): detalhe ja salvo
pulando projeto 4233 (1013/4064): detalhe ja salvo
pulando projeto 4232 (1014/4064): detalhe ja salvo
pulando projeto 4231 (1015/4064): detalhe ja salvo
pulando projeto 4230 (1016/4064): detalhe ja salvo
pulando projeto 4229 (1017/4064): detalhe ja salvo
pulando projeto 4228 (1018/4064): detalhe ja salvo
pulando projeto 4227 (1019/4064): detalhe ja salvo
pulando projeto 4226 (1020/4064): detalhe ja salvo
progresso: 1020/4064 (25.1%) | tempo restante estimado: 00:01
pulando projeto 4225 (1021/4064): detalhe ja salvo
pulando projeto 4224 (1022/4064): detalhe ja salvo
pulando projeto 4223 (1023/4064): detalhe ja salvo
pulando projeto 4222 (1024/4064): detalhe ja salvo
pulando projeto 4221 (1025/4064): detalhe ja salvo
pulando projeto 4220 (1026/4064): detalhe ja salvo
pulando projeto 4219 (1027/4064): detalhe ja salvo
pulando projeto 4218 (1028/4064): detalhe ja salvo
pulando projeto 4217 (1029/4064): detalhe ja salvo
pulando projeto 4216 (1030/4064): detalhe ja salvo
progresso: 1030/4064 (25.3%) | tempo restante estimado: 00:01
pulando projeto 4215 (1031/4064): detalhe ja salvo
pulando projeto 4214 (1032/4064): detalhe ja salvo
pulando projeto 4213 (1033/4064): detalhe ja salvo
pulando projeto 4212 (1034/4064): detalhe ja salvo
pulando projeto 4211 (1035/4064): detalhe ja salvo
pulando projeto 4210 (1036/4064): detalhe ja salvo
pulando projeto 4209 (1037/4064): detalhe ja salvo
pulando projeto 4208 (1038/4064): detalhe ja salvo
pulando projeto 4207 (1039/4064): detalhe ja salvo
pulando projeto 4206 (1040/4064): detalhe ja salvo
progresso: 1040/4064 (25.6%) | tempo restante estimado: 00:01
pulando projeto 4205 (1041/4064): detalhe ja salvo
pulando projeto 4204 (1042/4064): detalhe ja salvo
pulando projeto 4203 (1043/4064): detalhe ja salvo
pulando projeto 4202 (1044/4064): detalhe ja salvo
pulando projeto 4201 (1045/4064): detalhe ja salvo
pulando projeto 4200 (1046/4064): detalhe ja salvo
pulando projeto 4199 (1047/4064): detalhe ja salvo
pulando projeto 4198 (1048/4064): detalhe ja salvo
pulando projeto 4197 (1049/4064): detalhe ja salvo
pulando projeto 4196 (1050/4064): detalhe ja salvo
progresso: 1050/4064 (25.8%) | tempo restante estimado: 00:01
pulando projeto 4195 (1051/4064): detalhe ja salvo
pulando projeto 4194 (1052/4064): detalhe ja salvo
pulando projeto 4193 (1053/4064): detalhe ja salvo
pulando projeto 4192 (1054/4064): detalhe ja salvo
pulando projeto 4191 (1055/4064): detalhe ja salvo
pulando projeto 4190 (1056/4064): detalhe ja salvo
pulando projeto 4189 (1057/4064): detalhe ja salvo
pulando projeto 4188 (1058/4064): detalhe ja salvo
pulando projeto 4187 (1059/4064): detalhe ja salvo
pulando projeto 4186 (1060/4064): detalhe ja salvo
progresso: 1060/4064 (26.1%) | tempo restante estimado: 00:01
pulando projeto 4185 (1061/4064): detalhe ja salvo
pulando projeto 4184 (1062/4064): detalhe ja salvo
pulando projeto 4183 (1063/4064): detalhe ja salvo
pulando projeto 4182 (1064/4064): detalhe ja salvo
pulando projeto 4181 (1065/4064): detalhe ja salvo
pulando projeto 4180 (1066/4064): detalhe ja salvo
pulando projeto 4179 (1067/4064): detalhe ja salvo
pulando projeto 4178 (1068/4064): detalhe ja salvo
pulando projeto 4177 (1069/4064): detalhe ja salvo
pulando projeto 4176 (1070/4064): detalhe ja salvo
progresso: 1070/4064 (26.3%) | tempo restante estimado: 00:01
pulando projeto 4175 (1071/4064): detalhe ja salvo
pulando projeto 4174 (1072/4064): detalhe ja salvo
pulando projeto 4173 (1073/4064): detalhe ja salvo
pulando projeto 4172 (1074/4064): detalhe ja salvo
pulando projeto 4171 (1075/4064): detalhe ja salvo
pulando projeto 4170 (1076/4064): detalhe ja salvo
pulando projeto 4169 (1077/4064): detalhe ja salvo
pulando projeto 4168 (1078/4064): detalhe ja salvo
pulando projeto 4167 (1079/4064): detalhe ja salvo
pulando projeto 4166 (1080/4064): detalhe ja salvo
progresso: 1080/4064 (26.6%) | tempo restante estimado: 00:01
pulando projeto 4165 (1081/4064): detalhe ja salvo
pulando projeto 4164 (1082/4064): detalhe ja salvo
pulando projeto 4163 (1083/4064): detalhe ja salvo
pulando projeto 4162 (1084/4064): detalhe ja salvo
pulando projeto 4161 (1085/4064): detalhe ja salvo
pulando projeto 4160 (1086/4064): detalhe ja salvo
pulando projeto 4159 (1087/4064): detalhe ja salvo
pulando projeto 4158 (1088/4064): detalhe ja salvo
pulando projeto 4157 (1089/4064): detalhe ja salvo
pulando projeto 4156 (1090/4064): detalhe ja salvo
progresso: 1090/4064 (26.8%) | tempo restante estimado: 00:01
pulando projeto 4155 (1091/4064): detalhe ja salvo
pulando projeto 4154 (1092/4064): detalhe ja salvo
pulando projeto 4153 (1093/4064): detalhe ja salvo
pulando projeto 4152 (1094/4064): detalhe ja salvo
pulando projeto 4151 (1095/4064): detalhe ja salvo
pulando projeto 4150 (1096/4064): detalhe ja salvo
pulando projeto 4149 (1097/4064): detalhe ja salvo
pulando projeto 4148 (1098/4064): detalhe ja salvo
pulando projeto 4147 (1099/4064): detalhe ja salvo
pulando projeto 4146 (1100/4064): detalhe ja salvo
progresso: 1100/4064 (27.1%) | tempo restante estimado: 00:01
pulando projeto 4145 (1101/4064): detalhe ja salvo
pulando projeto 4144 (1102/4064): detalhe ja salvo
pulando projeto 4143 (1103/4064): detalhe ja salvo
pulando projeto 4142 (1104/4064): detalhe ja salvo
pulando projeto 4141 (1105/4064): detalhe ja salvo
pulando projeto 4140 (1106/4064): detalhe ja salvo
pulando projeto 4139 (1107/4064): detalhe ja salvo
pulando projeto 4138 (1108/4064): detalhe ja salvo
pulando projeto 4137 (1109/4064): detalhe ja salvo
pulando projeto 4136 (1110/4064): detalhe ja salvo
progresso: 1110/4064 (27.3%) | tempo restante estimado: 00:01
pulando projeto 4135 (1111/4064): detalhe ja salvo
pulando projeto 4134 (1112/4064): detalhe ja salvo
pulando projeto 4133 (1113/4064): detalhe ja salvo
pulando projeto 4132 (1114/4064): detalhe ja salvo
pulando projeto 4131 (1115/4064): detalhe ja salvo
pulando projeto 4130 (1116/4064): detalhe ja salvo
pulando projeto 4129 (1117/4064): detalhe ja salvo
pulando projeto 4128 (1118/4064): detalhe ja salvo
pulando projeto 4127 (1119/4064): detalhe ja salvo
pulando projeto 4126 (1120/4064): detalhe ja salvo
progresso: 1120/4064 (27.6%) | tempo restante estimado: 00:01
pulando projeto 4125 (1121/4064): detalhe ja salvo
pulando projeto 4124 (1122/4064): detalhe ja salvo
pulando projeto 4123 (1123/4064): detalhe ja salvo
pulando projeto 4122 (1124/4064): detalhe ja salvo
pulando projeto 4121 (1125/4064): detalhe ja salvo
pulando projeto 4120 (1126/4064): detalhe ja salvo
pulando projeto 4119 (1127/4064): detalhe ja salvo
pulando projeto 4118 (1128/4064): detalhe ja salvo
pulando projeto 4117 (1129/4064): detalhe ja salvo
pulando projeto 4116 (1130/4064): detalhe ja salvo
progresso: 1130/4064 (27.8%) | tempo restante estimado: 00:01
pulando projeto 4115 (1131/4064): detalhe ja salvo
pulando projeto 4114 (1132/4064): detalhe ja salvo
pulando projeto 4113 (1133/4064): detalhe ja salvo
pulando projeto 4112 (1134/4064): detalhe ja salvo
pulando projeto 4111 (1135/4064): detalhe ja salvo
pulando projeto 4110 (1136/4064): detalhe ja salvo
pulando projeto 4109 (1137/4064): detalhe ja salvo
pulando projeto 4108 (1138/4064): detalhe ja salvo
pulando projeto 4107 (1139/4064): detalhe ja salvo
pulando projeto 4106 (1140/4064): detalhe ja salvo
progresso: 1140/4064 (28.1%) | tempo restante estimado: 00:01
pulando projeto 4105 (1141/4064): detalhe ja salvo
pulando projeto 4104 (1142/4064): detalhe ja salvo
pulando projeto 4103 (1143/4064): detalhe ja salvo
pulando projeto 4102 (1144/4064): detalhe ja salvo
pulando projeto 4101 (1145/4064): detalhe ja salvo
pulando projeto 4100 (1146/4064): detalhe ja salvo
pulando projeto 4099 (1147/4064): detalhe ja salvo
pulando projeto 4098 (1148/4064): detalhe ja salvo
pulando projeto 4097 (1149/4064): detalhe ja salvo
pulando projeto 4096 (1150/4064): detalhe ja salvo
progresso: 1150/4064 (28.3%) | tempo restante estimado: 00:01
pulando projeto 4095 (1151/4064): detalhe ja salvo
pulando projeto 4094 (1152/4064): detalhe ja salvo
pulando projeto 4093 (1153/4064): detalhe ja salvo
pulando projeto 4092 (1154/4064): detalhe ja salvo
pulando projeto 4091 (1155/4064): detalhe ja salvo
pulando projeto 4090 (1156/4064): detalhe ja salvo
pulando projeto 4089 (1157/4064): detalhe ja salvo
pulando projeto 4088 (1158/4064): detalhe ja salvo
pulando projeto 4087 (1159/4064): detalhe ja salvo
pulando projeto 4086 (1160/4064): detalhe ja salvo
progresso: 1160/4064 (28.5%) | tempo restante estimado: 00:01
pulando projeto 4085 (1161/4064): detalhe ja salvo
pulando projeto 4084 (1162/4064): detalhe ja salvo
pulando projeto 4083 (1163/4064): detalhe ja salvo
pulando projeto 4082 (1164/4064): detalhe ja salvo
pulando projeto 4081 (1165/4064): detalhe ja salvo
pulando projeto 4080 (1166/4064): detalhe ja salvo
pulando projeto 4079 (1167/4064): detalhe ja salvo
pulando projeto 4078 (1168/4064): detalhe ja salvo
pulando projeto 4077 (1169/4064): detalhe ja salvo
pulando projeto 4076 (1170/4064): detalhe ja salvo
progresso: 1170/4064 (28.8%) | tempo restante estimado: 00:01
pulando projeto 4075 (1171/4064): detalhe ja salvo
pulando projeto 4074 (1172/4064): detalhe ja salvo
pulando projeto 4073 (1173/4064): detalhe ja salvo
pulando projeto 4072 (1174/4064): detalhe ja salvo
pulando projeto 4071 (1175/4064): detalhe ja salvo
pulando projeto 4070 (1176/4064): detalhe ja salvo
pulando projeto 4069 (1177/4064): detalhe ja salvo
pulando projeto 4068 (1178/4064): detalhe ja salvo
pulando projeto 4067 (1179/4064): detalhe ja salvo
pulando projeto 4066 (1180/4064): detalhe ja salvo
progresso: 1180/4064 (29.0%) | tempo restante estimado: 00:01
pulando projeto 4065 (1181/4064): detalhe ja salvo
pulando projeto 4064 (1182/4064): detalhe ja salvo
pulando projeto 4063 (1183/4064): detalhe ja salvo
pulando projeto 4062 (1184/4064): detalhe ja salvo
pulando projeto 4061 (1185/4064): detalhe ja salvo
pulando projeto 4060 (1186/4064): detalhe ja salvo
pulando projeto 4059 (1187/4064): detalhe ja salvo
pulando projeto 4058 (1188/4064): detalhe ja salvo
pulando projeto 4057 (1189/4064): detalhe ja salvo
pulando projeto 4056 (1190/4064): detalhe ja salvo
progresso: 1190/4064 (29.3%) | tempo restante estimado: 00:01
pulando projeto 4055 (1191/4064): detalhe ja salvo
pulando projeto 4054 (1192/4064): detalhe ja salvo
pulando projeto 4053 (1193/4064): detalhe ja salvo
pulando projeto 4052 (1194/4064): detalhe ja salvo
pulando projeto 4051 (1195/4064): detalhe ja salvo
pulando projeto 4050 (1196/4064): detalhe ja salvo
pulando projeto 4049 (1197/4064): detalhe ja salvo
pulando projeto 4048 (1198/4064): detalhe ja salvo
pulando projeto 4047 (1199/4064): detalhe ja salvo
pulando projeto 4046 (1200/4064): detalhe ja salvo
progresso: 1200/4064 (29.5%) | tempo restante estimado: 00:01
pulando projeto 4045 (1201/4064): detalhe ja salvo
pulando projeto 4044 (1202/4064): detalhe ja salvo
pulando projeto 4043 (1203/4064): detalhe ja salvo
pulando projeto 4042 (1204/4064): detalhe ja salvo
pulando projeto 4041 (1205/4064): detalhe ja salvo
pulando projeto 4040 (1206/4064): detalhe ja salvo
pulando projeto 4039 (1207/4064): detalhe ja salvo
pulando projeto 4038 (1208/4064): detalhe ja salvo
pulando projeto 4037 (1209/4064): detalhe ja salvo
pulando projeto 4010 (1210/4064): detalhe ja salvo
progresso: 1210/4064 (29.8%) | tempo restante estimado: 00:01
pulando projeto 4009 (1211/4064): detalhe ja salvo
pulando projeto 4008 (1212/4064): detalhe ja salvo
pulando projeto 4007 (1213/4064): detalhe ja salvo
pulando projeto 4006 (1214/4064): detalhe ja salvo
pulando projeto 4005 (1215/4064): detalhe ja salvo
pulando projeto 4004 (1216/4064): detalhe ja salvo
pulando projeto 4003 (1217/4064): detalhe ja salvo
pulando projeto 4002 (1218/4064): detalhe ja salvo
pulando projeto 4001 (1219/4064): detalhe ja salvo
pulando projeto 4000 (1220/4064): detalhe ja salvo
progresso: 1220/4064 (30.0%) | tempo restante estimado: 00:01
pulando projeto 3999 (1221/4064): detalhe ja salvo
pulando projeto 3998 (1222/4064): detalhe ja salvo
pulando projeto 3997 (1223/4064): detalhe ja salvo
pulando projeto 3996 (1224/4064): detalhe ja salvo
pulando projeto 3995 (1225/4064): detalhe ja salvo
pulando projeto 3994 (1226/4064): detalhe ja salvo
pulando projeto 3993 (1227/4064): detalhe ja salvo
pulando projeto 3992 (1228/4064): detalhe ja salvo
pulando projeto 3991 (1229/4064): detalhe ja salvo
pulando projeto 3990 (1230/4064): detalhe ja salvo
progresso: 1230/4064 (30.3%) | tempo restante estimado: 00:01
pulando projeto 3989 (1231/4064): detalhe ja salvo
pulando projeto 3988 (1232/4064): detalhe ja salvo
pulando projeto 3987 (1233/4064): detalhe ja salvo
pulando projeto 3986 (1234/4064): detalhe ja salvo
pulando projeto 3985 (1235/4064): detalhe ja salvo
pulando projeto 3984 (1236/4064): detalhe ja salvo
pulando projeto 3983 (1237/4064): detalhe ja salvo
pulando projeto 3982 (1238/4064): detalhe ja salvo
pulando projeto 3981 (1239/4064): detalhe ja salvo
pulando projeto 3980 (1240/4064): detalhe ja salvo
progresso: 1240/4064 (30.5%) | tempo restante estimado: 00:01
pulando projeto 3979 (1241/4064): detalhe ja salvo
pulando projeto 3978 (1242/4064): detalhe ja salvo
pulando projeto 3977 (1243/4064): detalhe ja salvo
pulando projeto 3976 (1244/4064): detalhe ja salvo
pulando projeto 3975 (1245/4064): detalhe ja salvo
pulando projeto 3974 (1246/4064): detalhe ja salvo
pulando projeto 3973 (1247/4064): detalhe ja salvo
pulando projeto 3972 (1248/4064): detalhe ja salvo
pulando projeto 3971 (1249/4064): detalhe ja salvo
pulando projeto 3970 (1250/4064): detalhe ja salvo
progresso: 1250/4064 (30.8%) | tempo restante estimado: 00:01
pulando projeto 3969 (1251/4064): detalhe ja salvo
pulando projeto 3968 (1252/4064): detalhe ja salvo
pulando projeto 3967 (1253/4064): detalhe ja salvo
pulando projeto 3966 (1254/4064): detalhe ja salvo
pulando projeto 3965 (1255/4064): detalhe ja salvo
pulando projeto 3964 (1256/4064): detalhe ja salvo
pulando projeto 3963 (1257/4064): detalhe ja salvo
pulando projeto 3962 (1258/4064): detalhe ja salvo
pulando projeto 3961 (1259/4064): detalhe ja salvo
pulando projeto 3960 (1260/4064): detalhe ja salvo
progresso: 1260/4064 (31.0%) | tempo restante estimado: 00:01
pulando projeto 3959 (1261/4064): detalhe ja salvo
pulando projeto 3958 (1262/4064): detalhe ja salvo
pulando projeto 3957 (1263/4064): detalhe ja salvo
pulando projeto 3956 (1264/4064): detalhe ja salvo
pulando projeto 3955 (1265/4064): detalhe ja salvo
pulando projeto 3954 (1266/4064): detalhe ja salvo
pulando projeto 3953 (1267/4064): detalhe ja salvo
pulando projeto 3952 (1268/4064): detalhe ja salvo
pulando projeto 3951 (1269/4064): detalhe ja salvo
pulando projeto 3950 (1270/4064): detalhe ja salvo
progresso: 1270/4064 (31.2%) | tempo restante estimado: 00:01
pulando projeto 3949 (1271/4064): detalhe ja salvo
pulando projeto 3948 (1272/4064): detalhe ja salvo
pulando projeto 3947 (1273/4064): detalhe ja salvo
pulando projeto 3946 (1274/4064): detalhe ja salvo
pulando projeto 3945 (1275/4064): detalhe ja salvo
pulando projeto 3944 (1276/4064): detalhe ja salvo
pulando projeto 3943 (1277/4064): detalhe ja salvo
pulando projeto 3942 (1278/4064): detalhe ja salvo
pulando projeto 3941 (1279/4064): detalhe ja salvo
pulando projeto 3940 (1280/4064): detalhe ja salvo
progresso: 1280/4064 (31.5%) | tempo restante estimado: 00:01
pulando projeto 3939 (1281/4064): detalhe ja salvo
pulando projeto 3938 (1282/4064): detalhe ja salvo
pulando projeto 3937 (1283/4064): detalhe ja salvo
pulando projeto 3936 (1284/4064): detalhe ja salvo
pulando projeto 3935 (1285/4064): detalhe ja salvo
pulando projeto 3934 (1286/4064): detalhe ja salvo
pulando projeto 3933 (1287/4064): detalhe ja salvo
pulando projeto 3932 (1288/4064): detalhe ja salvo
pulando projeto 3931 (1289/4064): detalhe ja salvo
pulando projeto 3930 (1290/4064): detalhe ja salvo
progresso: 1290/4064 (31.7%) | tempo restante estimado: 00:01
pulando projeto 3929 (1291/4064): detalhe ja salvo
pulando projeto 3928 (1292/4064): detalhe ja salvo
pulando projeto 3927 (1293/4064): detalhe ja salvo
pulando projeto 3926 (1294/4064): detalhe ja salvo
pulando projeto 3925 (1295/4064): detalhe ja salvo
pulando projeto 3924 (1296/4064): detalhe ja salvo
pulando projeto 3923 (1297/4064): detalhe ja salvo
pulando projeto 3922 (1298/4064): detalhe ja salvo
pulando projeto 3921 (1299/4064): detalhe ja salvo
pulando projeto 3920 (1300/4064): detalhe ja salvo
progresso: 1300/4064 (32.0%) | tempo restante estimado: 00:01
pulando projeto 3919 (1301/4064): detalhe ja salvo
pulando projeto 3918 (1302/4064): detalhe ja salvo
pulando projeto 3917 (1303/4064): detalhe ja salvo
pulando projeto 3916 (1304/4064): detalhe ja salvo
pulando projeto 3915 (1305/4064): detalhe ja salvo
pulando projeto 3914 (1306/4064): detalhe ja salvo
pulando projeto 3913 (1307/4064): detalhe ja salvo
pulando projeto 3912 (1308/4064): detalhe ja salvo
pulando projeto 3911 (1309/4064): detalhe ja salvo
pulando projeto 3910 (1310/4064): detalhe ja salvo
progresso: 1310/4064 (32.2%) | tempo restante estimado: 00:01
pulando projeto 3909 (1311/4064): detalhe ja salvo
pulando projeto 3908 (1312/4064): detalhe ja salvo
pulando projeto 3907 (1313/4064): detalhe ja salvo
pulando projeto 3906 (1314/4064): detalhe ja salvo
pulando projeto 3905 (1315/4064): detalhe ja salvo
pulando projeto 3904 (1316/4064): detalhe ja salvo
pulando projeto 3903 (1317/4064): detalhe ja salvo
pulando projeto 3902 (1318/4064): detalhe ja salvo
pulando projeto 3901 (1319/4064): detalhe ja salvo
pulando projeto 3900 (1320/4064): detalhe ja salvo
progresso: 1320/4064 (32.5%) | tempo restante estimado: 00:01
pulando projeto 3899 (1321/4064): detalhe ja salvo
pulando projeto 3898 (1322/4064): detalhe ja salvo
pulando projeto 3897 (1323/4064): detalhe ja salvo
pulando projeto 3896 (1324/4064): detalhe ja salvo
pulando projeto 3895 (1325/4064): detalhe ja salvo
pulando projeto 3894 (1326/4064): detalhe ja salvo
pulando projeto 3893 (1327/4064): detalhe ja salvo
pulando projeto 3860 (1328/4064): detalhe ja salvo
pulando projeto 3859 (1329/4064): detalhe ja salvo
pulando projeto 3858 (1330/4064): detalhe ja salvo
progresso: 1330/4064 (32.7%) | tempo restante estimado: 00:01
pulando projeto 3857 (1331/4064): detalhe ja salvo
pulando projeto 3856 (1332/4064): detalhe ja salvo
pulando projeto 3855 (1333/4064): detalhe ja salvo
pulando projeto 3854 (1334/4064): detalhe ja salvo
pulando projeto 3853 (1335/4064): detalhe ja salvo
pulando projeto 3852 (1336/4064): detalhe ja salvo
pulando projeto 3851 (1337/4064): detalhe ja salvo
pulando projeto 3850 (1338/4064): detalhe ja salvo
pulando projeto 3849 (1339/4064): detalhe ja salvo
pulando projeto 3848 (1340/4064): detalhe ja salvo
progresso: 1340/4064 (33.0%) | tempo restante estimado: 00:01
pulando projeto 3847 (1341/4064): detalhe ja salvo
pulando projeto 3846 (1342/4064): detalhe ja salvo
pulando projeto 3845 (1343/4064): detalhe ja salvo
pulando projeto 3844 (1344/4064): detalhe ja salvo
pulando projeto 3843 (1345/4064): detalhe ja salvo
pulando projeto 3842 (1346/4064): detalhe ja salvo
pulando projeto 3841 (1347/4064): detalhe ja salvo
pulando projeto 3840 (1348/4064): detalhe ja salvo
pulando projeto 3839 (1349/4064): detalhe ja salvo
pulando projeto 3838 (1350/4064): detalhe ja salvo
progresso: 1350/4064 (33.2%) | tempo restante estimado: 00:01
pulando projeto 3837 (1351/4064): detalhe ja salvo
pulando projeto 3836 (1352/4064): detalhe ja salvo
pulando projeto 3835 (1353/4064): detalhe ja salvo
pulando projeto 3834 (1354/4064): detalhe ja salvo
pulando projeto 3833 (1355/4064): detalhe ja salvo
pulando projeto 3832 (1356/4064): detalhe ja salvo
pulando projeto 3831 (1357/4064): detalhe ja salvo
pulando projeto 3830 (1358/4064): detalhe ja salvo
pulando projeto 3829 (1359/4064): detalhe ja salvo
pulando projeto 3828 (1360/4064): detalhe ja salvo
progresso: 1360/4064 (33.5%) | tempo restante estimado: 00:01
pulando projeto 3827 (1361/4064): detalhe ja salvo
pulando projeto 3826 (1362/4064): detalhe ja salvo
pulando projeto 3825 (1363/4064): detalhe ja salvo
pulando projeto 3824 (1364/4064): detalhe ja salvo
pulando projeto 3823 (1365/4064): detalhe ja salvo
pulando projeto 3822 (1366/4064): detalhe ja salvo
pulando projeto 3821 (1367/4064): detalhe ja salvo
pulando projeto 3820 (1368/4064): detalhe ja salvo
pulando projeto 3819 (1369/4064): detalhe ja salvo
pulando projeto 3818 (1370/4064): detalhe ja salvo
progresso: 1370/4064 (33.7%) | tempo restante estimado: 00:01
pulando projeto 3817 (1371/4064): detalhe ja salvo
pulando projeto 3816 (1372/4064): detalhe ja salvo
pulando projeto 3815 (1373/4064): detalhe ja salvo
pulando projeto 3814 (1374/4064): detalhe ja salvo
pulando projeto 3813 (1375/4064): detalhe ja salvo
pulando projeto 3812 (1376/4064): detalhe ja salvo
pulando projeto 3811 (1377/4064): detalhe ja salvo
pulando projeto 3810 (1378/4064): detalhe ja salvo
pulando projeto 3809 (1379/4064): detalhe ja salvo
pulando projeto 3808 (1380/4064): detalhe ja salvo
progresso: 1380/4064 (34.0%) | tempo restante estimado: 00:01
pulando projeto 3807 (1381/4064): detalhe ja salvo
pulando projeto 3806 (1382/4064): detalhe ja salvo
pulando projeto 3805 (1383/4064): detalhe ja salvo
pulando projeto 3804 (1384/4064): detalhe ja salvo
pulando projeto 3803 (1385/4064): detalhe ja salvo
pulando projeto 3802 (1386/4064): detalhe ja salvo
pulando projeto 3801 (1387/4064): detalhe ja salvo
pulando projeto 3800 (1388/4064): detalhe ja salvo
pulando projeto 3799 (1389/4064): detalhe ja salvo
pulando projeto 3798 (1390/4064): detalhe ja salvo
progresso: 1390/4064 (34.2%) | tempo restante estimado: 00:01
pulando projeto 3797 (1391/4064): detalhe ja salvo
pulando projeto 3796 (1392/4064): detalhe ja salvo
pulando projeto 3795 (1393/4064): detalhe ja salvo
pulando projeto 3794 (1394/4064): detalhe ja salvo
pulando projeto 3793 (1395/4064): detalhe ja salvo
pulando projeto 3792 (1396/4064): detalhe ja salvo
pulando projeto 3791 (1397/4064): detalhe ja salvo
pulando projeto 3790 (1398/4064): detalhe ja salvo
pulando projeto 3789 (1399/4064): detalhe ja salvo
pulando projeto 3788 (1400/4064): detalhe ja salvo
progresso: 1400/4064 (34.4%) | tempo restante estimado: 00:01
pulando projeto 3787 (1401/4064): detalhe ja salvo
pulando projeto 3786 (1402/4064): detalhe ja salvo
pulando projeto 3785 (1403/4064): detalhe ja salvo
pulando projeto 3784 (1404/4064): detalhe ja salvo
pulando projeto 3783 (1405/4064): detalhe ja salvo
pulando projeto 3782 (1406/4064): detalhe ja salvo
pulando projeto 3781 (1407/4064): detalhe ja salvo
pulando projeto 3780 (1408/4064): detalhe ja salvo
pulando projeto 3779 (1409/4064): detalhe ja salvo
pulando projeto 3778 (1410/4064): detalhe ja salvo
progresso: 1410/4064 (34.7%) | tempo restante estimado: 00:01
pulando projeto 3777 (1411/4064): detalhe ja salvo
pulando projeto 3776 (1412/4064): detalhe ja salvo
pulando projeto 3775 (1413/4064): detalhe ja salvo
pulando projeto 3774 (1414/4064): detalhe ja salvo
pulando projeto 3773 (1415/4064): detalhe ja salvo
pulando projeto 3772 (1416/4064): detalhe ja salvo
pulando projeto 3771 (1417/4064): detalhe ja salvo
pulando projeto 3770 (1418/4064): detalhe ja salvo
pulando projeto 3769 (1419/4064): detalhe ja salvo
pulando projeto 3768 (1420/4064): detalhe ja salvo
progresso: 1420/4064 (34.9%) | tempo restante estimado: 00:01
pulando projeto 3767 (1421/4064): detalhe ja salvo
pulando projeto 3766 (1422/4064): detalhe ja salvo
pulando projeto 3765 (1423/4064): detalhe ja salvo
pulando projeto 3764 (1424/4064): detalhe ja salvo
pulando projeto 3763 (1425/4064): detalhe ja salvo
pulando projeto 3762 (1426/4064): detalhe ja salvo
pulando projeto 3761 (1427/4064): detalhe ja salvo
pulando projeto 3760 (1428/4064): detalhe ja salvo
pulando projeto 3759 (1429/4064): detalhe ja salvo
pulando projeto 3758 (1430/4064): detalhe ja salvo
progresso: 1430/4064 (35.2%) | tempo restante estimado: 00:01
pulando projeto 3757 (1431/4064): detalhe ja salvo
pulando projeto 3756 (1432/4064): detalhe ja salvo
pulando projeto 3755 (1433/4064): detalhe ja salvo
pulando projeto 3754 (1434/4064): detalhe ja salvo
pulando projeto 3753 (1435/4064): detalhe ja salvo
pulando projeto 3752 (1436/4064): detalhe ja salvo
pulando projeto 3751 (1437/4064): detalhe ja salvo
pulando projeto 3750 (1438/4064): detalhe ja salvo
pulando projeto 3749 (1439/4064): detalhe ja salvo
pulando projeto 3748 (1440/4064): detalhe ja salvo
progresso: 1440/4064 (35.4%) | tempo restante estimado: 00:01
pulando projeto 3747 (1441/4064): detalhe ja salvo
pulando projeto 3746 (1442/4064): detalhe ja salvo
pulando projeto 3745 (1443/4064): detalhe ja salvo
pulando projeto 3744 (1444/4064): detalhe ja salvo
pulando projeto 3743 (1445/4064): detalhe ja salvo
pulando projeto 3742 (1446/4064): detalhe ja salvo
pulando projeto 3741 (1447/4064): detalhe ja salvo
pulando projeto 3740 (1448/4064): detalhe ja salvo
pulando projeto 3739 (1449/4064): detalhe ja salvo
pulando projeto 3738 (1450/4064): detalhe ja salvo
progresso: 1450/4064 (35.7%) | tempo restante estimado: 00:01
pulando projeto 3737 (1451/4064): detalhe ja salvo
pulando projeto 3736 (1452/4064): detalhe ja salvo
pulando projeto 3735 (1453/4064): detalhe ja salvo
pulando projeto 3734 (1454/4064): detalhe ja salvo
pulando projeto 3733 (1455/4064): detalhe ja salvo
pulando projeto 3732 (1456/4064): detalhe ja salvo
pulando projeto 3731 (1457/4064): detalhe ja salvo
pulando projeto 3730 (1458/4064): detalhe ja salvo
pulando projeto 3729 (1459/4064): detalhe ja salvo
pulando projeto 3728 (1460/4064): detalhe ja salvo
progresso: 1460/4064 (35.9%) | tempo restante estimado: 00:01
pulando projeto 3727 (1461/4064): detalhe ja salvo
pulando projeto 3726 (1462/4064): detalhe ja salvo
pulando projeto 3725 (1463/4064): detalhe ja salvo
pulando projeto 3724 (1464/4064): detalhe ja salvo
pulando projeto 3723 (1465/4064): detalhe ja salvo
pulando projeto 3690 (1466/4064): detalhe ja salvo
pulando projeto 3689 (1467/4064): detalhe ja salvo
pulando projeto 3688 (1468/4064): detalhe ja salvo
pulando projeto 3687 (1469/4064): detalhe ja salvo
pulando projeto 3686 (1470/4064): detalhe ja salvo
progresso: 1470/4064 (36.2%) | tempo restante estimado: 00:01
pulando projeto 3685 (1471/4064): detalhe ja salvo
pulando projeto 3684 (1472/4064): detalhe ja salvo
pulando projeto 3683 (1473/4064): detalhe ja salvo
pulando projeto 3682 (1474/4064): detalhe ja salvo
pulando projeto 3681 (1475/4064): detalhe ja salvo
pulando projeto 3680 (1476/4064): detalhe ja salvo
pulando projeto 3679 (1477/4064): detalhe ja salvo
pulando projeto 3678 (1478/4064): detalhe ja salvo
pulando projeto 3677 (1479/4064): detalhe ja salvo
pulando projeto 3676 (1480/4064): detalhe ja salvo
progresso: 1480/4064 (36.4%) | tempo restante estimado: 00:01
pulando projeto 3675 (1481/4064): detalhe ja salvo
pulando projeto 3674 (1482/4064): detalhe ja salvo
pulando projeto 3673 (1483/4064): detalhe ja salvo
pulando projeto 3672 (1484/4064): detalhe ja salvo
pulando projeto 3670 (1485/4064): detalhe ja salvo
pulando projeto 3669 (1486/4064): detalhe ja salvo
pulando projeto 3668 (1487/4064): detalhe ja salvo
pulando projeto 3667 (1488/4064): detalhe ja salvo
pulando projeto 3666 (1489/4064): detalhe ja salvo
pulando projeto 3665 (1490/4064): detalhe ja salvo
progresso: 1490/4064 (36.7%) | tempo restante estimado: 00:01
pulando projeto 3664 (1491/4064): detalhe ja salvo
pulando projeto 3663 (1492/4064): detalhe ja salvo
pulando projeto 3662 (1493/4064): detalhe ja salvo
pulando projeto 3661 (1494/4064): detalhe ja salvo
pulando projeto 3660 (1495/4064): detalhe ja salvo
pulando projeto 3659 (1496/4064): detalhe ja salvo
pulando projeto 3658 (1497/4064): detalhe ja salvo
pulando projeto 3657 (1498/4064): detalhe ja salvo
pulando projeto 3656 (1499/4064): detalhe ja salvo
pulando projeto 3655 (1500/4064): detalhe ja salvo
progresso: 1500/4064 (36.9%) | tempo restante estimado: 00:01
pulando projeto 3654 (1501/4064): detalhe ja salvo
pulando projeto 3653 (1502/4064): detalhe ja salvo
pulando projeto 3652 (1503/4064): detalhe ja salvo
pulando projeto 3651 (1504/4064): detalhe ja salvo
pulando projeto 3650 (1505/4064): detalhe ja salvo
pulando projeto 3649 (1506/4064): detalhe ja salvo
pulando projeto 3648 (1507/4064): detalhe ja salvo
pulando projeto 3647 (1508/4064): detalhe ja salvo
pulando projeto 3646 (1509/4064): detalhe ja salvo
pulando projeto 3645 (1510/4064): detalhe ja salvo
progresso: 1510/4064 (37.2%) | tempo restante estimado: 00:01
pulando projeto 3644 (1511/4064): detalhe ja salvo
pulando projeto 3643 (1512/4064): detalhe ja salvo
pulando projeto 3642 (1513/4064): detalhe ja salvo
pulando projeto 3641 (1514/4064): detalhe ja salvo
pulando projeto 3640 (1515/4064): detalhe ja salvo
pulando projeto 3639 (1516/4064): detalhe ja salvo
pulando projeto 3638 (1517/4064): detalhe ja salvo
pulando projeto 3637 (1518/4064): detalhe ja salvo
pulando projeto 3636 (1519/4064): detalhe ja salvo
pulando projeto 3635 (1520/4064): detalhe ja salvo
progresso: 1520/4064 (37.4%) | tempo restante estimado: 00:01
pulando projeto 3634 (1521/4064): detalhe ja salvo
pulando projeto 3633 (1522/4064): detalhe ja salvo
pulando projeto 3632 (1523/4064): detalhe ja salvo
pulando projeto 3631 (1524/4064): detalhe ja salvo
pulando projeto 3598 (1525/4064): detalhe ja salvo
pulando projeto 3597 (1526/4064): detalhe ja salvo
pulando projeto 3596 (1527/4064): detalhe ja salvo
pulando projeto 3595 (1528/4064): detalhe ja salvo
pulando projeto 3594 (1529/4064): detalhe ja salvo
pulando projeto 3593 (1530/4064): detalhe ja salvo
progresso: 1530/4064 (37.6%) | tempo restante estimado: 00:01
pulando projeto 3592 (1531/4064): detalhe ja salvo
pulando projeto 3591 (1532/4064): detalhe ja salvo
pulando projeto 3590 (1533/4064): detalhe ja salvo
pulando projeto 3589 (1534/4064): detalhe ja salvo
pulando projeto 3588 (1535/4064): detalhe ja salvo
pulando projeto 3587 (1536/4064): detalhe ja salvo
pulando projeto 3586 (1537/4064): detalhe ja salvo
pulando projeto 3585 (1538/4064): detalhe ja salvo
pulando projeto 3584 (1539/4064): detalhe ja salvo
pulando projeto 3583 (1540/4064): detalhe ja salvo
progresso: 1540/4064 (37.9%) | tempo restante estimado: 00:01
pulando projeto 3582 (1541/4064): detalhe ja salvo
pulando projeto 3581 (1542/4064): detalhe ja salvo
pulando projeto 3580 (1543/4064): detalhe ja salvo
pulando projeto 3579 (1544/4064): detalhe ja salvo
pulando projeto 3578 (1545/4064): detalhe ja salvo
pulando projeto 3577 (1546/4064): detalhe ja salvo
pulando projeto 3576 (1547/4064): detalhe ja salvo
pulando projeto 3575 (1548/4064): detalhe ja salvo
pulando projeto 3574 (1549/4064): detalhe ja salvo
pulando projeto 3573 (1550/4064): detalhe ja salvo
progresso: 1550/4064 (38.1%) | tempo restante estimado: 00:01
pulando projeto 3572 (1551/4064): detalhe ja salvo
pulando projeto 3571 (1552/4064): detalhe ja salvo
pulando projeto 3570 (1553/4064): detalhe ja salvo
pulando projeto 3569 (1554/4064): detalhe ja salvo
pulando projeto 3568 (1555/4064): detalhe ja salvo
pulando projeto 3567 (1556/4064): detalhe ja salvo
pulando projeto 3566 (1557/4064): detalhe ja salvo
pulando projeto 3565 (1558/4064): detalhe ja salvo
pulando projeto 3564 (1559/4064): detalhe ja salvo
pulando projeto 3563 (1560/4064): detalhe ja salvo
progresso: 1560/4064 (38.4%) | tempo restante estimado: 00:01
pulando projeto 3562 (1561/4064): detalhe ja salvo
pulando projeto 3561 (1562/4064): detalhe ja salvo
pulando projeto 3560 (1563/4064): detalhe ja salvo
pulando projeto 3559 (1564/4064): detalhe ja salvo
pulando projeto 3558 (1565/4064): detalhe ja salvo
pulando projeto 3557 (1566/4064): detalhe ja salvo
pulando projeto 3556 (1567/4064): detalhe ja salvo
pulando projeto 3555 (1568/4064): detalhe ja salvo
pulando projeto 3554 (1569/4064): detalhe ja salvo
pulando projeto 3553 (1570/4064): detalhe ja salvo
progresso: 1570/4064 (38.6%) | tempo restante estimado: 00:01
pulando projeto 3552 (1571/4064): detalhe ja salvo
pulando projeto 3551 (1572/4064): detalhe ja salvo
pulando projeto 3550 (1573/4064): detalhe ja salvo
pulando projeto 3549 (1574/4064): detalhe ja salvo
pulando projeto 3548 (1575/4064): detalhe ja salvo
pulando projeto 3547 (1576/4064): detalhe ja salvo
pulando projeto 3546 (1577/4064): detalhe ja salvo
pulando projeto 3545 (1578/4064): detalhe ja salvo
pulando projeto 3544 (1579/4064): detalhe ja salvo
pulando projeto 3543 (1580/4064): detalhe ja salvo
progresso: 1580/4064 (38.9%) | tempo restante estimado: 00:01
pulando projeto 3510 (1581/4064): detalhe ja salvo
pulando projeto 3509 (1582/4064): detalhe ja salvo
pulando projeto 3508 (1583/4064): detalhe ja salvo
pulando projeto 3507 (1584/4064): detalhe ja salvo
pulando projeto 3506 (1585/4064): detalhe ja salvo
pulando projeto 3505 (1586/4064): detalhe ja salvo
pulando projeto 3504 (1587/4064): detalhe ja salvo
pulando projeto 3503 (1588/4064): detalhe ja salvo
pulando projeto 3502 (1589/4064): detalhe ja salvo
pulando projeto 3501 (1590/4064): detalhe ja salvo
progresso: 1590/4064 (39.1%) | tempo restante estimado: 00:01
pulando projeto 3500 (1591/4064): detalhe ja salvo
pulando projeto 3499 (1592/4064): detalhe ja salvo
pulando projeto 3498 (1593/4064): detalhe ja salvo
pulando projeto 3497 (1594/4064): detalhe ja salvo
pulando projeto 3496 (1595/4064): detalhe ja salvo
pulando projeto 3463 (1596/4064): detalhe ja salvo
pulando projeto 3462 (1597/4064): detalhe ja salvo
pulando projeto 3461 (1598/4064): detalhe ja salvo
pulando projeto 3460 (1599/4064): detalhe ja salvo
pulando projeto 3459 (1600/4064): detalhe ja salvo
progresso: 1600/4064 (39.4%) | tempo restante estimado: 00:01
pulando projeto 3458 (1601/4064): detalhe ja salvo
pulando projeto 3457 (1602/4064): detalhe ja salvo
pulando projeto 3456 (1603/4064): detalhe ja salvo
pulando projeto 3455 (1604/4064): detalhe ja salvo
pulando projeto 3454 (1605/4064): detalhe ja salvo
pulando projeto 3453 (1606/4064): detalhe ja salvo
pulando projeto 3448 (1607/4064): detalhe ja salvo
pulando projeto 3447 (1608/4064): detalhe ja salvo
pulando projeto 3446 (1609/4064): detalhe ja salvo
pulando projeto 3445 (1610/4064): detalhe ja salvo
progresso: 1610/4064 (39.6%) | tempo restante estimado: 00:01
pulando projeto 3444 (1611/4064): detalhe ja salvo
pulando projeto 3443 (1612/4064): detalhe ja salvo
pulando projeto 3442 (1613/4064): detalhe ja salvo
pulando projeto 3441 (1614/4064): detalhe ja salvo
pulando projeto 3440 (1615/4064): detalhe ja salvo
pulando projeto 3439 (1616/4064): detalhe ja salvo
pulando projeto 3438 (1617/4064): detalhe ja salvo
pulando projeto 3437 (1618/4064): detalhe ja salvo
pulando projeto 3436 (1619/4064): detalhe ja salvo
pulando projeto 3435 (1620/4064): detalhe ja salvo
progresso: 1620/4064 (39.9%) | tempo restante estimado: 00:01
pulando projeto 3434 (1621/4064): detalhe ja salvo
pulando projeto 3433 (1622/4064): detalhe ja salvo
pulando projeto 3432 (1623/4064): detalhe ja salvo
pulando projeto 3431 (1624/4064): detalhe ja salvo
pulando projeto 3430 (1625/4064): detalhe ja salvo
pulando projeto 3429 (1626/4064): detalhe ja salvo
pulando projeto 3428 (1627/4064): detalhe ja salvo
pulando projeto 3426 (1628/4064): detalhe ja salvo
pulando projeto 3425 (1629/4064): detalhe ja salvo
pulando projeto 3424 (1630/4064): detalhe ja salvo
progresso: 1630/4064 (40.1%) | tempo restante estimado: 00:01
pulando projeto 3423 (1631/4064): detalhe ja salvo
pulando projeto 3422 (1632/4064): detalhe ja salvo
pulando projeto 3421 (1633/4064): detalhe ja salvo
pulando projeto 3419 (1634/4064): detalhe ja salvo
pulando projeto 3418 (1635/4064): detalhe ja salvo
pulando projeto 3416 (1636/4064): detalhe ja salvo
pulando projeto 3415 (1637/4064): detalhe ja salvo
pulando projeto 3382 (1638/4064): detalhe ja salvo
pulando projeto 3381 (1639/4064): detalhe ja salvo
pulando projeto 3380 (1640/4064): detalhe ja salvo
progresso: 1640/4064 (40.4%) | tempo restante estimado: 00:01
pulando projeto 3379 (1641/4064): detalhe ja salvo
pulando projeto 3378 (1642/4064): detalhe ja salvo
pulando projeto 3377 (1643/4064): detalhe ja salvo
pulando projeto 3376 (1644/4064): detalhe ja salvo
pulando projeto 3375 (1645/4064): detalhe ja salvo
pulando projeto 3374 (1646/4064): detalhe ja salvo
pulando projeto 3373 (1647/4064): detalhe ja salvo
pulando projeto 3372 (1648/4064): detalhe ja salvo
pulando projeto 3371 (1649/4064): detalhe ja salvo
pulando projeto 3370 (1650/4064): detalhe ja salvo
progresso: 1650/4064 (40.6%) | tempo restante estimado: 00:01
pulando projeto 3365 (1651/4064): detalhe ja salvo
pulando projeto 3364 (1652/4064): detalhe ja salvo
pulando projeto 3362 (1653/4064): detalhe ja salvo
pulando projeto 3360 (1654/4064): detalhe ja salvo
pulando projeto 3359 (1655/4064): detalhe ja salvo
pulando projeto 3358 (1656/4064): detalhe ja salvo
pulando projeto 3357 (1657/4064): detalhe ja salvo
pulando projeto 3356 (1658/4064): detalhe ja salvo
pulando projeto 3355 (1659/4064): detalhe ja salvo
pulando projeto 3354 (1660/4064): detalhe ja salvo
progresso: 1660/4064 (40.8%) | tempo restante estimado: 00:01
pulando projeto 3352 (1661/4064): detalhe ja salvo
pulando projeto 3351 (1662/4064): detalhe ja salvo
pulando projeto 3350 (1663/4064): detalhe ja salvo
pulando projeto 3349 (1664/4064): detalhe ja salvo
pulando projeto 3348 (1665/4064): detalhe ja salvo
pulando projeto 3347 (1666/4064): detalhe ja salvo
pulando projeto 3346 (1667/4064): detalhe ja salvo
pulando projeto 3345 (1668/4064): detalhe ja salvo
pulando projeto 3344 (1669/4064): detalhe ja salvo
pulando projeto 3343 (1670/4064): detalhe ja salvo
progresso: 1670/4064 (41.1%) | tempo restante estimado: 00:01
pulando projeto 3342 (1671/4064): detalhe ja salvo
pulando projeto 3341 (1672/4064): detalhe ja salvo
pulando projeto 3340 (1673/4064): detalhe ja salvo
pulando projeto 3339 (1674/4064): detalhe ja salvo
pulando projeto 3338 (1675/4064): detalhe ja salvo
pulando projeto 3337 (1676/4064): detalhe ja salvo
pulando projeto 3335 (1677/4064): detalhe ja salvo
pulando projeto 3334 (1678/4064): detalhe ja salvo
pulando projeto 3333 (1679/4064): detalhe ja salvo
pulando projeto 3332 (1680/4064): detalhe ja salvo
progresso: 1680/4064 (41.3%) | tempo restante estimado: 00:01
pulando projeto 3331 (1681/4064): detalhe ja salvo
pulando projeto 3330 (1682/4064): detalhe ja salvo
pulando projeto 3329 (1683/4064): detalhe ja salvo
pulando projeto 3328 (1684/4064): detalhe ja salvo
pulando projeto 3327 (1685/4064): detalhe ja salvo
pulando projeto 3326 (1686/4064): detalhe ja salvo
pulando projeto 3325 (1687/4064): detalhe ja salvo
pulando projeto 3324 (1688/4064): detalhe ja salvo
pulando projeto 3323 (1689/4064): detalhe ja salvo
pulando projeto 3322 (1690/4064): detalhe ja salvo
progresso: 1690/4064 (41.6%) | tempo restante estimado: 00:01
pulando projeto 3321 (1691/4064): detalhe ja salvo
pulando projeto 3320 (1692/4064): detalhe ja salvo
pulando projeto 3319 (1693/4064): detalhe ja salvo
pulando projeto 3318 (1694/4064): detalhe ja salvo
pulando projeto 3317 (1695/4064): detalhe ja salvo
pulando projeto 3316 (1696/4064): detalhe ja salvo
pulando projeto 3315 (1697/4064): detalhe ja salvo
pulando projeto 3314 (1698/4064): detalhe ja salvo
pulando projeto 3313 (1699/4064): detalhe ja salvo
pulando projeto 3312 (1700/4064): detalhe ja salvo
progresso: 1700/4064 (41.8%) | tempo restante estimado: 00:01
pulando projeto 3311 (1701/4064): detalhe ja salvo
pulando projeto 3310 (1702/4064): detalhe ja salvo
pulando projeto 3309 (1703/4064): detalhe ja salvo
pulando projeto 3308 (1704/4064): detalhe ja salvo
pulando projeto 3307 (1705/4064): detalhe ja salvo
pulando projeto 3306 (1706/4064): detalhe ja salvo
pulando projeto 3305 (1707/4064): detalhe ja salvo
pulando projeto 3304 (1708/4064): detalhe ja salvo
pulando projeto 3303 (1709/4064): detalhe ja salvo
pulando projeto 3302 (1710/4064): detalhe ja salvo
progresso: 1710/4064 (42.1%) | tempo restante estimado: 00:01
pulando projeto 3301 (1711/4064): detalhe ja salvo
pulando projeto 3300 (1712/4064): detalhe ja salvo
pulando projeto 3299 (1713/4064): detalhe ja salvo
pulando projeto 3298 (1714/4064): detalhe ja salvo
pulando projeto 3297 (1715/4064): detalhe ja salvo
pulando projeto 3296 (1716/4064): detalhe ja salvo
pulando projeto 3295 (1717/4064): detalhe ja salvo
pulando projeto 3294 (1718/4064): detalhe ja salvo
pulando projeto 3293 (1719/4064): detalhe ja salvo
pulando projeto 3292 (1720/4064): detalhe ja salvo
progresso: 1720/4064 (42.3%) | tempo restante estimado: 00:01
pulando projeto 3291 (1721/4064): detalhe ja salvo
pulando projeto 3290 (1722/4064): detalhe ja salvo
pulando projeto 3289 (1723/4064): detalhe ja salvo
pulando projeto 3288 (1724/4064): detalhe ja salvo
pulando projeto 3287 (1725/4064): detalhe ja salvo
pulando projeto 3286 (1726/4064): detalhe ja salvo
pulando projeto 3285 (1727/4064): detalhe ja salvo
pulando projeto 3284 (1728/4064): detalhe ja salvo
pulando projeto 3283 (1729/4064): detalhe ja salvo
pulando projeto 3282 (1730/4064): detalhe ja salvo
progresso: 1730/4064 (42.6%) | tempo restante estimado: 00:01
pulando projeto 3281 (1731/4064): detalhe ja salvo
pulando projeto 3280 (1732/4064): detalhe ja salvo
pulando projeto 3277 (1733/4064): detalhe ja salvo
pulando projeto 3276 (1734/4064): detalhe ja salvo
pulando projeto 3274 (1735/4064): detalhe ja salvo
pulando projeto 3273 (1736/4064): detalhe ja salvo
pulando projeto 3272 (1737/4064): detalhe ja salvo
pulando projeto 3271 (1738/4064): detalhe ja salvo
pulando projeto 3270 (1739/4064): detalhe ja salvo
pulando projeto 3269 (1740/4064): detalhe ja salvo
progresso: 1740/4064 (42.8%) | tempo restante estimado: 00:01
pulando projeto 3268 (1741/4064): detalhe ja salvo
pulando projeto 3267 (1742/4064): detalhe ja salvo
pulando projeto 3266 (1743/4064): detalhe ja salvo
pulando projeto 3265 (1744/4064): detalhe ja salvo
pulando projeto 3264 (1745/4064): detalhe ja salvo
pulando projeto 3263 (1746/4064): detalhe ja salvo
pulando projeto 3262 (1747/4064): detalhe ja salvo
pulando projeto 3229 (1748/4064): detalhe ja salvo
pulando projeto 3228 (1749/4064): detalhe ja salvo
pulando projeto 3227 (1750/4064): detalhe ja salvo
progresso: 1750/4064 (43.1%) | tempo restante estimado: 00:01
pulando projeto 3226 (1751/4064): detalhe ja salvo
pulando projeto 3225 (1752/4064): detalhe ja salvo
pulando projeto 3224 (1753/4064): detalhe ja salvo
pulando projeto 3223 (1754/4064): detalhe ja salvo
pulando projeto 3222 (1755/4064): detalhe ja salvo
pulando projeto 3221 (1756/4064): detalhe ja salvo
pulando projeto 3220 (1757/4064): detalhe ja salvo
pulando projeto 3219 (1758/4064): detalhe ja salvo
pulando projeto 3218 (1759/4064): detalhe ja salvo
pulando projeto 3217 (1760/4064): detalhe ja salvo
progresso: 1760/4064 (43.3%) | tempo restante estimado: 00:01
pulando projeto 3216 (1761/4064): detalhe ja salvo
pulando projeto 3215 (1762/4064): detalhe ja salvo
pulando projeto 3214 (1763/4064): detalhe ja salvo
pulando projeto 3212 (1764/4064): detalhe ja salvo
pulando projeto 3211 (1765/4064): detalhe ja salvo
pulando projeto 3209 (1766/4064): detalhe ja salvo
pulando projeto 3208 (1767/4064): detalhe ja salvo
pulando projeto 3207 (1768/4064): detalhe ja salvo
pulando projeto 3206 (1769/4064): detalhe ja salvo
pulando projeto 3205 (1770/4064): detalhe ja salvo
progresso: 1770/4064 (43.6%) | tempo restante estimado: 00:01
pulando projeto 3204 (1771/4064): detalhe ja salvo
pulando projeto 3203 (1772/4064): detalhe ja salvo
pulando projeto 3202 (1773/4064): detalhe ja salvo
pulando projeto 3201 (1774/4064): detalhe ja salvo
pulando projeto 3200 (1775/4064): detalhe ja salvo
pulando projeto 3199 (1776/4064): detalhe ja salvo
pulando projeto 3198 (1777/4064): detalhe ja salvo
pulando projeto 3197 (1778/4064): detalhe ja salvo
pulando projeto 3196 (1779/4064): detalhe ja salvo
pulando projeto 3195 (1780/4064): detalhe ja salvo
progresso: 1780/4064 (43.8%) | tempo restante estimado: 00:01
pulando projeto 3194 (1781/4064): detalhe ja salvo
pulando projeto 3193 (1782/4064): detalhe ja salvo
pulando projeto 3191 (1783/4064): detalhe ja salvo
pulando projeto 3190 (1784/4064): detalhe ja salvo
pulando projeto 3189 (1785/4064): detalhe ja salvo
pulando projeto 3188 (1786/4064): detalhe ja salvo
pulando projeto 3187 (1787/4064): detalhe ja salvo
pulando projeto 3186 (1788/4064): detalhe ja salvo
pulando projeto 3185 (1789/4064): detalhe ja salvo
pulando projeto 3184 (1790/4064): detalhe ja salvo
progresso: 1790/4064 (44.0%) | tempo restante estimado: 00:01
pulando projeto 3183 (1791/4064): detalhe ja salvo
pulando projeto 3182 (1792/4064): detalhe ja salvo
pulando projeto 3181 (1793/4064): detalhe ja salvo
pulando projeto 3180 (1794/4064): detalhe ja salvo
pulando projeto 3179 (1795/4064): detalhe ja salvo
pulando projeto 3178 (1796/4064): detalhe ja salvo
pulando projeto 3177 (1797/4064): detalhe ja salvo
pulando projeto 3176 (1798/4064): detalhe ja salvo
pulando projeto 3175 (1799/4064): detalhe ja salvo
pulando projeto 3174 (1800/4064): detalhe ja salvo
progresso: 1800/4064 (44.3%) | tempo restante estimado: 00:01
pulando projeto 3170 (1801/4064): detalhe ja salvo
pulando projeto 3169 (1802/4064): detalhe ja salvo
pulando projeto 3168 (1803/4064): detalhe ja salvo
pulando projeto 3167 (1804/4064): detalhe ja salvo
pulando projeto 3166 (1805/4064): detalhe ja salvo
pulando projeto 3165 (1806/4064): detalhe ja salvo
pulando projeto 3164 (1807/4064): detalhe ja salvo
pulando projeto 3163 (1808/4064): detalhe ja salvo
pulando projeto 3162 (1809/4064): detalhe ja salvo
pulando projeto 3161 (1810/4064): detalhe ja salvo
progresso: 1810/4064 (44.5%) | tempo restante estimado: 00:01
pulando projeto 3160 (1811/4064): detalhe ja salvo
pulando projeto 3158 (1812/4064): detalhe ja salvo
pulando projeto 3157 (1813/4064): detalhe ja salvo
pulando projeto 3156 (1814/4064): detalhe ja salvo
pulando projeto 3154 (1815/4064): detalhe ja salvo
pulando projeto 3153 (1816/4064): detalhe ja salvo
pulando projeto 3120 (1817/4064): detalhe ja salvo
pulando projeto 3118 (1818/4064): detalhe ja salvo
pulando projeto 3112 (1819/4064): detalhe ja salvo
pulando projeto 3111 (1820/4064): detalhe ja salvo
progresso: 1820/4064 (44.8%) | tempo restante estimado: 00:01
pulando projeto 3110 (1821/4064): detalhe ja salvo
pulando projeto 3109 (1822/4064): detalhe ja salvo
pulando projeto 3108 (1823/4064): detalhe ja salvo
pulando projeto 3107 (1824/4064): detalhe ja salvo
pulando projeto 3106 (1825/4064): detalhe ja salvo
pulando projeto 3105 (1826/4064): detalhe ja salvo
pulando projeto 3104 (1827/4064): detalhe ja salvo
pulando projeto 3103 (1828/4064): detalhe ja salvo
pulando projeto 3102 (1829/4064): detalhe ja salvo
pulando projeto 3101 (1830/4064): detalhe ja salvo
progresso: 1830/4064 (45.0%) | tempo restante estimado: 00:01
pulando projeto 3100 (1831/4064): detalhe ja salvo
pulando projeto 3099 (1832/4064): detalhe ja salvo
pulando projeto 3098 (1833/4064): detalhe ja salvo
pulando projeto 3097 (1834/4064): detalhe ja salvo
pulando projeto 3096 (1835/4064): detalhe ja salvo
pulando projeto 3095 (1836/4064): detalhe ja salvo
pulando projeto 3094 (1837/4064): detalhe ja salvo
pulando projeto 3093 (1838/4064): detalhe ja salvo
pulando projeto 3092 (1839/4064): detalhe ja salvo
pulando projeto 3091 (1840/4064): detalhe ja salvo
progresso: 1840/4064 (45.3%) | tempo restante estimado: 00:01
pulando projeto 3090 (1841/4064): detalhe ja salvo
pulando projeto 3089 (1842/4064): detalhe ja salvo
pulando projeto 3088 (1843/4064): detalhe ja salvo
pulando projeto 3086 (1844/4064): detalhe ja salvo
pulando projeto 3085 (1845/4064): detalhe ja salvo
pulando projeto 3083 (1846/4064): detalhe ja salvo
pulando projeto 3082 (1847/4064): detalhe ja salvo
pulando projeto 3081 (1848/4064): detalhe ja salvo
pulando projeto 3080 (1849/4064): detalhe ja salvo
pulando projeto 3079 (1850/4064): detalhe ja salvo
progresso: 1850/4064 (45.5%) | tempo restante estimado: 00:01
pulando projeto 3078 (1851/4064): detalhe ja salvo
pulando projeto 3077 (1852/4064): detalhe ja salvo
pulando projeto 3076 (1853/4064): detalhe ja salvo
pulando projeto 3075 (1854/4064): detalhe ja salvo
pulando projeto 3074 (1855/4064): detalhe ja salvo
pulando projeto 3073 (1856/4064): detalhe ja salvo
pulando projeto 3072 (1857/4064): detalhe ja salvo
pulando projeto 3071 (1858/4064): detalhe ja salvo
pulando projeto 3070 (1859/4064): detalhe ja salvo
pulando projeto 3069 (1860/4064): detalhe ja salvo
progresso: 1860/4064 (45.8%) | tempo restante estimado: 00:01
pulando projeto 3068 (1861/4064): detalhe ja salvo
pulando projeto 3067 (1862/4064): detalhe ja salvo
pulando projeto 3066 (1863/4064): detalhe ja salvo
pulando projeto 3065 (1864/4064): detalhe ja salvo
pulando projeto 3064 (1865/4064): detalhe ja salvo
pulando projeto 3063 (1866/4064): detalhe ja salvo
pulando projeto 3062 (1867/4064): detalhe ja salvo
pulando projeto 3061 (1868/4064): detalhe ja salvo
pulando projeto 3060 (1869/4064): detalhe ja salvo
pulando projeto 3059 (1870/4064): detalhe ja salvo
progresso: 1870/4064 (46.0%) | tempo restante estimado: 00:01
pulando projeto 3058 (1871/4064): detalhe ja salvo
pulando projeto 3056 (1872/4064): detalhe ja salvo
pulando projeto 3055 (1873/4064): detalhe ja salvo
pulando projeto 3054 (1874/4064): detalhe ja salvo
pulando projeto 3053 (1875/4064): detalhe ja salvo
pulando projeto 3052 (1876/4064): detalhe ja salvo
pulando projeto 3051 (1877/4064): detalhe ja salvo
pulando projeto 3050 (1878/4064): detalhe ja salvo
pulando projeto 3049 (1879/4064): detalhe ja salvo
pulando projeto 3048 (1880/4064): detalhe ja salvo
progresso: 1880/4064 (46.3%) | tempo restante estimado: 00:01
pulando projeto 3047 (1881/4064): detalhe ja salvo
pulando projeto 3046 (1882/4064): detalhe ja salvo
pulando projeto 3045 (1883/4064): detalhe ja salvo
pulando projeto 3044 (1884/4064): detalhe ja salvo
pulando projeto 3043 (1885/4064): detalhe ja salvo
pulando projeto 3042 (1886/4064): detalhe ja salvo
pulando projeto 3041 (1887/4064): detalhe ja salvo
pulando projeto 3040 (1888/4064): detalhe ja salvo
pulando projeto 3039 (1889/4064): detalhe ja salvo
pulando projeto 3038 (1890/4064): detalhe ja salvo
progresso: 1890/4064 (46.5%) | tempo restante estimado: 00:01
pulando projeto 3037 (1891/4064): detalhe ja salvo
pulando projeto 3036 (1892/4064): detalhe ja salvo
pulando projeto 3035 (1893/4064): detalhe ja salvo
pulando projeto 3034 (1894/4064): detalhe ja salvo
pulando projeto 3032 (1895/4064): detalhe ja salvo
pulando projeto 3031 (1896/4064): detalhe ja salvo
pulando projeto 3030 (1897/4064): detalhe ja salvo
pulando projeto 3029 (1898/4064): detalhe ja salvo
pulando projeto 3024 (1899/4064): detalhe ja salvo
pulando projeto 3023 (1900/4064): detalhe ja salvo
progresso: 1900/4064 (46.8%) | tempo restante estimado: 00:01
pulando projeto 3022 (1901/4064): detalhe ja salvo
pulando projeto 3021 (1902/4064): detalhe ja salvo
pulando projeto 3020 (1903/4064): detalhe ja salvo
pulando projeto 3019 (1904/4064): detalhe ja salvo
pulando projeto 3018 (1905/4064): detalhe ja salvo
pulando projeto 3017 (1906/4064): detalhe ja salvo
pulando projeto 2987 (1907/4064): detalhe ja salvo
pulando projeto 2986 (1908/4064): detalhe ja salvo
pulando projeto 2985 (1909/4064): detalhe ja salvo
pulando projeto 2984 (1910/4064): detalhe ja salvo
progresso: 1910/4064 (47.0%) | tempo restante estimado: 00:01
pulando projeto 2983 (1911/4064): detalhe ja salvo
pulando projeto 2982 (1912/4064): detalhe ja salvo
pulando projeto 2981 (1913/4064): detalhe ja salvo
pulando projeto 2980 (1914/4064): detalhe ja salvo
pulando projeto 2979 (1915/4064): detalhe ja salvo
pulando projeto 2978 (1916/4064): detalhe ja salvo
pulando projeto 2977 (1917/4064): detalhe ja salvo
pulando projeto 2976 (1918/4064): detalhe ja salvo
pulando projeto 2975 (1919/4064): detalhe ja salvo
pulando projeto 2974 (1920/4064): detalhe ja salvo
progresso: 1920/4064 (47.2%) | tempo restante estimado: 00:01
pulando projeto 2973 (1921/4064): detalhe ja salvo
pulando projeto 2972 (1922/4064): detalhe ja salvo
pulando projeto 2971 (1923/4064): detalhe ja salvo
pulando projeto 2970 (1924/4064): detalhe ja salvo
pulando projeto 2969 (1925/4064): detalhe ja salvo
pulando projeto 2968 (1926/4064): detalhe ja salvo
pulando projeto 2967 (1927/4064): detalhe ja salvo
pulando projeto 2966 (1928/4064): detalhe ja salvo
pulando projeto 2965 (1929/4064): detalhe ja salvo
pulando projeto 2964 (1930/4064): detalhe ja salvo
progresso: 1930/4064 (47.5%) | tempo restante estimado: 00:01
pulando projeto 2963 (1931/4064): detalhe ja salvo
pulando projeto 2962 (1932/4064): detalhe ja salvo
pulando projeto 2961 (1933/4064): detalhe ja salvo
pulando projeto 2960 (1934/4064): detalhe ja salvo
pulando projeto 2959 (1935/4064): detalhe ja salvo
pulando projeto 2958 (1936/4064): detalhe ja salvo
pulando projeto 2957 (1937/4064): detalhe ja salvo
pulando projeto 2956 (1938/4064): detalhe ja salvo
pulando projeto 2955 (1939/4064): detalhe ja salvo
pulando projeto 2954 (1940/4064): detalhe ja salvo
progresso: 1940/4064 (47.7%) | tempo restante estimado: 00:01
pulando projeto 2953 (1941/4064): detalhe ja salvo
pulando projeto 2952 (1942/4064): detalhe ja salvo
pulando projeto 2951 (1943/4064): detalhe ja salvo
pulando projeto 2950 (1944/4064): detalhe ja salvo
pulando projeto 2949 (1945/4064): detalhe ja salvo
pulando projeto 2948 (1946/4064): detalhe ja salvo
pulando projeto 2947 (1947/4064): detalhe ja salvo
pulando projeto 2946 (1948/4064): detalhe ja salvo
pulando projeto 2945 (1949/4064): detalhe ja salvo
pulando projeto 2944 (1950/4064): detalhe ja salvo
progresso: 1950/4064 (48.0%) | tempo restante estimado: 00:01
pulando projeto 2943 (1951/4064): detalhe ja salvo
pulando projeto 2941 (1952/4064): detalhe ja salvo
pulando projeto 2940 (1953/4064): detalhe ja salvo
pulando projeto 2939 (1954/4064): detalhe ja salvo
pulando projeto 2938 (1955/4064): detalhe ja salvo
pulando projeto 2937 (1956/4064): detalhe ja salvo
pulando projeto 2936 (1957/4064): detalhe ja salvo
pulando projeto 2935 (1958/4064): detalhe ja salvo
pulando projeto 2934 (1959/4064): detalhe ja salvo
pulando projeto 2933 (1960/4064): detalhe ja salvo
progresso: 1960/4064 (48.2%) | tempo restante estimado: 00:01
pulando projeto 2931 (1961/4064): detalhe ja salvo
pulando projeto 2930 (1962/4064): detalhe ja salvo
pulando projeto 2929 (1963/4064): detalhe ja salvo
pulando projeto 2928 (1964/4064): detalhe ja salvo
pulando projeto 2927 (1965/4064): detalhe ja salvo
pulando projeto 2926 (1966/4064): detalhe ja salvo
pulando projeto 2925 (1967/4064): detalhe ja salvo
pulando projeto 2924 (1968/4064): detalhe ja salvo
pulando projeto 2923 (1969/4064): detalhe ja salvo
pulando projeto 2922 (1970/4064): detalhe ja salvo
progresso: 1970/4064 (48.5%) | tempo restante estimado: 00:01
pulando projeto 2921 (1971/4064): detalhe ja salvo
pulando projeto 2920 (1972/4064): detalhe ja salvo
pulando projeto 2918 (1973/4064): detalhe ja salvo
pulando projeto 2917 (1974/4064): detalhe ja salvo
pulando projeto 2916 (1975/4064): detalhe ja salvo
pulando projeto 2915 (1976/4064): detalhe ja salvo
pulando projeto 2914 (1977/4064): detalhe ja salvo
pulando projeto 2913 (1978/4064): detalhe ja salvo
pulando projeto 2912 (1979/4064): detalhe ja salvo
pulando projeto 2911 (1980/4064): detalhe ja salvo
progresso: 1980/4064 (48.7%) | tempo restante estimado: 00:01
pulando projeto 2910 (1981/4064): detalhe ja salvo
pulando projeto 2909 (1982/4064): detalhe ja salvo
pulando projeto 2908 (1983/4064): detalhe ja salvo
pulando projeto 2907 (1984/4064): detalhe ja salvo
pulando projeto 2906 (1985/4064): detalhe ja salvo
pulando projeto 2905 (1986/4064): detalhe ja salvo
pulando projeto 2904 (1987/4064): detalhe ja salvo
pulando projeto 2903 (1988/4064): detalhe ja salvo
pulando projeto 2902 (1989/4064): detalhe ja salvo
pulando projeto 2901 (1990/4064): detalhe ja salvo
progresso: 1990/4064 (49.0%) | tempo restante estimado: 00:01
pulando projeto 2900 (1991/4064): detalhe ja salvo
pulando projeto 2899 (1992/4064): detalhe ja salvo
pulando projeto 2898 (1993/4064): detalhe ja salvo
pulando projeto 2897 (1994/4064): detalhe ja salvo
pulando projeto 2896 (1995/4064): detalhe ja salvo
pulando projeto 2895 (1996/4064): detalhe ja salvo
pulando projeto 2894 (1997/4064): detalhe ja salvo
pulando projeto 2893 (1998/4064): detalhe ja salvo
pulando projeto 2892 (1999/4064): detalhe ja salvo
pulando projeto 2891 (2000/4064): detalhe ja salvo
progresso: 2000/4064 (49.2%) | tempo restante estimado: 00:01
pulando projeto 2890 (2001/4064): detalhe ja salvo
pulando projeto 2889 (2002/4064): detalhe ja salvo
pulando projeto 2888 (2003/4064): detalhe ja salvo
pulando projeto 2887 (2004/4064): detalhe ja salvo
pulando projeto 2886 (2005/4064): detalhe ja salvo
pulando projeto 2885 (2006/4064): detalhe ja salvo
pulando projeto 2879 (2007/4064): detalhe ja salvo
pulando projeto 2878 (2008/4064): detalhe ja salvo
pulando projeto 2877 (2009/4064): detalhe ja salvo
pulando projeto 2876 (2010/4064): detalhe ja salvo
progresso: 2010/4064 (49.5%) | tempo restante estimado: 00:01
pulando projeto 2843 (2011/4064): detalhe ja salvo
pulando projeto 2842 (2012/4064): detalhe ja salvo
pulando projeto 2841 (2013/4064): detalhe ja salvo
pulando projeto 2836 (2014/4064): detalhe ja salvo
pulando projeto 2835 (2015/4064): detalhe ja salvo
pulando projeto 2834 (2016/4064): detalhe ja salvo
pulando projeto 2833 (2017/4064): detalhe ja salvo
pulando projeto 2832 (2018/4064): detalhe ja salvo
pulando projeto 2831 (2019/4064): detalhe ja salvo
pulando projeto 2830 (2020/4064): detalhe ja salvo
progresso: 2020/4064 (49.7%) | tempo restante estimado: 00:01
pulando projeto 2829 (2021/4064): detalhe ja salvo
pulando projeto 2826 (2022/4064): detalhe ja salvo
pulando projeto 2825 (2023/4064): detalhe ja salvo
pulando projeto 2824 (2024/4064): detalhe ja salvo
pulando projeto 2823 (2025/4064): detalhe ja salvo
pulando projeto 2822 (2026/4064): detalhe ja salvo
pulando projeto 2821 (2027/4064): detalhe ja salvo
pulando projeto 2820 (2028/4064): detalhe ja salvo
pulando projeto 2819 (2029/4064): detalhe ja salvo
pulando projeto 2818 (2030/4064): detalhe ja salvo
progresso: 2030/4064 (50.0%) | tempo restante estimado: 00:01
pulando projeto 2817 (2031/4064): detalhe ja salvo
pulando projeto 2816 (2032/4064): detalhe ja salvo
pulando projeto 2815 (2033/4064): detalhe ja salvo
pulando projeto 2814 (2034/4064): detalhe ja salvo
pulando projeto 2781 (2035/4064): detalhe ja salvo
pulando projeto 2780 (2036/4064): detalhe ja salvo
pulando projeto 2779 (2037/4064): detalhe ja salvo
pulando projeto 2778 (2038/4064): detalhe ja salvo
pulando projeto 2777 (2039/4064): detalhe ja salvo
pulando projeto 2775 (2040/4064): detalhe ja salvo
progresso: 2040/4064 (50.2%) | tempo restante estimado: 00:01
pulando projeto 2770 (2041/4064): detalhe ja salvo
pulando projeto 2769 (2042/4064): detalhe ja salvo
pulando projeto 2768 (2043/4064): detalhe ja salvo
pulando projeto 2767 (2044/4064): detalhe ja salvo
pulando projeto 2766 (2045/4064): detalhe ja salvo
pulando projeto 2765 (2046/4064): detalhe ja salvo
pulando projeto 2764 (2047/4064): detalhe ja salvo
pulando projeto 2763 (2048/4064): detalhe ja salvo
pulando projeto 2762 (2049/4064): detalhe ja salvo
pulando projeto 2761 (2050/4064): detalhe ja salvo
progresso: 2050/4064 (50.4%) | tempo restante estimado: 00:01
pulando projeto 2760 (2051/4064): detalhe ja salvo
pulando projeto 2759 (2052/4064): detalhe ja salvo
pulando projeto 2758 (2053/4064): detalhe ja salvo
pulando projeto 2757 (2054/4064): detalhe ja salvo
pulando projeto 2756 (2055/4064): detalhe ja salvo
pulando projeto 2755 (2056/4064): detalhe ja salvo
pulando projeto 2754 (2057/4064): detalhe ja salvo
pulando projeto 2753 (2058/4064): detalhe ja salvo
pulando projeto 2752 (2059/4064): detalhe ja salvo
pulando projeto 2751 (2060/4064): detalhe ja salvo
progresso: 2060/4064 (50.7%) | tempo restante estimado: 00:01
pulando projeto 2750 (2061/4064): detalhe ja salvo
pulando projeto 2749 (2062/4064): detalhe ja salvo
pulando projeto 2748 (2063/4064): detalhe ja salvo
pulando projeto 2747 (2064/4064): detalhe ja salvo
pulando projeto 2746 (2065/4064): detalhe ja salvo
pulando projeto 2745 (2066/4064): detalhe ja salvo
pulando projeto 2744 (2067/4064): detalhe ja salvo
pulando projeto 2742 (2068/4064): detalhe ja salvo
pulando projeto 2741 (2069/4064): detalhe ja salvo
pulando projeto 2740 (2070/4064): detalhe ja salvo
progresso: 2070/4064 (50.9%) | tempo restante estimado: 00:01
pulando projeto 2739 (2071/4064): detalhe ja salvo
pulando projeto 2738 (2072/4064): detalhe ja salvo
pulando projeto 2737 (2073/4064): detalhe ja salvo
pulando projeto 2736 (2074/4064): detalhe ja salvo
pulando projeto 2735 (2075/4064): detalhe ja salvo
pulando projeto 2734 (2076/4064): detalhe ja salvo
pulando projeto 2733 (2077/4064): detalhe ja salvo
pulando projeto 2731 (2078/4064): detalhe ja salvo
pulando projeto 2730 (2079/4064): detalhe ja salvo
pulando projeto 2729 (2080/4064): detalhe ja salvo
progresso: 2080/4064 (51.2%) | tempo restante estimado: 00:01
pulando projeto 2728 (2081/4064): detalhe ja salvo
pulando projeto 2727 (2082/4064): detalhe ja salvo
pulando projeto 2726 (2083/4064): detalhe ja salvo
pulando projeto 2725 (2084/4064): detalhe ja salvo
pulando projeto 2724 (2085/4064): detalhe ja salvo
pulando projeto 2692 (2086/4064): detalhe ja salvo
pulando projeto 2691 (2087/4064): detalhe ja salvo
pulando projeto 2690 (2088/4064): detalhe ja salvo
pulando projeto 2689 (2089/4064): detalhe ja salvo
pulando projeto 2688 (2090/4064): detalhe ja salvo
progresso: 2090/4064 (51.4%) | tempo restante estimado: 00:01
pulando projeto 2687 (2091/4064): detalhe ja salvo
pulando projeto 2686 (2092/4064): detalhe ja salvo
pulando projeto 2685 (2093/4064): detalhe ja salvo
pulando projeto 2684 (2094/4064): detalhe ja salvo
pulando projeto 2683 (2095/4064): detalhe ja salvo
pulando projeto 2680 (2096/4064): detalhe ja salvo
pulando projeto 2679 (2097/4064): detalhe ja salvo
pulando projeto 2678 (2098/4064): detalhe ja salvo
pulando projeto 2677 (2099/4064): detalhe ja salvo
pulando projeto 2676 (2100/4064): detalhe ja salvo
progresso: 2100/4064 (51.7%) | tempo restante estimado: 00:01
pulando projeto 2675 (2101/4064): detalhe ja salvo
pulando projeto 2674 (2102/4064): detalhe ja salvo
pulando projeto 2673 (2103/4064): detalhe ja salvo
pulando projeto 2672 (2104/4064): detalhe ja salvo
pulando projeto 2671 (2105/4064): detalhe ja salvo
pulando projeto 2670 (2106/4064): detalhe ja salvo
pulando projeto 2669 (2107/4064): detalhe ja salvo
pulando projeto 2668 (2108/4064): detalhe ja salvo
pulando projeto 2667 (2109/4064): detalhe ja salvo
pulando projeto 2666 (2110/4064): detalhe ja salvo
progresso: 2110/4064 (51.9%) | tempo restante estimado: 00:01
pulando projeto 2665 (2111/4064): detalhe ja salvo
pulando projeto 2664 (2112/4064): detalhe ja salvo
pulando projeto 2662 (2113/4064): detalhe ja salvo
pulando projeto 2661 (2114/4064): detalhe ja salvo
pulando projeto 2660 (2115/4064): detalhe ja salvo
pulando projeto 2659 (2116/4064): detalhe ja salvo
pulando projeto 2658 (2117/4064): detalhe ja salvo
pulando projeto 2657 (2118/4064): detalhe ja salvo
pulando projeto 2656 (2119/4064): detalhe ja salvo
pulando projeto 2655 (2120/4064): detalhe ja salvo
progresso: 2120/4064 (52.2%) | tempo restante estimado: 00:01
pulando projeto 2654 (2121/4064): detalhe ja salvo
pulando projeto 2653 (2122/4064): detalhe ja salvo
pulando projeto 2652 (2123/4064): detalhe ja salvo
pulando projeto 2651 (2124/4064): detalhe ja salvo
pulando projeto 2649 (2125/4064): detalhe ja salvo
pulando projeto 2648 (2126/4064): detalhe ja salvo
pulando projeto 2647 (2127/4064): detalhe ja salvo
pulando projeto 2646 (2128/4064): detalhe ja salvo
pulando projeto 2645 (2129/4064): detalhe ja salvo
pulando projeto 2644 (2130/4064): detalhe ja salvo
progresso: 2130/4064 (52.4%) | tempo restante estimado: 00:01
pulando projeto 2643 (2131/4064): detalhe ja salvo
pulando projeto 2642 (2132/4064): detalhe ja salvo
pulando projeto 2641 (2133/4064): detalhe ja salvo
pulando projeto 2640 (2134/4064): detalhe ja salvo
pulando projeto 2639 (2135/4064): detalhe ja salvo
pulando projeto 2638 (2136/4064): detalhe ja salvo
pulando projeto 2637 (2137/4064): detalhe ja salvo
pulando projeto 2636 (2138/4064): detalhe ja salvo
pulando projeto 2635 (2139/4064): detalhe ja salvo
pulando projeto 2634 (2140/4064): detalhe ja salvo
progresso: 2140/4064 (52.7%) | tempo restante estimado: 00:01
pulando projeto 2633 (2141/4064): detalhe ja salvo
pulando projeto 2632 (2142/4064): detalhe ja salvo
pulando projeto 2631 (2143/4064): detalhe ja salvo
pulando projeto 2630 (2144/4064): detalhe ja salvo
pulando projeto 2628 (2145/4064): detalhe ja salvo
pulando projeto 2627 (2146/4064): detalhe ja salvo
pulando projeto 2626 (2147/4064): detalhe ja salvo
pulando projeto 2625 (2148/4064): detalhe ja salvo
pulando projeto 2621 (2149/4064): detalhe ja salvo
pulando projeto 2620 (2150/4064): detalhe ja salvo
progresso: 2150/4064 (52.9%) | tempo restante estimado: 00:01
pulando projeto 2619 (2151/4064): detalhe ja salvo
pulando projeto 2611 (2152/4064): detalhe ja salvo
pulando projeto 2608 (2153/4064): detalhe ja salvo
pulando projeto 2607 (2154/4064): detalhe ja salvo
pulando projeto 2606 (2155/4064): detalhe ja salvo
pulando projeto 2605 (2156/4064): detalhe ja salvo
pulando projeto 2603 (2157/4064): detalhe ja salvo
pulando projeto 2602 (2158/4064): detalhe ja salvo
pulando projeto 2601 (2159/4064): detalhe ja salvo
pulando projeto 2600 (2160/4064): detalhe ja salvo
progresso: 2160/4064 (53.1%) | tempo restante estimado: 00:01
pulando projeto 2598 (2161/4064): detalhe ja salvo
pulando projeto 2597 (2162/4064): detalhe ja salvo
pulando projeto 2596 (2163/4064): detalhe ja salvo
pulando projeto 2595 (2164/4064): detalhe ja salvo
pulando projeto 2594 (2165/4064): detalhe ja salvo
pulando projeto 2593 (2166/4064): detalhe ja salvo
pulando projeto 2592 (2167/4064): detalhe ja salvo
pulando projeto 2591 (2168/4064): detalhe ja salvo
pulando projeto 2590 (2169/4064): detalhe ja salvo
pulando projeto 2589 (2170/4064): detalhe ja salvo
progresso: 2170/4064 (53.4%) | tempo restante estimado: 00:01
pulando projeto 2588 (2171/4064): detalhe ja salvo
pulando projeto 2587 (2172/4064): detalhe ja salvo
pulando projeto 2586 (2173/4064): detalhe ja salvo
pulando projeto 2585 (2174/4064): detalhe ja salvo
pulando projeto 2584 (2175/4064): detalhe ja salvo
pulando projeto 2583 (2176/4064): detalhe ja salvo
pulando projeto 2582 (2177/4064): detalhe ja salvo
pulando projeto 2581 (2178/4064): detalhe ja salvo
pulando projeto 2580 (2179/4064): detalhe ja salvo
pulando projeto 2579 (2180/4064): detalhe ja salvo
progresso: 2180/4064 (53.6%) | tempo restante estimado: 00:01
pulando projeto 2578 (2181/4064): detalhe ja salvo
pulando projeto 2577 (2182/4064): detalhe ja salvo
pulando projeto 2576 (2183/4064): detalhe ja salvo
pulando projeto 2572 (2184/4064): detalhe ja salvo
pulando projeto 2571 (2185/4064): detalhe ja salvo
pulando projeto 2570 (2186/4064): detalhe ja salvo
pulando projeto 2569 (2187/4064): detalhe ja salvo
pulando projeto 2568 (2188/4064): detalhe ja salvo
pulando projeto 2567 (2189/4064): detalhe ja salvo
pulando projeto 2566 (2190/4064): detalhe ja salvo
progresso: 2190/4064 (53.9%) | tempo restante estimado: 00:01
pulando projeto 2565 (2191/4064): detalhe ja salvo
pulando projeto 2564 (2192/4064): detalhe ja salvo
pulando projeto 2563 (2193/4064): detalhe ja salvo
pulando projeto 2562 (2194/4064): detalhe ja salvo
pulando projeto 2561 (2195/4064): detalhe ja salvo
pulando projeto 2560 (2196/4064): detalhe ja salvo
pulando projeto 2559 (2197/4064): detalhe ja salvo
pulando projeto 2558 (2198/4064): detalhe ja salvo
pulando projeto 2557 (2199/4064): detalhe ja salvo
pulando projeto 2556 (2200/4064): detalhe ja salvo
progresso: 2200/4064 (54.1%) | tempo restante estimado: 00:01
pulando projeto 2555 (2201/4064): detalhe ja salvo
pulando projeto 2554 (2202/4064): detalhe ja salvo
pulando projeto 2553 (2203/4064): detalhe ja salvo
pulando projeto 2552 (2204/4064): detalhe ja salvo
pulando projeto 2551 (2205/4064): detalhe ja salvo
pulando projeto 2550 (2206/4064): detalhe ja salvo
pulando projeto 2549 (2207/4064): detalhe ja salvo
pulando projeto 2548 (2208/4064): detalhe ja salvo
pulando projeto 2547 (2209/4064): detalhe ja salvo
pulando projeto 2546 (2210/4064): detalhe ja salvo
progresso: 2210/4064 (54.4%) | tempo restante estimado: 00:01
pulando projeto 2545 (2211/4064): detalhe ja salvo
pulando projeto 2544 (2212/4064): detalhe ja salvo
pulando projeto 2543 (2213/4064): detalhe ja salvo
pulando projeto 2542 (2214/4064): detalhe ja salvo
pulando projeto 2541 (2215/4064): detalhe ja salvo
pulando projeto 2540 (2216/4064): detalhe ja salvo
pulando projeto 2539 (2217/4064): detalhe ja salvo
pulando projeto 2538 (2218/4064): detalhe ja salvo
pulando projeto 2537 (2219/4064): detalhe ja salvo
pulando projeto 2536 (2220/4064): detalhe ja salvo
progresso: 2220/4064 (54.6%) | tempo restante estimado: 00:01
pulando projeto 2535 (2221/4064): detalhe ja salvo
pulando projeto 2534 (2222/4064): detalhe ja salvo
pulando projeto 2533 (2223/4064): detalhe ja salvo
pulando projeto 2532 (2224/4064): detalhe ja salvo
pulando projeto 2531 (2225/4064): detalhe ja salvo
pulando projeto 2530 (2226/4064): detalhe ja salvo
pulando projeto 2521 (2227/4064): detalhe ja salvo
pulando projeto 2516 (2228/4064): detalhe ja salvo
pulando projeto 2416 (2229/4064): detalhe ja salvo
pulando projeto 2415 (2230/4064): detalhe ja salvo
progresso: 2230/4064 (54.9%) | tempo restante estimado: 00:01
pulando projeto 2414 (2231/4064): detalhe ja salvo
pulando projeto 2413 (2232/4064): detalhe ja salvo
pulando projeto 2412 (2233/4064): detalhe ja salvo
pulando projeto 2411 (2234/4064): detalhe ja salvo
pulando projeto 2410 (2235/4064): detalhe ja salvo
pulando projeto 2409 (2236/4064): detalhe ja salvo
pulando projeto 2408 (2237/4064): detalhe ja salvo
pulando projeto 2373 (2238/4064): detalhe ja salvo
pulando projeto 2372 (2239/4064): detalhe ja salvo
pulando projeto 2371 (2240/4064): detalhe ja salvo
progresso: 2240/4064 (55.1%) | tempo restante estimado: 00:01
pulando projeto 2370 (2241/4064): detalhe ja salvo
pulando projeto 2369 (2242/4064): detalhe ja salvo
pulando projeto 2368 (2243/4064): detalhe ja salvo
pulando projeto 2367 (2244/4064): detalhe ja salvo
pulando projeto 2365 (2245/4064): detalhe ja salvo
pulando projeto 2363 (2246/4064): detalhe ja salvo
pulando projeto 2351 (2247/4064): detalhe ja salvo
pulando projeto 2347 (2248/4064): detalhe ja salvo
pulando projeto 2345 (2249/4064): detalhe ja salvo
pulando projeto 2344 (2250/4064): detalhe ja salvo
progresso: 2250/4064 (55.4%) | tempo restante estimado: 00:01
pulando projeto 2343 (2251/4064): detalhe ja salvo
pulando projeto 2342 (2252/4064): detalhe ja salvo
pulando projeto 2341 (2253/4064): detalhe ja salvo
pulando projeto 2340 (2254/4064): detalhe ja salvo
pulando projeto 2339 (2255/4064): detalhe ja salvo
pulando projeto 2338 (2256/4064): detalhe ja salvo
pulando projeto 2337 (2257/4064): detalhe ja salvo
pulando projeto 2336 (2258/4064): detalhe ja salvo
pulando projeto 2335 (2259/4064): detalhe ja salvo
pulando projeto 2334 (2260/4064): detalhe ja salvo
progresso: 2260/4064 (55.6%) | tempo restante estimado: 00:01
pulando projeto 2333 (2261/4064): detalhe ja salvo
pulando projeto 2332 (2262/4064): detalhe ja salvo
pulando projeto 2331 (2263/4064): detalhe ja salvo
pulando projeto 2325 (2264/4064): detalhe ja salvo
pulando projeto 2324 (2265/4064): detalhe ja salvo
pulando projeto 2323 (2266/4064): detalhe ja salvo
pulando projeto 2322 (2267/4064): detalhe ja salvo
pulando projeto 2321 (2268/4064): detalhe ja salvo
pulando projeto 2320 (2269/4064): detalhe ja salvo
pulando projeto 2319 (2270/4064): detalhe ja salvo
progresso: 2270/4064 (55.9%) | tempo restante estimado: 00:01
pulando projeto 2318 (2271/4064): detalhe ja salvo
pulando projeto 2317 (2272/4064): detalhe ja salvo
pulando projeto 2316 (2273/4064): detalhe ja salvo
pulando projeto 2315 (2274/4064): detalhe ja salvo
pulando projeto 2314 (2275/4064): detalhe ja salvo
pulando projeto 2313 (2276/4064): detalhe ja salvo
pulando projeto 2312 (2277/4064): detalhe ja salvo
pulando projeto 2311 (2278/4064): detalhe ja salvo
pulando projeto 2289 (2279/4064): detalhe ja salvo
pulando projeto 2262 (2280/4064): detalhe ja salvo
progresso: 2280/4064 (56.1%) | tempo restante estimado: 00:01
pulando projeto 2261 (2281/4064): detalhe ja salvo
pulando projeto 2260 (2282/4064): detalhe ja salvo
pulando projeto 2257 (2283/4064): detalhe ja salvo
pulando projeto 2254 (2284/4064): detalhe ja salvo
pulando projeto 2253 (2285/4064): detalhe ja salvo
pulando projeto 2245 (2286/4064): detalhe ja salvo
pulando projeto 2244 (2287/4064): detalhe ja salvo
pulando projeto 2243 (2288/4064): detalhe ja salvo
pulando projeto 2242 (2289/4064): detalhe ja salvo
pulando projeto 2241 (2290/4064): detalhe ja salvo
progresso: 2290/4064 (56.3%) | tempo restante estimado: 00:01
pulando projeto 2234 (2291/4064): detalhe ja salvo
pulando projeto 2233 (2292/4064): detalhe ja salvo
pulando projeto 2232 (2293/4064): detalhe ja salvo
pulando projeto 2231 (2294/4064): detalhe ja salvo
pulando projeto 2230 (2295/4064): detalhe ja salvo
pulando projeto 2229 (2296/4064): detalhe ja salvo
pulando projeto 2222 (2297/4064): detalhe ja salvo
pulando projeto 2221 (2298/4064): detalhe ja salvo
pulando projeto 2220 (2299/4064): detalhe ja salvo
pulando projeto 2219 (2300/4064): detalhe ja salvo
progresso: 2300/4064 (56.6%) | tempo restante estimado: 00:01
pulando projeto 2218 (2301/4064): detalhe ja salvo
pulando projeto 2216 (2302/4064): detalhe ja salvo
pulando projeto 2215 (2303/4064): detalhe ja salvo
pulando projeto 2214 (2304/4064): detalhe ja salvo
pulando projeto 2213 (2305/4064): detalhe ja salvo
pulando projeto 2212 (2306/4064): detalhe ja salvo
pulando projeto 2211 (2307/4064): detalhe ja salvo
pulando projeto 2210 (2308/4064): detalhe ja salvo
pulando projeto 2209 (2309/4064): detalhe ja salvo
pulando projeto 2208 (2310/4064): detalhe ja salvo
progresso: 2310/4064 (56.8%) | tempo restante estimado: 00:01
pulando projeto 2207 (2311/4064): detalhe ja salvo
pulando projeto 2206 (2312/4064): detalhe ja salvo
pulando projeto 2205 (2313/4064): detalhe ja salvo
pulando projeto 2204 (2314/4064): detalhe ja salvo
pulando projeto 2203 (2315/4064): detalhe ja salvo
pulando projeto 2198 (2316/4064): detalhe ja salvo
pulando projeto 2191 (2317/4064): detalhe ja salvo
pulando projeto 2190 (2318/4064): detalhe ja salvo
pulando projeto 2189 (2319/4064): detalhe ja salvo
pulando projeto 2188 (2320/4064): detalhe ja salvo
progresso: 2320/4064 (57.1%) | tempo restante estimado: 00:01
pulando projeto 2187 (2321/4064): detalhe ja salvo
pulando projeto 2186 (2322/4064): detalhe ja salvo
pulando projeto 2185 (2323/4064): detalhe ja salvo
pulando projeto 2183 (2324/4064): detalhe ja salvo
pulando projeto 2181 (2325/4064): detalhe ja salvo
pulando projeto 2180 (2326/4064): detalhe ja salvo
pulando projeto 2172 (2327/4064): detalhe ja salvo
pulando projeto 2171 (2328/4064): detalhe ja salvo
pulando projeto 2170 (2329/4064): detalhe ja salvo
pulando projeto 2164 (2330/4064): detalhe ja salvo
progresso: 2330/4064 (57.3%) | tempo restante estimado: 00:01
pulando projeto 2157 (2331/4064): detalhe ja salvo
pulando projeto 2153 (2332/4064): detalhe ja salvo
pulando projeto 2118 (2333/4064): detalhe ja salvo
pulando projeto 2117 (2334/4064): detalhe ja salvo
pulando projeto 2116 (2335/4064): detalhe ja salvo
pulando projeto 2115 (2336/4064): detalhe ja salvo
pulando projeto 2112 (2337/4064): detalhe ja salvo
pulando projeto 2111 (2338/4064): detalhe ja salvo
pulando projeto 2110 (2339/4064): detalhe ja salvo
pulando projeto 2109 (2340/4064): detalhe ja salvo
progresso: 2340/4064 (57.6%) | tempo restante estimado: 00:01
pulando projeto 2108 (2341/4064): detalhe ja salvo
pulando projeto 2107 (2342/4064): detalhe ja salvo
pulando projeto 2068 (2343/4064): detalhe ja salvo
pulando projeto 2066 (2344/4064): detalhe ja salvo
pulando projeto 2065 (2345/4064): detalhe ja salvo
pulando projeto 2064 (2346/4064): detalhe ja salvo
pulando projeto 2063 (2347/4064): detalhe ja salvo
pulando projeto 2062 (2348/4064): detalhe ja salvo
pulando projeto 2061 (2349/4064): detalhe ja salvo
pulando projeto 2059 (2350/4064): detalhe ja salvo
progresso: 2350/4064 (57.8%) | tempo restante estimado: 00:01
pulando projeto 2057 (2351/4064): detalhe ja salvo
pulando projeto 2056 (2352/4064): detalhe ja salvo
pulando projeto 2055 (2353/4064): detalhe ja salvo
pulando projeto 2053 (2354/4064): detalhe ja salvo
pulando projeto 2045 (2355/4064): detalhe ja salvo
pulando projeto 2039 (2356/4064): detalhe ja salvo
pulando projeto 2038 (2357/4064): detalhe ja salvo
pulando projeto 2037 (2358/4064): detalhe ja salvo
pulando projeto 2036 (2359/4064): detalhe ja salvo
pulando projeto 2035 (2360/4064): detalhe ja salvo
progresso: 2360/4064 (58.1%) | tempo restante estimado: 00:01
pulando projeto 2034 (2361/4064): detalhe ja salvo
pulando projeto 2030 (2362/4064): detalhe ja salvo
pulando projeto 2027 (2363/4064): detalhe ja salvo
pulando projeto 2026 (2364/4064): detalhe ja salvo
pulando projeto 2025 (2365/4064): detalhe ja salvo
pulando projeto 2024 (2366/4064): detalhe ja salvo
pulando projeto 2023 (2367/4064): detalhe ja salvo
pulando projeto 2022 (2368/4064): detalhe ja salvo
pulando projeto 1983 (2369/4064): detalhe ja salvo
pulando projeto 1982 (2370/4064): detalhe ja salvo
progresso: 2370/4064 (58.3%) | tempo restante estimado: 00:01
pulando projeto 1980 (2371/4064): detalhe ja salvo
pulando projeto 1979 (2372/4064): detalhe ja salvo
pulando projeto 1974 (2373/4064): detalhe ja salvo
pulando projeto 1972 (2374/4064): detalhe ja salvo
pulando projeto 1969 (2375/4064): detalhe ja salvo
pulando projeto 1968 (2376/4064): detalhe ja salvo
pulando projeto 1967 (2377/4064): detalhe ja salvo
pulando projeto 1966 (2378/4064): detalhe ja salvo
pulando projeto 1963 (2379/4064): detalhe ja salvo
pulando projeto 1955 (2380/4064): detalhe ja salvo
progresso: 2380/4064 (58.6%) | tempo restante estimado: 00:01
pulando projeto 1954 (2381/4064): detalhe ja salvo
pulando projeto 1953 (2382/4064): detalhe ja salvo
pulando projeto 1952 (2383/4064): detalhe ja salvo
pulando projeto 1951 (2384/4064): detalhe ja salvo
pulando projeto 1950 (2385/4064): detalhe ja salvo
pulando projeto 1949 (2386/4064): detalhe ja salvo
pulando projeto 1948 (2387/4064): detalhe ja salvo
pulando projeto 1947 (2388/4064): detalhe ja salvo
pulando projeto 1946 (2389/4064): detalhe ja salvo
pulando projeto 1945 (2390/4064): detalhe ja salvo
progresso: 2390/4064 (58.8%) | tempo restante estimado: 00:01
pulando projeto 1944 (2391/4064): detalhe ja salvo
pulando projeto 1943 (2392/4064): detalhe ja salvo
pulando projeto 1942 (2393/4064): detalhe ja salvo
pulando projeto 1924 (2394/4064): detalhe ja salvo
pulando projeto 1922 (2395/4064): detalhe ja salvo
pulando projeto 1919 (2396/4064): detalhe ja salvo
pulando projeto 1917 (2397/4064): detalhe ja salvo
pulando projeto 1916 (2398/4064): detalhe ja salvo
pulando projeto 1915 (2399/4064): detalhe ja salvo
pulando projeto 1914 (2400/4064): detalhe ja salvo
progresso: 2400/4064 (59.1%) | tempo restante estimado: 00:01
pulando projeto 1913 (2401/4064): detalhe ja salvo
pulando projeto 1912 (2402/4064): detalhe ja salvo
pulando projeto 1911 (2403/4064): detalhe ja salvo
pulando projeto 1910 (2404/4064): detalhe ja salvo
pulando projeto 1909 (2405/4064): detalhe ja salvo
pulando projeto 1908 (2406/4064): detalhe ja salvo
pulando projeto 1898 (2407/4064): detalhe ja salvo
pulando projeto 1897 (2408/4064): detalhe ja salvo
pulando projeto 1893 (2409/4064): detalhe ja salvo
pulando projeto 1890 (2410/4064): detalhe ja salvo
progresso: 2410/4064 (59.3%) | tempo restante estimado: 00:01
pulando projeto 1888 (2411/4064): detalhe ja salvo
pulando projeto 1887 (2412/4064): detalhe ja salvo
pulando projeto 1884 (2413/4064): detalhe ja salvo
pulando projeto 1882 (2414/4064): detalhe ja salvo
pulando projeto 1881 (2415/4064): detalhe ja salvo
pulando projeto 1880 (2416/4064): detalhe ja salvo
pulando projeto 1879 (2417/4064): detalhe ja salvo
pulando projeto 1878 (2418/4064): detalhe ja salvo
pulando projeto 1877 (2419/4064): detalhe ja salvo
pulando projeto 1870 (2420/4064): detalhe ja salvo
progresso: 2420/4064 (59.5%) | tempo restante estimado: 00:00
pulando projeto 1869 (2421/4064): detalhe ja salvo
pulando projeto 1868 (2422/4064): detalhe ja salvo
pulando projeto 1867 (2423/4064): detalhe ja salvo
pulando projeto 1866 (2424/4064): detalhe ja salvo
pulando projeto 1865 (2425/4064): detalhe ja salvo
pulando projeto 1864 (2426/4064): detalhe ja salvo
pulando projeto 1863 (2427/4064): detalhe ja salvo
pulando projeto 1862 (2428/4064): detalhe ja salvo
pulando projeto 1861 (2429/4064): detalhe ja salvo
pulando projeto 1848 (2430/4064): detalhe ja salvo
progresso: 2430/4064 (59.8%) | tempo restante estimado: 00:00
pulando projeto 1847 (2431/4064): detalhe ja salvo
pulando projeto 1846 (2432/4064): detalhe ja salvo
pulando projeto 1845 (2433/4064): detalhe ja salvo
pulando projeto 1844 (2434/4064): detalhe ja salvo
pulando projeto 1837 (2435/4064): detalhe ja salvo
pulando projeto 1836 (2436/4064): detalhe ja salvo
pulando projeto 1835 (2437/4064): detalhe ja salvo
pulando projeto 1834 (2438/4064): detalhe ja salvo
pulando projeto 1833 (2439/4064): detalhe ja salvo
pulando projeto 1830 (2440/4064): detalhe ja salvo
progresso: 2440/4064 (60.0%) | tempo restante estimado: 00:00
pulando projeto 1827 (2441/4064): detalhe ja salvo
pulando projeto 1826 (2442/4064): detalhe ja salvo
pulando projeto 1825 (2443/4064): detalhe ja salvo
pulando projeto 1824 (2444/4064): detalhe ja salvo
pulando projeto 1823 (2445/4064): detalhe ja salvo
pulando projeto 1822 (2446/4064): detalhe ja salvo
pulando projeto 1821 (2447/4064): detalhe ja salvo
pulando projeto 1820 (2448/4064): detalhe ja salvo
pulando projeto 1819 (2449/4064): detalhe ja salvo
pulando projeto 1815 (2450/4064): detalhe ja salvo
progresso: 2450/4064 (60.3%) | tempo restante estimado: 00:00
pulando projeto 1814 (2451/4064): detalhe ja salvo
pulando projeto 1813 (2452/4064): detalhe ja salvo
pulando projeto 1812 (2453/4064): detalhe ja salvo
pulando projeto 1811 (2454/4064): detalhe ja salvo
pulando projeto 1809 (2455/4064): detalhe ja salvo
pulando projeto 1808 (2456/4064): detalhe ja salvo
pulando projeto 1807 (2457/4064): detalhe ja salvo
pulando projeto 1806 (2458/4064): detalhe ja salvo
pulando projeto 1805 (2459/4064): detalhe ja salvo
pulando projeto 1804 (2460/4064): detalhe ja salvo
progresso: 2460/4064 (60.5%) | tempo restante estimado: 00:00
pulando projeto 1803 (2461/4064): detalhe ja salvo
pulando projeto 1802 (2462/4064): detalhe ja salvo
pulando projeto 1801 (2463/4064): detalhe ja salvo
pulando projeto 1800 (2464/4064): detalhe ja salvo
pulando projeto 1799 (2465/4064): detalhe ja salvo
pulando projeto 1798 (2466/4064): detalhe ja salvo
pulando projeto 1797 (2467/4064): detalhe ja salvo
pulando projeto 1796 (2468/4064): detalhe ja salvo
pulando projeto 1795 (2469/4064): detalhe ja salvo
pulando projeto 1794 (2470/4064): detalhe ja salvo
progresso: 2470/4064 (60.8%) | tempo restante estimado: 00:00
pulando projeto 1793 (2471/4064): detalhe ja salvo
pulando projeto 1792 (2472/4064): detalhe ja salvo
pulando projeto 1789 (2473/4064): detalhe ja salvo
pulando projeto 1788 (2474/4064): detalhe ja salvo
pulando projeto 1787 (2475/4064): detalhe ja salvo
pulando projeto 1785 (2476/4064): detalhe ja salvo
pulando projeto 1784 (2477/4064): detalhe ja salvo
pulando projeto 1783 (2478/4064): detalhe ja salvo
pulando projeto 1782 (2479/4064): detalhe ja salvo
pulando projeto 1779 (2480/4064): detalhe ja salvo
progresso: 2480/4064 (61.0%) | tempo restante estimado: 00:00
pulando projeto 1778 (2481/4064): detalhe ja salvo
pulando projeto 1775 (2482/4064): detalhe ja salvo
pulando projeto 1771 (2483/4064): detalhe ja salvo
pulando projeto 1766 (2484/4064): detalhe ja salvo
pulando projeto 1765 (2485/4064): detalhe ja salvo
pulando projeto 1764 (2486/4064): detalhe ja salvo
pulando projeto 1746 (2487/4064): detalhe ja salvo
pulando projeto 1745 (2488/4064): detalhe ja salvo
pulando projeto 1744 (2489/4064): detalhe ja salvo
pulando projeto 1743 (2490/4064): detalhe ja salvo
progresso: 2490/4064 (61.3%) | tempo restante estimado: 00:00
pulando projeto 1742 (2491/4064): detalhe ja salvo
pulando projeto 1741 (2492/4064): detalhe ja salvo
pulando projeto 1740 (2493/4064): detalhe ja salvo
pulando projeto 1739 (2494/4064): detalhe ja salvo
pulando projeto 1738 (2495/4064): detalhe ja salvo
pulando projeto 1737 (2496/4064): detalhe ja salvo
pulando projeto 1736 (2497/4064): detalhe ja salvo
pulando projeto 1735 (2498/4064): detalhe ja salvo
pulando projeto 1734 (2499/4064): detalhe ja salvo
pulando projeto 1733 (2500/4064): detalhe ja salvo
progresso: 2500/4064 (61.5%) | tempo restante estimado: 00:00
pulando projeto 1732 (2501/4064): detalhe ja salvo
pulando projeto 1731 (2502/4064): detalhe ja salvo
pulando projeto 1729 (2503/4064): detalhe ja salvo
pulando projeto 1728 (2504/4064): detalhe ja salvo
pulando projeto 1727 (2505/4064): detalhe ja salvo
pulando projeto 1726 (2506/4064): detalhe ja salvo
pulando projeto 1725 (2507/4064): detalhe ja salvo
pulando projeto 1724 (2508/4064): detalhe ja salvo
pulando projeto 1723 (2509/4064): detalhe ja salvo
pulando projeto 1722 (2510/4064): detalhe ja salvo
progresso: 2510/4064 (61.8%) | tempo restante estimado: 00:00
pulando projeto 1721 (2511/4064): detalhe ja salvo
pulando projeto 1720 (2512/4064): detalhe ja salvo
pulando projeto 1717 (2513/4064): detalhe ja salvo
pulando projeto 1716 (2514/4064): detalhe ja salvo
pulando projeto 1715 (2515/4064): detalhe ja salvo
pulando projeto 1714 (2516/4064): detalhe ja salvo
pulando projeto 1713 (2517/4064): detalhe ja salvo
pulando projeto 1712 (2518/4064): detalhe ja salvo
pulando projeto 1710 (2519/4064): detalhe ja salvo
pulando projeto 1709 (2520/4064): detalhe ja salvo
progresso: 2520/4064 (62.0%) | tempo restante estimado: 00:00
pulando projeto 1708 (2521/4064): detalhe ja salvo
pulando projeto 1707 (2522/4064): detalhe ja salvo
pulando projeto 1706 (2523/4064): detalhe ja salvo
pulando projeto 1705 (2524/4064): detalhe ja salvo
pulando projeto 1704 (2525/4064): detalhe ja salvo
pulando projeto 1703 (2526/4064): detalhe ja salvo
pulando projeto 1702 (2527/4064): detalhe ja salvo
pulando projeto 1701 (2528/4064): detalhe ja salvo
pulando projeto 1700 (2529/4064): detalhe ja salvo
pulando projeto 1699 (2530/4064): detalhe ja salvo
progresso: 2530/4064 (62.3%) | tempo restante estimado: 00:00
pulando projeto 1698 (2531/4064): detalhe ja salvo
pulando projeto 1697 (2532/4064): detalhe ja salvo
pulando projeto 1696 (2533/4064): detalhe ja salvo
pulando projeto 1695 (2534/4064): detalhe ja salvo
pulando projeto 1693 (2535/4064): detalhe ja salvo
pulando projeto 1692 (2536/4064): detalhe ja salvo
pulando projeto 1691 (2537/4064): detalhe ja salvo
pulando projeto 1690 (2538/4064): detalhe ja salvo
pulando projeto 1688 (2539/4064): detalhe ja salvo
pulando projeto 1685 (2540/4064): detalhe ja salvo
progresso: 2540/4064 (62.5%) | tempo restante estimado: 00:00
pulando projeto 1676 (2541/4064): detalhe ja salvo
pulando projeto 1675 (2542/4064): detalhe ja salvo
pulando projeto 1674 (2543/4064): detalhe ja salvo
pulando projeto 1673 (2544/4064): detalhe ja salvo
pulando projeto 1672 (2545/4064): detalhe ja salvo
pulando projeto 1671 (2546/4064): detalhe ja salvo
pulando projeto 1670 (2547/4064): detalhe ja salvo
pulando projeto 1669 (2548/4064): detalhe ja salvo
pulando projeto 1668 (2549/4064): detalhe ja salvo
pulando projeto 1667 (2550/4064): detalhe ja salvo
progresso: 2550/4064 (62.7%) | tempo restante estimado: 00:00
pulando projeto 1664 (2551/4064): detalhe ja salvo
pulando projeto 1663 (2552/4064): detalhe ja salvo
pulando projeto 1662 (2553/4064): detalhe ja salvo
pulando projeto 1661 (2554/4064): detalhe ja salvo
pulando projeto 1660 (2555/4064): detalhe ja salvo
pulando projeto 1659 (2556/4064): detalhe ja salvo
pulando projeto 1658 (2557/4064): detalhe ja salvo
pulando projeto 1657 (2558/4064): detalhe ja salvo
pulando projeto 1656 (2559/4064): detalhe ja salvo
pulando projeto 1654 (2560/4064): detalhe ja salvo
progresso: 2560/4064 (63.0%) | tempo restante estimado: 00:00
pulando projeto 1652 (2561/4064): detalhe ja salvo
pulando projeto 1651 (2562/4064): detalhe ja salvo
pulando projeto 1650 (2563/4064): detalhe ja salvo
pulando projeto 1649 (2564/4064): detalhe ja salvo
pulando projeto 1648 (2565/4064): detalhe ja salvo
pulando projeto 1647 (2566/4064): detalhe ja salvo
pulando projeto 1646 (2567/4064): detalhe ja salvo
pulando projeto 1645 (2568/4064): detalhe ja salvo
pulando projeto 1644 (2569/4064): detalhe ja salvo
pulando projeto 1643 (2570/4064): detalhe ja salvo
progresso: 2570/4064 (63.2%) | tempo restante estimado: 00:00
pulando projeto 1642 (2571/4064): detalhe ja salvo
pulando projeto 1641 (2572/4064): detalhe ja salvo
pulando projeto 1640 (2573/4064): detalhe ja salvo
pulando projeto 1639 (2574/4064): detalhe ja salvo
pulando projeto 1638 (2575/4064): detalhe ja salvo
pulando projeto 1637 (2576/4064): detalhe ja salvo
pulando projeto 1636 (2577/4064): detalhe ja salvo
pulando projeto 1634 (2578/4064): detalhe ja salvo
pulando projeto 1633 (2579/4064): detalhe ja salvo
pulando projeto 1632 (2580/4064): detalhe ja salvo
progresso: 2580/4064 (63.5%) | tempo restante estimado: 00:00
pulando projeto 1631 (2581/4064): detalhe ja salvo
pulando projeto 1630 (2582/4064): detalhe ja salvo
pulando projeto 1629 (2583/4064): detalhe ja salvo
pulando projeto 1628 (2584/4064): detalhe ja salvo
pulando projeto 1627 (2585/4064): detalhe ja salvo
pulando projeto 1626 (2586/4064): detalhe ja salvo
pulando projeto 1625 (2587/4064): detalhe ja salvo
pulando projeto 1624 (2588/4064): detalhe ja salvo
pulando projeto 1623 (2589/4064): detalhe ja salvo
pulando projeto 1622 (2590/4064): detalhe ja salvo
progresso: 2590/4064 (63.7%) | tempo restante estimado: 00:00
pulando projeto 1621 (2591/4064): detalhe ja salvo
pulando projeto 1620 (2592/4064): detalhe ja salvo
pulando projeto 1619 (2593/4064): detalhe ja salvo
pulando projeto 1618 (2594/4064): detalhe ja salvo
pulando projeto 1617 (2595/4064): detalhe ja salvo
pulando projeto 1616 (2596/4064): detalhe ja salvo
pulando projeto 1615 (2597/4064): detalhe ja salvo
pulando projeto 1614 (2598/4064): detalhe ja salvo
pulando projeto 1613 (2599/4064): detalhe ja salvo
pulando projeto 1612 (2600/4064): detalhe ja salvo
progresso: 2600/4064 (64.0%) | tempo restante estimado: 00:00
pulando projeto 1611 (2601/4064): detalhe ja salvo
pulando projeto 1610 (2602/4064): detalhe ja salvo
pulando projeto 1609 (2603/4064): detalhe ja salvo
pulando projeto 1608 (2604/4064): detalhe ja salvo
pulando projeto 1607 (2605/4064): detalhe ja salvo
pulando projeto 1606 (2606/4064): detalhe ja salvo
pulando projeto 1605 (2607/4064): detalhe ja salvo
pulando projeto 1604 (2608/4064): detalhe ja salvo
pulando projeto 1603 (2609/4064): detalhe ja salvo
pulando projeto 1602 (2610/4064): detalhe ja salvo
progresso: 2610/4064 (64.2%) | tempo restante estimado: 00:00
pulando projeto 1599 (2611/4064): detalhe ja salvo
pulando projeto 1598 (2612/4064): detalhe ja salvo
pulando projeto 1597 (2613/4064): detalhe ja salvo
pulando projeto 1596 (2614/4064): detalhe ja salvo
pulando projeto 1595 (2615/4064): detalhe ja salvo
pulando projeto 1594 (2616/4064): detalhe ja salvo
pulando projeto 1593 (2617/4064): detalhe ja salvo
pulando projeto 1592 (2618/4064): detalhe ja salvo
pulando projeto 1591 (2619/4064): detalhe ja salvo
pulando projeto 1590 (2620/4064): detalhe ja salvo
progresso: 2620/4064 (64.5%) | tempo restante estimado: 00:00
pulando projeto 1589 (2621/4064): detalhe ja salvo
pulando projeto 1588 (2622/4064): detalhe ja salvo
pulando projeto 1587 (2623/4064): detalhe ja salvo
pulando projeto 1586 (2624/4064): detalhe ja salvo
pulando projeto 1584 (2625/4064): detalhe ja salvo
pulando projeto 1583 (2626/4064): detalhe ja salvo
pulando projeto 1582 (2627/4064): detalhe ja salvo
pulando projeto 1581 (2628/4064): detalhe ja salvo
pulando projeto 1580 (2629/4064): detalhe ja salvo
pulando projeto 1579 (2630/4064): detalhe ja salvo
progresso: 2630/4064 (64.7%) | tempo restante estimado: 00:00
pulando projeto 1578 (2631/4064): detalhe ja salvo
pulando projeto 1577 (2632/4064): detalhe ja salvo
pulando projeto 1576 (2633/4064): detalhe ja salvo
pulando projeto 1575 (2634/4064): detalhe ja salvo
pulando projeto 1574 (2635/4064): detalhe ja salvo
pulando projeto 1573 (2636/4064): detalhe ja salvo
pulando projeto 1572 (2637/4064): detalhe ja salvo
pulando projeto 1571 (2638/4064): detalhe ja salvo
pulando projeto 1570 (2639/4064): detalhe ja salvo
pulando projeto 1569 (2640/4064): detalhe ja salvo
progresso: 2640/4064 (65.0%) | tempo restante estimado: 00:00
pulando projeto 1568 (2641/4064): detalhe ja salvo
pulando projeto 1567 (2642/4064): detalhe ja salvo
pulando projeto 1566 (2643/4064): detalhe ja salvo
pulando projeto 1565 (2644/4064): detalhe ja salvo
pulando projeto 1561 (2645/4064): detalhe ja salvo
pulando projeto 1560 (2646/4064): detalhe ja salvo
pulando projeto 1559 (2647/4064): detalhe ja salvo
pulando projeto 1558 (2648/4064): detalhe ja salvo
pulando projeto 1556 (2649/4064): detalhe ja salvo
pulando projeto 1555 (2650/4064): detalhe ja salvo
progresso: 2650/4064 (65.2%) | tempo restante estimado: 00:00
pulando projeto 1554 (2651/4064): detalhe ja salvo
pulando projeto 1543 (2652/4064): detalhe ja salvo
pulando projeto 1542 (2653/4064): detalhe ja salvo
pulando projeto 1541 (2654/4064): detalhe ja salvo
pulando projeto 1540 (2655/4064): detalhe ja salvo
pulando projeto 1539 (2656/4064): detalhe ja salvo
pulando projeto 1538 (2657/4064): detalhe ja salvo
pulando projeto 1537 (2658/4064): detalhe ja salvo
pulando projeto 1536 (2659/4064): detalhe ja salvo
pulando projeto 1534 (2660/4064): detalhe ja salvo
progresso: 2660/4064 (65.5%) | tempo restante estimado: 00:00
pulando projeto 1533 (2661/4064): detalhe ja salvo
pulando projeto 1531 (2662/4064): detalhe ja salvo
pulando projeto 1528 (2663/4064): detalhe ja salvo
pulando projeto 1527 (2664/4064): detalhe ja salvo
pulando projeto 1526 (2665/4064): detalhe ja salvo
pulando projeto 1525 (2666/4064): detalhe ja salvo
pulando projeto 1524 (2667/4064): detalhe ja salvo
pulando projeto 1523 (2668/4064): detalhe ja salvo
pulando projeto 1522 (2669/4064): detalhe ja salvo
pulando projeto 1521 (2670/4064): detalhe ja salvo
progresso: 2670/4064 (65.7%) | tempo restante estimado: 00:00
pulando projeto 1520 (2671/4064): detalhe ja salvo
pulando projeto 1519 (2672/4064): detalhe ja salvo
pulando projeto 1518 (2673/4064): detalhe ja salvo
pulando projeto 1517 (2674/4064): detalhe ja salvo
pulando projeto 1516 (2675/4064): detalhe ja salvo
pulando projeto 1515 (2676/4064): detalhe ja salvo
pulando projeto 1514 (2677/4064): detalhe ja salvo
pulando projeto 1513 (2678/4064): detalhe ja salvo
pulando projeto 1512 (2679/4064): detalhe ja salvo
pulando projeto 1511 (2680/4064): detalhe ja salvo
progresso: 2680/4064 (65.9%) | tempo restante estimado: 00:00
pulando projeto 1510 (2681/4064): detalhe ja salvo
pulando projeto 1509 (2682/4064): detalhe ja salvo
pulando projeto 1508 (2683/4064): detalhe ja salvo
pulando projeto 1507 (2684/4064): detalhe ja salvo
pulando projeto 1506 (2685/4064): detalhe ja salvo
pulando projeto 1505 (2686/4064): detalhe ja salvo
pulando projeto 1504 (2687/4064): detalhe ja salvo
pulando projeto 1503 (2688/4064): detalhe ja salvo
pulando projeto 1502 (2689/4064): detalhe ja salvo
pulando projeto 1501 (2690/4064): detalhe ja salvo
progresso: 2690/4064 (66.2%) | tempo restante estimado: 00:00
pulando projeto 1500 (2691/4064): detalhe ja salvo
pulando projeto 1499 (2692/4064): detalhe ja salvo
pulando projeto 1498 (2693/4064): detalhe ja salvo
pulando projeto 1497 (2694/4064): detalhe ja salvo
pulando projeto 1496 (2695/4064): detalhe ja salvo
pulando projeto 1495 (2696/4064): detalhe ja salvo
pulando projeto 1494 (2697/4064): detalhe ja salvo
pulando projeto 1493 (2698/4064): detalhe ja salvo
pulando projeto 1492 (2699/4064): detalhe ja salvo
pulando projeto 1491 (2700/4064): detalhe ja salvo
progresso: 2700/4064 (66.4%) | tempo restante estimado: 00:00
pulando projeto 1490 (2701/4064): detalhe ja salvo
pulando projeto 1489 (2702/4064): detalhe ja salvo
pulando projeto 1488 (2703/4064): detalhe ja salvo
pulando projeto 1487 (2704/4064): detalhe ja salvo
pulando projeto 1486 (2705/4064): detalhe ja salvo
pulando projeto 1485 (2706/4064): detalhe ja salvo
pulando projeto 1484 (2707/4064): detalhe ja salvo
pulando projeto 1483 (2708/4064): detalhe ja salvo
pulando projeto 1482 (2709/4064): detalhe ja salvo
pulando projeto 1481 (2710/4064): detalhe ja salvo
progresso: 2710/4064 (66.7%) | tempo restante estimado: 00:00
pulando projeto 1480 (2711/4064): detalhe ja salvo
pulando projeto 1479 (2712/4064): detalhe ja salvo
pulando projeto 1478 (2713/4064): detalhe ja salvo
pulando projeto 1477 (2714/4064): detalhe ja salvo
pulando projeto 1476 (2715/4064): detalhe ja salvo
pulando projeto 1475 (2716/4064): detalhe ja salvo
pulando projeto 1474 (2717/4064): detalhe ja salvo
pulando projeto 1473 (2718/4064): detalhe ja salvo
pulando projeto 1472 (2719/4064): detalhe ja salvo
pulando projeto 1471 (2720/4064): detalhe ja salvo
progresso: 2720/4064 (66.9%) | tempo restante estimado: 00:00
pulando projeto 1470 (2721/4064): detalhe ja salvo
pulando projeto 1469 (2722/4064): detalhe ja salvo
pulando projeto 1468 (2723/4064): detalhe ja salvo
pulando projeto 1467 (2724/4064): detalhe ja salvo
pulando projeto 1466 (2725/4064): detalhe ja salvo
pulando projeto 1465 (2726/4064): detalhe ja salvo
pulando projeto 1460 (2727/4064): detalhe ja salvo
pulando projeto 1458 (2728/4064): detalhe ja salvo
pulando projeto 1457 (2729/4064): detalhe ja salvo
pulando projeto 1456 (2730/4064): detalhe ja salvo
progresso: 2730/4064 (67.2%) | tempo restante estimado: 00:00
pulando projeto 1455 (2731/4064): detalhe ja salvo
pulando projeto 1454 (2732/4064): detalhe ja salvo
pulando projeto 1453 (2733/4064): detalhe ja salvo
pulando projeto 1452 (2734/4064): detalhe ja salvo
pulando projeto 1451 (2735/4064): detalhe ja salvo
pulando projeto 1450 (2736/4064): detalhe ja salvo
pulando projeto 1449 (2737/4064): detalhe ja salvo
pulando projeto 1448 (2738/4064): detalhe ja salvo
pulando projeto 1447 (2739/4064): detalhe ja salvo
pulando projeto 1446 (2740/4064): detalhe ja salvo
progresso: 2740/4064 (67.4%) | tempo restante estimado: 00:00
pulando projeto 1445 (2741/4064): detalhe ja salvo
pulando projeto 1444 (2742/4064): detalhe ja salvo
pulando projeto 1443 (2743/4064): detalhe ja salvo
pulando projeto 1441 (2744/4064): detalhe ja salvo
pulando projeto 1440 (2745/4064): detalhe ja salvo
pulando projeto 1439 (2746/4064): detalhe ja salvo
pulando projeto 1438 (2747/4064): detalhe ja salvo
pulando projeto 1437 (2748/4064): detalhe ja salvo
pulando projeto 1436 (2749/4064): detalhe ja salvo
pulando projeto 1435 (2750/4064): detalhe ja salvo
progresso: 2750/4064 (67.7%) | tempo restante estimado: 00:00
pulando projeto 1434 (2751/4064): detalhe ja salvo
pulando projeto 1432 (2752/4064): detalhe ja salvo
pulando projeto 1431 (2753/4064): detalhe ja salvo
pulando projeto 1430 (2754/4064): detalhe ja salvo
pulando projeto 1429 (2755/4064): detalhe ja salvo
pulando projeto 1428 (2756/4064): detalhe ja salvo
pulando projeto 1427 (2757/4064): detalhe ja salvo
pulando projeto 1426 (2758/4064): detalhe ja salvo
pulando projeto 1425 (2759/4064): detalhe ja salvo
pulando projeto 1424 (2760/4064): detalhe ja salvo
progresso: 2760/4064 (67.9%) | tempo restante estimado: 00:00
pulando projeto 1423 (2761/4064): detalhe ja salvo
pulando projeto 1422 (2762/4064): detalhe ja salvo
pulando projeto 1421 (2763/4064): detalhe ja salvo
pulando projeto 1420 (2764/4064): detalhe ja salvo
pulando projeto 1419 (2765/4064): detalhe ja salvo
pulando projeto 1418 (2766/4064): detalhe ja salvo
pulando projeto 1417 (2767/4064): detalhe ja salvo
pulando projeto 1416 (2768/4064): detalhe ja salvo
pulando projeto 1415 (2769/4064): detalhe ja salvo
pulando projeto 1414 (2770/4064): detalhe ja salvo
progresso: 2770/4064 (68.2%) | tempo restante estimado: 00:00
pulando projeto 1413 (2771/4064): detalhe ja salvo
pulando projeto 1412 (2772/4064): detalhe ja salvo
pulando projeto 1411 (2773/4064): detalhe ja salvo
pulando projeto 1410 (2774/4064): detalhe ja salvo
pulando projeto 1409 (2775/4064): detalhe ja salvo
pulando projeto 1408 (2776/4064): detalhe ja salvo
pulando projeto 1407 (2777/4064): detalhe ja salvo
pulando projeto 1406 (2778/4064): detalhe ja salvo
pulando projeto 1405 (2779/4064): detalhe ja salvo
pulando projeto 1404 (2780/4064): detalhe ja salvo
progresso: 2780/4064 (68.4%) | tempo restante estimado: 00:00
pulando projeto 1403 (2781/4064): detalhe ja salvo
pulando projeto 1402 (2782/4064): detalhe ja salvo
pulando projeto 1400 (2783/4064): detalhe ja salvo
pulando projeto 1399 (2784/4064): detalhe ja salvo
pulando projeto 1398 (2785/4064): detalhe ja salvo
pulando projeto 1397 (2786/4064): detalhe ja salvo
pulando projeto 1390 (2787/4064): detalhe ja salvo
pulando projeto 1389 (2788/4064): detalhe ja salvo
pulando projeto 1388 (2789/4064): detalhe ja salvo
pulando projeto 1384 (2790/4064): detalhe ja salvo
progresso: 2790/4064 (68.7%) | tempo restante estimado: 00:00
pulando projeto 1383 (2791/4064): detalhe ja salvo
pulando projeto 1382 (2792/4064): detalhe ja salvo
pulando projeto 1381 (2793/4064): detalhe ja salvo
pulando projeto 1380 (2794/4064): detalhe ja salvo
pulando projeto 1378 (2795/4064): detalhe ja salvo
pulando projeto 1377 (2796/4064): detalhe ja salvo
pulando projeto 1376 (2797/4064): detalhe ja salvo
pulando projeto 1375 (2798/4064): detalhe ja salvo
pulando projeto 1374 (2799/4064): detalhe ja salvo
pulando projeto 1373 (2800/4064): detalhe ja salvo
progresso: 2800/4064 (68.9%) | tempo restante estimado: 00:00
pulando projeto 1372 (2801/4064): detalhe ja salvo
pulando projeto 1371 (2802/4064): detalhe ja salvo
pulando projeto 1370 (2803/4064): detalhe ja salvo
pulando projeto 1369 (2804/4064): detalhe ja salvo
pulando projeto 1368 (2805/4064): detalhe ja salvo
pulando projeto 1367 (2806/4064): detalhe ja salvo
pulando projeto 1366 (2807/4064): detalhe ja salvo
pulando projeto 1365 (2808/4064): detalhe ja salvo
pulando projeto 1364 (2809/4064): detalhe ja salvo
pulando projeto 1363 (2810/4064): detalhe ja salvo
progresso: 2810/4064 (69.1%) | tempo restante estimado: 00:00
pulando projeto 1362 (2811/4064): detalhe ja salvo
pulando projeto 1360 (2812/4064): detalhe ja salvo
pulando projeto 1358 (2813/4064): detalhe ja salvo
pulando projeto 1357 (2814/4064): detalhe ja salvo
pulando projeto 1355 (2815/4064): detalhe ja salvo
pulando projeto 1353 (2816/4064): detalhe ja salvo
pulando projeto 1352 (2817/4064): detalhe ja salvo
pulando projeto 1351 (2818/4064): detalhe ja salvo
pulando projeto 1350 (2819/4064): detalhe ja salvo
pulando projeto 1349 (2820/4064): detalhe ja salvo
progresso: 2820/4064 (69.4%) | tempo restante estimado: 00:00
pulando projeto 1348 (2821/4064): detalhe ja salvo
pulando projeto 1347 (2822/4064): detalhe ja salvo
pulando projeto 1346 (2823/4064): detalhe ja salvo
pulando projeto 1343 (2824/4064): detalhe ja salvo
pulando projeto 1342 (2825/4064): detalhe ja salvo
pulando projeto 1341 (2826/4064): detalhe ja salvo
pulando projeto 1340 (2827/4064): detalhe ja salvo
pulando projeto 1337 (2828/4064): detalhe ja salvo
pulando projeto 1336 (2829/4064): detalhe ja salvo
pulando projeto 1335 (2830/4064): detalhe ja salvo
progresso: 2830/4064 (69.6%) | tempo restante estimado: 00:00
pulando projeto 1334 (2831/4064): detalhe ja salvo
pulando projeto 1333 (2832/4064): detalhe ja salvo
pulando projeto 1332 (2833/4064): detalhe ja salvo
pulando projeto 1331 (2834/4064): detalhe ja salvo
pulando projeto 1330 (2835/4064): detalhe ja salvo
pulando projeto 1329 (2836/4064): detalhe ja salvo
pulando projeto 1328 (2837/4064): detalhe ja salvo
pulando projeto 1327 (2838/4064): detalhe ja salvo
pulando projeto 1326 (2839/4064): detalhe ja salvo
pulando projeto 1325 (2840/4064): detalhe ja salvo
progresso: 2840/4064 (69.9%) | tempo restante estimado: 00:00
pulando projeto 1324 (2841/4064): detalhe ja salvo
pulando projeto 1322 (2842/4064): detalhe ja salvo
pulando projeto 1321 (2843/4064): detalhe ja salvo
pulando projeto 1320 (2844/4064): detalhe ja salvo
pulando projeto 1319 (2845/4064): detalhe ja salvo
pulando projeto 1318 (2846/4064): detalhe ja salvo
pulando projeto 1317 (2847/4064): detalhe ja salvo
pulando projeto 1316 (2848/4064): detalhe ja salvo
pulando projeto 1315 (2849/4064): detalhe ja salvo
pulando projeto 1314 (2850/4064): detalhe ja salvo
progresso: 2850/4064 (70.1%) | tempo restante estimado: 00:00
pulando projeto 1312 (2851/4064): detalhe ja salvo
pulando projeto 1311 (2852/4064): detalhe ja salvo
pulando projeto 1310 (2853/4064): detalhe ja salvo
pulando projeto 1309 (2854/4064): detalhe ja salvo
pulando projeto 1308 (2855/4064): detalhe ja salvo
pulando projeto 1307 (2856/4064): detalhe ja salvo
pulando projeto 1306 (2857/4064): detalhe ja salvo
pulando projeto 1305 (2858/4064): detalhe ja salvo
pulando projeto 1304 (2859/4064): detalhe ja salvo
pulando projeto 1303 (2860/4064): detalhe ja salvo
progresso: 2860/4064 (70.4%) | tempo restante estimado: 00:00
pulando projeto 1302 (2861/4064): detalhe ja salvo
pulando projeto 1301 (2862/4064): detalhe ja salvo
pulando projeto 1299 (2863/4064): detalhe ja salvo
pulando projeto 1298 (2864/4064): detalhe ja salvo
pulando projeto 1297 (2865/4064): detalhe ja salvo
pulando projeto 1296 (2866/4064): detalhe ja salvo
pulando projeto 1295 (2867/4064): detalhe ja salvo
pulando projeto 1294 (2868/4064): detalhe ja salvo
pulando projeto 1293 (2869/4064): detalhe ja salvo
pulando projeto 1292 (2870/4064): detalhe ja salvo
progresso: 2870/4064 (70.6%) | tempo restante estimado: 00:00
pulando projeto 1291 (2871/4064): detalhe ja salvo
pulando projeto 1290 (2872/4064): detalhe ja salvo
pulando projeto 1289 (2873/4064): detalhe ja salvo
pulando projeto 1288 (2874/4064): detalhe ja salvo
pulando projeto 1287 (2875/4064): detalhe ja salvo
pulando projeto 1286 (2876/4064): detalhe ja salvo
pulando projeto 1285 (2877/4064): detalhe ja salvo
pulando projeto 1284 (2878/4064): detalhe ja salvo
pulando projeto 1283 (2879/4064): detalhe ja salvo
pulando projeto 1282 (2880/4064): detalhe ja salvo
progresso: 2880/4064 (70.9%) | tempo restante estimado: 00:00
pulando projeto 1281 (2881/4064): detalhe ja salvo
pulando projeto 1280 (2882/4064): detalhe ja salvo
pulando projeto 1279 (2883/4064): detalhe ja salvo
pulando projeto 1278 (2884/4064): detalhe ja salvo
pulando projeto 1277 (2885/4064): detalhe ja salvo
pulando projeto 1276 (2886/4064): detalhe ja salvo
pulando projeto 1275 (2887/4064): detalhe ja salvo
pulando projeto 1274 (2888/4064): detalhe ja salvo
pulando projeto 1273 (2889/4064): detalhe ja salvo
pulando projeto 1272 (2890/4064): detalhe ja salvo
progresso: 2890/4064 (71.1%) | tempo restante estimado: 00:00
pulando projeto 1271 (2891/4064): detalhe ja salvo
pulando projeto 1270 (2892/4064): detalhe ja salvo
pulando projeto 1269 (2893/4064): detalhe ja salvo
pulando projeto 1268 (2894/4064): detalhe ja salvo
pulando projeto 1267 (2895/4064): detalhe ja salvo
pulando projeto 1266 (2896/4064): detalhe ja salvo
pulando projeto 1265 (2897/4064): detalhe ja salvo
pulando projeto 1264 (2898/4064): detalhe ja salvo
pulando projeto 1263 (2899/4064): detalhe ja salvo
pulando projeto 1262 (2900/4064): detalhe ja salvo
progresso: 2900/4064 (71.4%) | tempo restante estimado: 00:00
pulando projeto 1261 (2901/4064): detalhe ja salvo
pulando projeto 1260 (2902/4064): detalhe ja salvo
pulando projeto 1259 (2903/4064): detalhe ja salvo
pulando projeto 1258 (2904/4064): detalhe ja salvo
pulando projeto 1257 (2905/4064): detalhe ja salvo
pulando projeto 1256 (2906/4064): detalhe ja salvo
pulando projeto 1255 (2907/4064): detalhe ja salvo
pulando projeto 1254 (2908/4064): detalhe ja salvo
pulando projeto 1253 (2909/4064): detalhe ja salvo
pulando projeto 1252 (2910/4064): detalhe ja salvo
progresso: 2910/4064 (71.6%) | tempo restante estimado: 00:00
pulando projeto 1251 (2911/4064): detalhe ja salvo
pulando projeto 1250 (2912/4064): detalhe ja salvo
pulando projeto 1249 (2913/4064): detalhe ja salvo
pulando projeto 1248 (2914/4064): detalhe ja salvo
pulando projeto 1247 (2915/4064): detalhe ja salvo
pulando projeto 1246 (2916/4064): detalhe ja salvo
pulando projeto 1245 (2917/4064): detalhe ja salvo
pulando projeto 1244 (2918/4064): detalhe ja salvo
pulando projeto 1243 (2919/4064): detalhe ja salvo
pulando projeto 1241 (2920/4064): detalhe ja salvo
progresso: 2920/4064 (71.9%) | tempo restante estimado: 00:00
pulando projeto 1240 (2921/4064): detalhe ja salvo
pulando projeto 1239 (2922/4064): detalhe ja salvo
pulando projeto 1238 (2923/4064): detalhe ja salvo
pulando projeto 1237 (2924/4064): detalhe ja salvo
pulando projeto 1236 (2925/4064): detalhe ja salvo
pulando projeto 1235 (2926/4064): detalhe ja salvo
pulando projeto 1234 (2927/4064): detalhe ja salvo
pulando projeto 1233 (2928/4064): detalhe ja salvo
pulando projeto 1232 (2929/4064): detalhe ja salvo
pulando projeto 1231 (2930/4064): detalhe ja salvo
progresso: 2930/4064 (72.1%) | tempo restante estimado: 00:00
pulando projeto 1230 (2931/4064): detalhe ja salvo
pulando projeto 1229 (2932/4064): detalhe ja salvo
pulando projeto 1228 (2933/4064): detalhe ja salvo
pulando projeto 1227 (2934/4064): detalhe ja salvo
pulando projeto 1226 (2935/4064): detalhe ja salvo
pulando projeto 1225 (2936/4064): detalhe ja salvo
pulando projeto 1224 (2937/4064): detalhe ja salvo
pulando projeto 1223 (2938/4064): detalhe ja salvo
pulando projeto 1222 (2939/4064): detalhe ja salvo
pulando projeto 1221 (2940/4064): detalhe ja salvo
progresso: 2940/4064 (72.3%) | tempo restante estimado: 00:00
pulando projeto 1220 (2941/4064): detalhe ja salvo
pulando projeto 1219 (2942/4064): detalhe ja salvo
pulando projeto 1218 (2943/4064): detalhe ja salvo
pulando projeto 1217 (2944/4064): detalhe ja salvo
pulando projeto 1216 (2945/4064): detalhe ja salvo
pulando projeto 1215 (2946/4064): detalhe ja salvo
pulando projeto 1214 (2947/4064): detalhe ja salvo
pulando projeto 1213 (2948/4064): detalhe ja salvo
pulando projeto 1212 (2949/4064): detalhe ja salvo
pulando projeto 1211 (2950/4064): detalhe ja salvo
progresso: 2950/4064 (72.6%) | tempo restante estimado: 00:00
pulando projeto 1210 (2951/4064): detalhe ja salvo
pulando projeto 1209 (2952/4064): detalhe ja salvo
pulando projeto 1208 (2953/4064): detalhe ja salvo
pulando projeto 1207 (2954/4064): detalhe ja salvo
pulando projeto 1206 (2955/4064): detalhe ja salvo
pulando projeto 1205 (2956/4064): detalhe ja salvo
pulando projeto 1204 (2957/4064): detalhe ja salvo
pulando projeto 1203 (2958/4064): detalhe ja salvo
pulando projeto 1201 (2959/4064): detalhe ja salvo
pulando projeto 1200 (2960/4064): detalhe ja salvo
progresso: 2960/4064 (72.8%) | tempo restante estimado: 00:00
pulando projeto 1199 (2961/4064): detalhe ja salvo
pulando projeto 1198 (2962/4064): detalhe ja salvo
pulando projeto 1197 (2963/4064): detalhe ja salvo
pulando projeto 1196 (2964/4064): detalhe ja salvo
pulando projeto 1195 (2965/4064): detalhe ja salvo
pulando projeto 1194 (2966/4064): detalhe ja salvo
pulando projeto 1193 (2967/4064): detalhe ja salvo
pulando projeto 1192 (2968/4064): detalhe ja salvo
pulando projeto 1191 (2969/4064): detalhe ja salvo
pulando projeto 1190 (2970/4064): detalhe ja salvo
progresso: 2970/4064 (73.1%) | tempo restante estimado: 00:00
pulando projeto 1189 (2971/4064): detalhe ja salvo
pulando projeto 1188 (2972/4064): detalhe ja salvo
pulando projeto 1187 (2973/4064): detalhe ja salvo
pulando projeto 1186 (2974/4064): detalhe ja salvo
pulando projeto 1185 (2975/4064): detalhe ja salvo
pulando projeto 1184 (2976/4064): detalhe ja salvo
pulando projeto 1183 (2977/4064): detalhe ja salvo
pulando projeto 1182 (2978/4064): detalhe ja salvo
pulando projeto 1181 (2979/4064): detalhe ja salvo
pulando projeto 1180 (2980/4064): detalhe ja salvo
progresso: 2980/4064 (73.3%) | tempo restante estimado: 00:00
pulando projeto 1179 (2981/4064): detalhe ja salvo
pulando projeto 1178 (2982/4064): detalhe ja salvo
pulando projeto 1177 (2983/4064): detalhe ja salvo
pulando projeto 1176 (2984/4064): detalhe ja salvo
pulando projeto 1175 (2985/4064): detalhe ja salvo
pulando projeto 1174 (2986/4064): detalhe ja salvo
pulando projeto 1173 (2987/4064): detalhe ja salvo
pulando projeto 1172 (2988/4064): detalhe ja salvo
pulando projeto 1171 (2989/4064): detalhe ja salvo
pulando projeto 1170 (2990/4064): detalhe ja salvo
progresso: 2990/4064 (73.6%) | tempo restante estimado: 00:00
pulando projeto 1169 (2991/4064): detalhe ja salvo
pulando projeto 1168 (2992/4064): detalhe ja salvo
pulando projeto 1167 (2993/4064): detalhe ja salvo
pulando projeto 1166 (2994/4064): detalhe ja salvo
pulando projeto 1165 (2995/4064): detalhe ja salvo
pulando projeto 1164 (2996/4064): detalhe ja salvo
pulando projeto 1163 (2997/4064): detalhe ja salvo
pulando projeto 1162 (2998/4064): detalhe ja salvo
pulando projeto 1161 (2999/4064): detalhe ja salvo
pulando projeto 1160 (3000/4064): detalhe ja salvo
progresso: 3000/4064 (73.8%) | tempo restante estimado: 00:00
pulando projeto 1159 (3001/4064): detalhe ja salvo
pulando projeto 1158 (3002/4064): detalhe ja salvo
pulando projeto 1157 (3003/4064): detalhe ja salvo
pulando projeto 1156 (3004/4064): detalhe ja salvo
pulando projeto 1155 (3005/4064): detalhe ja salvo
pulando projeto 1154 (3006/4064): detalhe ja salvo
pulando projeto 1152 (3007/4064): detalhe ja salvo
pulando projeto 1151 (3008/4064): detalhe ja salvo
pulando projeto 1150 (3009/4064): detalhe ja salvo
pulando projeto 1149 (3010/4064): detalhe ja salvo
progresso: 3010/4064 (74.1%) | tempo restante estimado: 00:00
pulando projeto 1148 (3011/4064): detalhe ja salvo
pulando projeto 1147 (3012/4064): detalhe ja salvo
pulando projeto 1146 (3013/4064): detalhe ja salvo
pulando projeto 1145 (3014/4064): detalhe ja salvo
pulando projeto 1144 (3015/4064): detalhe ja salvo
pulando projeto 1143 (3016/4064): detalhe ja salvo
pulando projeto 1142 (3017/4064): detalhe ja salvo
pulando projeto 1141 (3018/4064): detalhe ja salvo
pulando projeto 1140 (3019/4064): detalhe ja salvo
pulando projeto 1139 (3020/4064): detalhe ja salvo
progresso: 3020/4064 (74.3%) | tempo restante estimado: 00:00
pulando projeto 1138 (3021/4064): detalhe ja salvo
pulando projeto 1137 (3022/4064): detalhe ja salvo
pulando projeto 1136 (3023/4064): detalhe ja salvo
pulando projeto 1135 (3024/4064): detalhe ja salvo
pulando projeto 1134 (3025/4064): detalhe ja salvo
pulando projeto 1132 (3026/4064): detalhe ja salvo
pulando projeto 1130 (3027/4064): detalhe ja salvo
pulando projeto 1129 (3028/4064): detalhe ja salvo
pulando projeto 1128 (3029/4064): detalhe ja salvo
pulando projeto 1127 (3030/4064): detalhe ja salvo
progresso: 3030/4064 (74.6%) | tempo restante estimado: 00:00
pulando projeto 1126 (3031/4064): detalhe ja salvo
pulando projeto 1125 (3032/4064): detalhe ja salvo
pulando projeto 1124 (3033/4064): detalhe ja salvo
pulando projeto 1123 (3034/4064): detalhe ja salvo
pulando projeto 1122 (3035/4064): detalhe ja salvo
pulando projeto 1121 (3036/4064): detalhe ja salvo
pulando projeto 1120 (3037/4064): detalhe ja salvo
pulando projeto 1119 (3038/4064): detalhe ja salvo
pulando projeto 1118 (3039/4064): detalhe ja salvo
pulando projeto 1117 (3040/4064): detalhe ja salvo
progresso: 3040/4064 (74.8%) | tempo restante estimado: 00:00
pulando projeto 1116 (3041/4064): detalhe ja salvo
pulando projeto 1115 (3042/4064): detalhe ja salvo
pulando projeto 1112 (3043/4064): detalhe ja salvo
pulando projeto 1111 (3044/4064): detalhe ja salvo
pulando projeto 1110 (3045/4064): detalhe ja salvo
pulando projeto 1109 (3046/4064): detalhe ja salvo
pulando projeto 1108 (3047/4064): detalhe ja salvo
pulando projeto 1107 (3048/4064): detalhe ja salvo
pulando projeto 1106 (3049/4064): detalhe ja salvo
pulando projeto 1105 (3050/4064): detalhe ja salvo
progresso: 3050/4064 (75.0%) | tempo restante estimado: 00:00
pulando projeto 1104 (3051/4064): detalhe ja salvo
pulando projeto 1103 (3052/4064): detalhe ja salvo
pulando projeto 1102 (3053/4064): detalhe ja salvo
pulando projeto 1101 (3054/4064): detalhe ja salvo
pulando projeto 1100 (3055/4064): detalhe ja salvo
pulando projeto 1099 (3056/4064): detalhe ja salvo
pulando projeto 1098 (3057/4064): detalhe ja salvo
pulando projeto 1097 (3058/4064): detalhe ja salvo
pulando projeto 1096 (3059/4064): detalhe ja salvo
pulando projeto 1095 (3060/4064): detalhe ja salvo
progresso: 3060/4064 (75.3%) | tempo restante estimado: 00:00
pulando projeto 1094 (3061/4064): detalhe ja salvo
pulando projeto 1092 (3062/4064): detalhe ja salvo
pulando projeto 1091 (3063/4064): detalhe ja salvo
pulando projeto 1090 (3064/4064): detalhe ja salvo
pulando projeto 1089 (3065/4064): detalhe ja salvo
pulando projeto 1088 (3066/4064): detalhe ja salvo
pulando projeto 1086 (3067/4064): detalhe ja salvo
pulando projeto 1085 (3068/4064): detalhe ja salvo
pulando projeto 1084 (3069/4064): detalhe ja salvo
pulando projeto 1083 (3070/4064): detalhe ja salvo
progresso: 3070/4064 (75.5%) | tempo restante estimado: 00:00
pulando projeto 1082 (3071/4064): detalhe ja salvo
pulando projeto 1081 (3072/4064): detalhe ja salvo
pulando projeto 1080 (3073/4064): detalhe ja salvo
pulando projeto 1079 (3074/4064): detalhe ja salvo
pulando projeto 1078 (3075/4064): detalhe ja salvo
pulando projeto 1077 (3076/4064): detalhe ja salvo
pulando projeto 1076 (3077/4064): detalhe ja salvo
pulando projeto 1075 (3078/4064): detalhe ja salvo
pulando projeto 1074 (3079/4064): detalhe ja salvo
pulando projeto 1073 (3080/4064): detalhe ja salvo
progresso: 3080/4064 (75.8%) | tempo restante estimado: 00:00
pulando projeto 1072 (3081/4064): detalhe ja salvo
pulando projeto 1071 (3082/4064): detalhe ja salvo
pulando projeto 1070 (3083/4064): detalhe ja salvo
pulando projeto 1069 (3084/4064): detalhe ja salvo
pulando projeto 1068 (3085/4064): detalhe ja salvo
pulando projeto 1067 (3086/4064): detalhe ja salvo
pulando projeto 1066 (3087/4064): detalhe ja salvo
pulando projeto 1065 (3088/4064): detalhe ja salvo
pulando projeto 1064 (3089/4064): detalhe ja salvo
pulando projeto 1063 (3090/4064): detalhe ja salvo
progresso: 3090/4064 (76.0%) | tempo restante estimado: 00:00
pulando projeto 1062 (3091/4064): detalhe ja salvo
pulando projeto 1060 (3092/4064): detalhe ja salvo
pulando projeto 1059 (3093/4064): detalhe ja salvo
pulando projeto 1058 (3094/4064): detalhe ja salvo
pulando projeto 1057 (3095/4064): detalhe ja salvo
pulando projeto 1056 (3096/4064): detalhe ja salvo
pulando projeto 1055 (3097/4064): detalhe ja salvo
pulando projeto 1054 (3098/4064): detalhe ja salvo
pulando projeto 1053 (3099/4064): detalhe ja salvo
pulando projeto 1052 (3100/4064): detalhe ja salvo
progresso: 3100/4064 (76.3%) | tempo restante estimado: 00:00
pulando projeto 1051 (3101/4064): detalhe ja salvo
pulando projeto 1050 (3102/4064): detalhe ja salvo
pulando projeto 1049 (3103/4064): detalhe ja salvo
pulando projeto 1048 (3104/4064): detalhe ja salvo
pulando projeto 1047 (3105/4064): detalhe ja salvo
pulando projeto 1045 (3106/4064): detalhe ja salvo
pulando projeto 1044 (3107/4064): detalhe ja salvo
pulando projeto 1043 (3108/4064): detalhe ja salvo
pulando projeto 1042 (3109/4064): detalhe ja salvo
pulando projeto 1041 (3110/4064): detalhe ja salvo
progresso: 3110/4064 (76.5%) | tempo restante estimado: 00:00
pulando projeto 1040 (3111/4064): detalhe ja salvo
pulando projeto 1038 (3112/4064): detalhe ja salvo
pulando projeto 1037 (3113/4064): detalhe ja salvo
pulando projeto 1036 (3114/4064): detalhe ja salvo
pulando projeto 1035 (3115/4064): detalhe ja salvo
pulando projeto 1034 (3116/4064): detalhe ja salvo
pulando projeto 1033 (3117/4064): detalhe ja salvo
pulando projeto 1032 (3118/4064): detalhe ja salvo
pulando projeto 1031 (3119/4064): detalhe ja salvo
pulando projeto 1030 (3120/4064): detalhe ja salvo
progresso: 3120/4064 (76.8%) | tempo restante estimado: 00:00
pulando projeto 1029 (3121/4064): detalhe ja salvo
pulando projeto 1028 (3122/4064): detalhe ja salvo
pulando projeto 1027 (3123/4064): detalhe ja salvo
pulando projeto 1026 (3124/4064): detalhe ja salvo
pulando projeto 1025 (3125/4064): detalhe ja salvo
pulando projeto 1024 (3126/4064): detalhe ja salvo
pulando projeto 1023 (3127/4064): detalhe ja salvo
pulando projeto 1022 (3128/4064): detalhe ja salvo
pulando projeto 1021 (3129/4064): detalhe ja salvo
pulando projeto 1020 (3130/4064): detalhe ja salvo
progresso: 3130/4064 (77.0%) | tempo restante estimado: 00:00
pulando projeto 1019 (3131/4064): detalhe ja salvo
pulando projeto 1018 (3132/4064): detalhe ja salvo
pulando projeto 1017 (3133/4064): detalhe ja salvo
pulando projeto 1016 (3134/4064): detalhe ja salvo
pulando projeto 1015 (3135/4064): detalhe ja salvo
pulando projeto 1014 (3136/4064): detalhe ja salvo
pulando projeto 1013 (3137/4064): detalhe ja salvo
pulando projeto 1012 (3138/4064): detalhe ja salvo
pulando projeto 1011 (3139/4064): detalhe ja salvo
pulando projeto 1010 (3140/4064): detalhe ja salvo
progresso: 3140/4064 (77.3%) | tempo restante estimado: 00:00
pulando projeto 1009 (3141/4064): detalhe ja salvo
pulando projeto 1008 (3142/4064): detalhe ja salvo
pulando projeto 1007 (3143/4064): detalhe ja salvo
pulando projeto 1006 (3144/4064): detalhe ja salvo
pulando projeto 1005 (3145/4064): detalhe ja salvo
pulando projeto 1004 (3146/4064): detalhe ja salvo
pulando projeto 1003 (3147/4064): detalhe ja salvo
pulando projeto 1002 (3148/4064): detalhe ja salvo
pulando projeto 1001 (3149/4064): detalhe ja salvo
pulando projeto 1000 (3150/4064): detalhe ja salvo
progresso: 3150/4064 (77.5%) | tempo restante estimado: 00:00
pulando projeto 999 (3151/4064): detalhe ja salvo
pulando projeto 997 (3152/4064): detalhe ja salvo
pulando projeto 996 (3153/4064): detalhe ja salvo
pulando projeto 995 (3154/4064): detalhe ja salvo
pulando projeto 994 (3155/4064): detalhe ja salvo
pulando projeto 993 (3156/4064): detalhe ja salvo
pulando projeto 992 (3157/4064): detalhe ja salvo
pulando projeto 991 (3158/4064): detalhe ja salvo
pulando projeto 990 (3159/4064): detalhe ja salvo
pulando projeto 985 (3160/4064): detalhe ja salvo
progresso: 3160/4064 (77.8%) | tempo restante estimado: 00:00
pulando projeto 984 (3161/4064): detalhe ja salvo
pulando projeto 983 (3162/4064): detalhe ja salvo
pulando projeto 982 (3163/4064): detalhe ja salvo
pulando projeto 981 (3164/4064): detalhe ja salvo
pulando projeto 980 (3165/4064): detalhe ja salvo
pulando projeto 979 (3166/4064): detalhe ja salvo
pulando projeto 978 (3167/4064): detalhe ja salvo
pulando projeto 977 (3168/4064): detalhe ja salvo
pulando projeto 976 (3169/4064): detalhe ja salvo
pulando projeto 975 (3170/4064): detalhe ja salvo
progresso: 3170/4064 (78.0%) | tempo restante estimado: 00:00
pulando projeto 974 (3171/4064): detalhe ja salvo
pulando projeto 973 (3172/4064): detalhe ja salvo
pulando projeto 972 (3173/4064): detalhe ja salvo
pulando projeto 971 (3174/4064): detalhe ja salvo
pulando projeto 970 (3175/4064): detalhe ja salvo
pulando projeto 969 (3176/4064): detalhe ja salvo
pulando projeto 968 (3177/4064): detalhe ja salvo
pulando projeto 967 (3178/4064): detalhe ja salvo
pulando projeto 966 (3179/4064): detalhe ja salvo
pulando projeto 965 (3180/4064): detalhe ja salvo
progresso: 3180/4064 (78.2%) | tempo restante estimado: 00:00
pulando projeto 963 (3181/4064): detalhe ja salvo
pulando projeto 962 (3182/4064): detalhe ja salvo
pulando projeto 961 (3183/4064): detalhe ja salvo
pulando projeto 959 (3184/4064): detalhe ja salvo
pulando projeto 958 (3185/4064): detalhe ja salvo
pulando projeto 957 (3186/4064): detalhe ja salvo
pulando projeto 955 (3187/4064): detalhe ja salvo
pulando projeto 954 (3188/4064): detalhe ja salvo
pulando projeto 953 (3189/4064): detalhe ja salvo
pulando projeto 952 (3190/4064): detalhe ja salvo
progresso: 3190/4064 (78.5%) | tempo restante estimado: 00:00
pulando projeto 951 (3191/4064): detalhe ja salvo
pulando projeto 950 (3192/4064): detalhe ja salvo
pulando projeto 949 (3193/4064): detalhe ja salvo
pulando projeto 947 (3194/4064): detalhe ja salvo
pulando projeto 946 (3195/4064): detalhe ja salvo
pulando projeto 945 (3196/4064): detalhe ja salvo
pulando projeto 944 (3197/4064): detalhe ja salvo
pulando projeto 943 (3198/4064): detalhe ja salvo
pulando projeto 942 (3199/4064): detalhe ja salvo
pulando projeto 941 (3200/4064): detalhe ja salvo
progresso: 3200/4064 (78.7%) | tempo restante estimado: 00:00
pulando projeto 940 (3201/4064): detalhe ja salvo
pulando projeto 939 (3202/4064): detalhe ja salvo
pulando projeto 938 (3203/4064): detalhe ja salvo
pulando projeto 937 (3204/4064): detalhe ja salvo
pulando projeto 936 (3205/4064): detalhe ja salvo
pulando projeto 935 (3206/4064): detalhe ja salvo
pulando projeto 933 (3207/4064): detalhe ja salvo
pulando projeto 932 (3208/4064): detalhe ja salvo
pulando projeto 931 (3209/4064): detalhe ja salvo
pulando projeto 930 (3210/4064): detalhe ja salvo
progresso: 3210/4064 (79.0%) | tempo restante estimado: 00:00
pulando projeto 929 (3211/4064): detalhe ja salvo
pulando projeto 928 (3212/4064): detalhe ja salvo
pulando projeto 927 (3213/4064): detalhe ja salvo
pulando projeto 926 (3214/4064): detalhe ja salvo
pulando projeto 925 (3215/4064): detalhe ja salvo
pulando projeto 924 (3216/4064): detalhe ja salvo
pulando projeto 923 (3217/4064): detalhe ja salvo
pulando projeto 922 (3218/4064): detalhe ja salvo
pulando projeto 921 (3219/4064): detalhe ja salvo
pulando projeto 920 (3220/4064): detalhe ja salvo
progresso: 3220/4064 (79.2%) | tempo restante estimado: 00:00
pulando projeto 919 (3221/4064): detalhe ja salvo
pulando projeto 918 (3222/4064): detalhe ja salvo
pulando projeto 917 (3223/4064): detalhe ja salvo
pulando projeto 916 (3224/4064): detalhe ja salvo
pulando projeto 915 (3225/4064): detalhe ja salvo
pulando projeto 914 (3226/4064): detalhe ja salvo
pulando projeto 913 (3227/4064): detalhe ja salvo
pulando projeto 912 (3228/4064): detalhe ja salvo
pulando projeto 911 (3229/4064): detalhe ja salvo
pulando projeto 910 (3230/4064): detalhe ja salvo
progresso: 3230/4064 (79.5%) | tempo restante estimado: 00:00
pulando projeto 909 (3231/4064): detalhe ja salvo
pulando projeto 908 (3232/4064): detalhe ja salvo
pulando projeto 907 (3233/4064): detalhe ja salvo
pulando projeto 902 (3234/4064): detalhe ja salvo
pulando projeto 901 (3235/4064): detalhe ja salvo
pulando projeto 900 (3236/4064): detalhe ja salvo
pulando projeto 899 (3237/4064): detalhe ja salvo
pulando projeto 897 (3238/4064): detalhe ja salvo
pulando projeto 895 (3239/4064): detalhe ja salvo
pulando projeto 894 (3240/4064): detalhe ja salvo
progresso: 3240/4064 (79.7%) | tempo restante estimado: 00:00
pulando projeto 893 (3241/4064): detalhe ja salvo
pulando projeto 892 (3242/4064): detalhe ja salvo
pulando projeto 891 (3243/4064): detalhe ja salvo
pulando projeto 890 (3244/4064): detalhe ja salvo
pulando projeto 889 (3245/4064): detalhe ja salvo
pulando projeto 888 (3246/4064): detalhe ja salvo
pulando projeto 887 (3247/4064): detalhe ja salvo
pulando projeto 886 (3248/4064): detalhe ja salvo
pulando projeto 885 (3249/4064): detalhe ja salvo
pulando projeto 884 (3250/4064): detalhe ja salvo
progresso: 3250/4064 (80.0%) | tempo restante estimado: 00:00
pulando projeto 883 (3251/4064): detalhe ja salvo
pulando projeto 882 (3252/4064): detalhe ja salvo
pulando projeto 881 (3253/4064): detalhe ja salvo
pulando projeto 880 (3254/4064): detalhe ja salvo
pulando projeto 879 (3255/4064): detalhe ja salvo
pulando projeto 878 (3256/4064): detalhe ja salvo
pulando projeto 877 (3257/4064): detalhe ja salvo
pulando projeto 876 (3258/4064): detalhe ja salvo
pulando projeto 875 (3259/4064): detalhe ja salvo
pulando projeto 874 (3260/4064): detalhe ja salvo
progresso: 3260/4064 (80.2%) | tempo restante estimado: 00:00
pulando projeto 873 (3261/4064): detalhe ja salvo
pulando projeto 871 (3262/4064): detalhe ja salvo
pulando projeto 869 (3263/4064): detalhe ja salvo
pulando projeto 868 (3264/4064): detalhe ja salvo
pulando projeto 867 (3265/4064): detalhe ja salvo
pulando projeto 866 (3266/4064): detalhe ja salvo
pulando projeto 865 (3267/4064): detalhe ja salvo
pulando projeto 864 (3268/4064): detalhe ja salvo
pulando projeto 863 (3269/4064): detalhe ja salvo
pulando projeto 862 (3270/4064): detalhe ja salvo
progresso: 3270/4064 (80.5%) | tempo restante estimado: 00:00
pulando projeto 861 (3271/4064): detalhe ja salvo
pulando projeto 859 (3272/4064): detalhe ja salvo
pulando projeto 858 (3273/4064): detalhe ja salvo
pulando projeto 856 (3274/4064): detalhe ja salvo
pulando projeto 855 (3275/4064): detalhe ja salvo
pulando projeto 854 (3276/4064): detalhe ja salvo
pulando projeto 853 (3277/4064): detalhe ja salvo
pulando projeto 851 (3278/4064): detalhe ja salvo
pulando projeto 850 (3279/4064): detalhe ja salvo
pulando projeto 848 (3280/4064): detalhe ja salvo
progresso: 3280/4064 (80.7%) | tempo restante estimado: 00:00
pulando projeto 846 (3281/4064): detalhe ja salvo
pulando projeto 842 (3282/4064): detalhe ja salvo
pulando projeto 841 (3283/4064): detalhe ja salvo
pulando projeto 840 (3284/4064): detalhe ja salvo
pulando projeto 839 (3285/4064): detalhe ja salvo
pulando projeto 838 (3286/4064): detalhe ja salvo
pulando projeto 837 (3287/4064): detalhe ja salvo
pulando projeto 836 (3288/4064): detalhe ja salvo
pulando projeto 834 (3289/4064): detalhe ja salvo
pulando projeto 833 (3290/4064): detalhe ja salvo
progresso: 3290/4064 (81.0%) | tempo restante estimado: 00:00
pulando projeto 832 (3291/4064): detalhe ja salvo
pulando projeto 831 (3292/4064): detalhe ja salvo
pulando projeto 830 (3293/4064): detalhe ja salvo
pulando projeto 829 (3294/4064): detalhe ja salvo
pulando projeto 828 (3295/4064): detalhe ja salvo
pulando projeto 827 (3296/4064): detalhe ja salvo
pulando projeto 826 (3297/4064): detalhe ja salvo
pulando projeto 825 (3298/4064): detalhe ja salvo
pulando projeto 824 (3299/4064): detalhe ja salvo
pulando projeto 823 (3300/4064): detalhe ja salvo
progresso: 3300/4064 (81.2%) | tempo restante estimado: 00:00
pulando projeto 822 (3301/4064): detalhe ja salvo
pulando projeto 821 (3302/4064): detalhe ja salvo
pulando projeto 820 (3303/4064): detalhe ja salvo
pulando projeto 819 (3304/4064): detalhe ja salvo
pulando projeto 818 (3305/4064): detalhe ja salvo
pulando projeto 817 (3306/4064): detalhe ja salvo
pulando projeto 816 (3307/4064): detalhe ja salvo
pulando projeto 815 (3308/4064): detalhe ja salvo
pulando projeto 813 (3309/4064): detalhe ja salvo
pulando projeto 812 (3310/4064): detalhe ja salvo
progresso: 3310/4064 (81.4%) | tempo restante estimado: 00:00
pulando projeto 811 (3311/4064): detalhe ja salvo
pulando projeto 810 (3312/4064): detalhe ja salvo
pulando projeto 809 (3313/4064): detalhe ja salvo
pulando projeto 808 (3314/4064): detalhe ja salvo
pulando projeto 806 (3315/4064): detalhe ja salvo
pulando projeto 805 (3316/4064): detalhe ja salvo
pulando projeto 804 (3317/4064): detalhe ja salvo
pulando projeto 803 (3318/4064): detalhe ja salvo
pulando projeto 802 (3319/4064): detalhe ja salvo
pulando projeto 801 (3320/4064): detalhe ja salvo
progresso: 3320/4064 (81.7%) | tempo restante estimado: 00:00
pulando projeto 800 (3321/4064): detalhe ja salvo
pulando projeto 799 (3322/4064): detalhe ja salvo
pulando projeto 798 (3323/4064): detalhe ja salvo
pulando projeto 797 (3324/4064): detalhe ja salvo
pulando projeto 796 (3325/4064): detalhe ja salvo
pulando projeto 795 (3326/4064): detalhe ja salvo
pulando projeto 794 (3327/4064): detalhe ja salvo
pulando projeto 793 (3328/4064): detalhe ja salvo
pulando projeto 792 (3329/4064): detalhe ja salvo
pulando projeto 791 (3330/4064): detalhe ja salvo
progresso: 3330/4064 (81.9%) | tempo restante estimado: 00:00
pulando projeto 790 (3331/4064): detalhe ja salvo
pulando projeto 788 (3332/4064): detalhe ja salvo
pulando projeto 787 (3333/4064): detalhe ja salvo
pulando projeto 786 (3334/4064): detalhe ja salvo
pulando projeto 785 (3335/4064): detalhe ja salvo
pulando projeto 784 (3336/4064): detalhe ja salvo
pulando projeto 783 (3337/4064): detalhe ja salvo
pulando projeto 776 (3338/4064): detalhe ja salvo
pulando projeto 775 (3339/4064): detalhe ja salvo
pulando projeto 774 (3340/4064): detalhe ja salvo
progresso: 3340/4064 (82.2%) | tempo restante estimado: 00:00
pulando projeto 773 (3341/4064): detalhe ja salvo
pulando projeto 772 (3342/4064): detalhe ja salvo
pulando projeto 771 (3343/4064): detalhe ja salvo
pulando projeto 770 (3344/4064): detalhe ja salvo
pulando projeto 769 (3345/4064): detalhe ja salvo
inicio download do projeto 768 (3346/4064)
fim download do projeto 768
inicio download do projeto 767 (3347/4064)
fim download do projeto 767
inicio download do projeto 766 (3348/4064)
fim download do projeto 766
inicio download do projeto 765 (3349/4064)
fim download do projeto 765
inicio download do projeto 764 (3350/4064)
fim download do projeto 764
progresso: 3350/4064 (82.4%) | tempo restante estimado: 00:03
pausa extra de 8.0 segundos apos 3350 projetos
inicio download do projeto 763 (3351/4064)
fim download do projeto 763
inicio download do projeto 762 (3352/4064)
fim download do projeto 762
inicio download do projeto 761 (3353/4064)
fim download do projeto 761
inicio download do projeto 760 (3354/4064)
fim download do projeto 760
inicio download do projeto 759 (3355/4064)
fim download do projeto 759
pausa extra de 8.0 segundos apos 3355 projetos
inicio download do projeto 758 (3356/4064)
fim download do projeto 758
inicio download do projeto 757 (3357/4064)
fim download do projeto 757
inicio download do projeto 756 (3358/4064)
fim download do projeto 756
inicio download do projeto 755 (3359/4064)
fim download do projeto 755
inicio download do projeto 754 (3360/4064)
fim download do projeto 754
progresso: 3360/4064 (82.7%) | tempo restante estimado: 00:12
pausa extra de 8.0 segundos apos 3360 projetos
inicio download do projeto 753 (3361/4064)
fim download do projeto 753
inicio download do projeto 752 (3362/4064)
fim download do projeto 752
inicio download do projeto 751 (3363/4064)
fim download do projeto 751
inicio download do projeto 750 (3364/4064)
fim download do projeto 750
inicio download do projeto 749 (3365/4064)
fim download do projeto 749
pausa extra de 8.0 segundos apos 3365 projetos
inicio download do projeto 748 (3366/4064)
fim download do projeto 748
inicio download do projeto 747 (3367/4064)
fim download do projeto 747
inicio download do projeto 746 (3368/4064)
fim download do projeto 746
inicio download do projeto 745 (3369/4064)
fim download do projeto 745
inicio download do projeto 744 (3370/4064)
fim download do projeto 744
progresso: 3370/4064 (82.9%) | tempo restante estimado: 00:20
pausa extra de 8.0 segundos apos 3370 projetos
inicio download do projeto 743 (3371/4064)
fim download do projeto 743
inicio download do projeto 742 (3372/4064)
fim download do projeto 742
inicio download do projeto 741 (3373/4064)
fim download do projeto 741
inicio download do projeto 739 (3374/4064)
fim download do projeto 739
inicio download do projeto 738 (3375/4064)
fim download do projeto 738
pausa extra de 8.0 segundos apos 3375 projetos
inicio download do projeto 736 (3376/4064)
fim download do projeto 736
inicio download do projeto 735 (3377/4064)
fim download do projeto 735
inicio download do projeto 734 (3378/4064)
fim download do projeto 734
inicio download do projeto 733 (3379/4064)
fim download do projeto 733
inicio download do projeto 732 (3380/4064)
fim download do projeto 732
progresso: 3380/4064 (83.2%) | tempo restante estimado: 00:29
pausa extra de 8.0 segundos apos 3380 projetos
inicio download do projeto 731 (3381/4064)
fim download do projeto 731
inicio download do projeto 730 (3382/4064)
fim download do projeto 730
inicio download do projeto 729 (3383/4064)
fim download do projeto 729
inicio download do projeto 728 (3384/4064)
fim download do projeto 728
inicio download do projeto 727 (3385/4064)
fim download do projeto 727
pausa extra de 8.0 segundos apos 3385 projetos
inicio download do projeto 726 (3386/4064)
fim download do projeto 726
inicio download do projeto 725 (3387/4064)
fim download do projeto 725
inicio download do projeto 724 (3388/4064)
fim download do projeto 724
inicio download do projeto 723 (3389/4064)
fim download do projeto 723
inicio download do projeto 722 (3390/4064)
fim download do projeto 722
progresso: 3390/4064 (83.4%) | tempo restante estimado: 00:37
pausa extra de 8.0 segundos apos 3390 projetos
inicio download do projeto 721 (3391/4064)
fim download do projeto 721
inicio download do projeto 720 (3392/4064)
fim download do projeto 720
inicio download do projeto 719 (3393/4064)
fim download do projeto 719
inicio download do projeto 717 (3394/4064)
fim download do projeto 717
inicio download do projeto 716 (3395/4064)
fim download do projeto 716
pausa extra de 8.0 segundos apos 3395 projetos
inicio download do projeto 715 (3396/4064)
fim download do projeto 715
inicio download do projeto 714 (3397/4064)
fim download do projeto 714
inicio download do projeto 713 (3398/4064)
fim download do projeto 713
inicio download do projeto 712 (3399/4064)
fim download do projeto 712
inicio download do projeto 711 (3400/4064)
fim download do projeto 711
progresso: 3400/4064 (83.7%) | tempo restante estimado: 00:45
pausa extra de 8.0 segundos apos 3400 projetos
inicio download do projeto 710 (3401/4064)
fim download do projeto 710
inicio download do projeto 709 (3402/4064)
fim download do projeto 709
inicio download do projeto 708 (3403/4064)
fim download do projeto 708
inicio download do projeto 707 (3404/4064)
fim download do projeto 707
inicio download do projeto 706 (3405/4064)
fim download do projeto 706
pausa extra de 8.0 segundos apos 3405 projetos
inicio download do projeto 705 (3406/4064)
fim download do projeto 705
inicio download do projeto 704 (3407/4064)
fim download do projeto 704
inicio download do projeto 703 (3408/4064)
fim download do projeto 703
inicio download do projeto 702 (3409/4064)
fim download do projeto 702
inicio download do projeto 701 (3410/4064)
fim download do projeto 701
progresso: 3410/4064 (83.9%) | tempo restante estimado: 00:52
pausa extra de 8.0 segundos apos 3410 projetos
inicio download do projeto 700 (3411/4064)
fim download do projeto 700
inicio download do projeto 699 (3412/4064)
fim download do projeto 699
inicio download do projeto 698 (3413/4064)
fim download do projeto 698
inicio download do projeto 697 (3414/4064)
fim download do projeto 697
inicio download do projeto 696 (3415/4064)
fim download do projeto 696
pausa extra de 8.0 segundos apos 3415 projetos
inicio download do projeto 695 (3416/4064)
fim download do projeto 695
inicio download do projeto 693 (3417/4064)
fim download do projeto 693
inicio download do projeto 692 (3418/4064)
fim download do projeto 692
inicio download do projeto 691 (3419/4064)
fim download do projeto 691
inicio download do projeto 690 (3420/4064)
fim download do projeto 690
progresso: 3420/4064 (84.2%) | tempo restante estimado: 00:59
pausa extra de 8.0 segundos apos 3420 projetos
inicio download do projeto 689 (3421/4064)
fim download do projeto 689
inicio download do projeto 688 (3422/4064)
fim download do projeto 688
inicio download do projeto 687 (3423/4064)
fim download do projeto 687
inicio download do projeto 686 (3424/4064)
fim download do projeto 686
inicio download do projeto 685 (3425/4064)
fim download do projeto 685
pausa extra de 8.0 segundos apos 3425 projetos
inicio download do projeto 684 (3426/4064)
fim download do projeto 684
inicio download do projeto 682 (3427/4064)
fim download do projeto 682
inicio download do projeto 681 (3428/4064)
fim download do projeto 681
inicio download do projeto 680 (3429/4064)
fim download do projeto 680
inicio download do projeto 679 (3430/4064)
fim download do projeto 679
progresso: 3430/4064 (84.4%) | tempo restante estimado: 01:06
pausa extra de 8.0 segundos apos 3430 projetos
inicio download do projeto 677 (3431/4064)
fim download do projeto 677
inicio download do projeto 676 (3432/4064)
fim download do projeto 676
inicio download do projeto 675 (3433/4064)
fim download do projeto 675
inicio download do projeto 674 (3434/4064)
fim download do projeto 674
inicio download do projeto 673 (3435/4064)
fim download do projeto 673
pausa extra de 8.0 segundos apos 3435 projetos
inicio download do projeto 672 (3436/4064)
fim download do projeto 672
inicio download do projeto 670 (3437/4064)
fim download do projeto 670
inicio download do projeto 669 (3438/4064)
fim download do projeto 669
inicio download do projeto 668 (3439/4064)
fim download do projeto 668
inicio download do projeto 667 (3440/4064)
fim download do projeto 667
progresso: 3440/4064 (84.6%) | tempo restante estimado: 01:12
pausa extra de 8.0 segundos apos 3440 projetos
inicio download do projeto 666 (3441/4064)
fim download do projeto 666
inicio download do projeto 665 (3442/4064)
fim download do projeto 665
inicio download do projeto 664 (3443/4064)
fim download do projeto 664
inicio download do projeto 663 (3444/4064)
fim download do projeto 663
inicio download do projeto 659 (3445/4064)
fim download do projeto 659
pausa extra de 8.0 segundos apos 3445 projetos
inicio download do projeto 658 (3446/4064)
fim download do projeto 658
inicio download do projeto 657 (3447/4064)
fim download do projeto 657
inicio download do projeto 655 (3448/4064)
fim download do projeto 655
inicio download do projeto 654 (3449/4064)
fim download do projeto 654
inicio download do projeto 653 (3450/4064)
fim download do projeto 653
progresso: 3450/4064 (84.9%) | tempo restante estimado: 01:19
pausa extra de 8.0 segundos apos 3450 projetos
inicio download do projeto 652 (3451/4064)
fim download do projeto 652
inicio download do projeto 651 (3452/4064)
fim download do projeto 651
inicio download do projeto 650 (3453/4064)
fim download do projeto 650
inicio download do projeto 649 (3454/4064)
fim download do projeto 649
inicio download do projeto 648 (3455/4064)
fim download do projeto 648
pausa extra de 8.0 segundos apos 3455 projetos
inicio download do projeto 647 (3456/4064)
fim download do projeto 647
inicio download do projeto 646 (3457/4064)
fim download do projeto 646
inicio download do projeto 645 (3458/4064)
fim download do projeto 645
inicio download do projeto 644 (3459/4064)
fim download do projeto 644
inicio download do projeto 643 (3460/4064)
fim download do projeto 643
progresso: 3460/4064 (85.1%) | tempo restante estimado: 01:24
pausa extra de 8.0 segundos apos 3460 projetos
inicio download do projeto 642 (3461/4064)
fim download do projeto 642
inicio download do projeto 641 (3462/4064)
fim download do projeto 641
inicio download do projeto 640 (3463/4064)
fim download do projeto 640
inicio download do projeto 639 (3464/4064)
fim download do projeto 639
inicio download do projeto 638 (3465/4064)
fim download do projeto 638
pausa extra de 8.0 segundos apos 3465 projetos
inicio download do projeto 637 (3466/4064)
fim download do projeto 637
inicio download do projeto 636 (3467/4064)
fim download do projeto 636
inicio download do projeto 635 (3468/4064)
fim download do projeto 635
inicio download do projeto 634 (3469/4064)
fim download do projeto 634
inicio download do projeto 633 (3470/4064)
fim download do projeto 633
progresso: 3470/4064 (85.4%) | tempo restante estimado: 01:30
pausa extra de 8.0 segundos apos 3470 projetos
inicio download do projeto 632 (3471/4064)
fim download do projeto 632
inicio download do projeto 631 (3472/4064)
fim download do projeto 631
inicio download do projeto 630 (3473/4064)
fim download do projeto 630
inicio download do projeto 629 (3474/4064)
fim download do projeto 629
inicio download do projeto 628 (3475/4064)
fim download do projeto 628
pausa extra de 8.0 segundos apos 3475 projetos
inicio download do projeto 627 (3476/4064)
fim download do projeto 627
inicio download do projeto 626 (3477/4064)
fim download do projeto 626
inicio download do projeto 625 (3478/4064)
fim download do projeto 625
inicio download do projeto 624 (3479/4064)
fim download do projeto 624
inicio download do projeto 623 (3480/4064)
fim download do projeto 623
progresso: 3480/4064 (85.6%) | tempo restante estimado: 01:36
pausa extra de 8.0 segundos apos 3480 projetos
inicio download do projeto 622 (3481/4064)
fim download do projeto 622
inicio download do projeto 621 (3482/4064)
fim download do projeto 621
inicio download do projeto 620 (3483/4064)
fim download do projeto 620
inicio download do projeto 619 (3484/4064)
fim download do projeto 619
inicio download do projeto 618 (3485/4064)
fim download do projeto 618
pausa extra de 8.0 segundos apos 3485 projetos
inicio download do projeto 617 (3486/4064)
fim download do projeto 617
inicio download do projeto 616 (3487/4064)
fim download do projeto 616
inicio download do projeto 615 (3488/4064)
fim download do projeto 615
inicio download do projeto 614 (3489/4064)
fim download do projeto 614
inicio download do projeto 612 (3490/4064)
fim download do projeto 612
progresso: 3490/4064 (85.9%) | tempo restante estimado: 01:41
pausa extra de 8.0 segundos apos 3490 projetos
inicio download do projeto 611 (3491/4064)
fim download do projeto 611
inicio download do projeto 610 (3492/4064)
fim download do projeto 610
inicio download do projeto 609 (3493/4064)
fim download do projeto 609
inicio download do projeto 608 (3494/4064)
fim download do projeto 608
inicio download do projeto 607 (3495/4064)
fim download do projeto 607
pausa extra de 8.0 segundos apos 3495 projetos
inicio download do projeto 606 (3496/4064)
fim download do projeto 606
inicio download do projeto 605 (3497/4064)
fim download do projeto 605
inicio download do projeto 604 (3498/4064)
fim download do projeto 604
inicio download do projeto 603 (3499/4064)
fim download do projeto 603
inicio download do projeto 602 (3500/4064)
fim download do projeto 602
progresso: 3500/4064 (86.1%) | tempo restante estimado: 01:46
pausa extra de 8.0 segundos apos 3500 projetos
inicio download do projeto 601 (3501/4064)
fim download do projeto 601
inicio download do projeto 600 (3502/4064)
fim download do projeto 600
inicio download do projeto 599 (3503/4064)
fim download do projeto 599
inicio download do projeto 598 (3504/4064)
fim download do projeto 598
inicio download do projeto 597 (3505/4064)
fim download do projeto 597
pausa extra de 8.0 segundos apos 3505 projetos
inicio download do projeto 596 (3506/4064)
fim download do projeto 596
inicio download do projeto 595 (3507/4064)
fim download do projeto 595
inicio download do projeto 594 (3508/4064)
fim download do projeto 594
inicio download do projeto 593 (3509/4064)
fim download do projeto 593
inicio download do projeto 592 (3510/4064)
fim download do projeto 592
progresso: 3510/4064 (86.4%) | tempo restante estimado: 01:50
pausa extra de 8.0 segundos apos 3510 projetos
inicio download do projeto 591 (3511/4064)
fim download do projeto 591
inicio download do projeto 590 (3512/4064)
fim download do projeto 590
inicio download do projeto 589 (3513/4064)
fim download do projeto 589
inicio download do projeto 588 (3514/4064)
fim download do projeto 588
inicio download do projeto 587 (3515/4064)
fim download do projeto 587
pausa extra de 8.0 segundos apos 3515 projetos
inicio download do projeto 585 (3516/4064)
fim download do projeto 585
inicio download do projeto 584 (3517/4064)
fim download do projeto 584
inicio download do projeto 583 (3518/4064)
fim download do projeto 583
inicio download do projeto 582 (3519/4064)
fim download do projeto 582
inicio download do projeto 581 (3520/4064)
fim download do projeto 581
progresso: 3520/4064 (86.6%) | tempo restante estimado: 01:54
pausa extra de 8.0 segundos apos 3520 projetos
inicio download do projeto 580 (3521/4064)
fim download do projeto 580
inicio download do projeto 579 (3522/4064)
fim download do projeto 579
inicio download do projeto 578 (3523/4064)
fim download do projeto 578
inicio download do projeto 576 (3524/4064)
fim download do projeto 576
inicio download do projeto 575 (3525/4064)
fim download do projeto 575
pausa extra de 8.0 segundos apos 3525 projetos
inicio download do projeto 574 (3526/4064)
fim download do projeto 574
inicio download do projeto 573 (3527/4064)
fim download do projeto 573
inicio download do projeto 570 (3528/4064)
fim download do projeto 570
inicio download do projeto 569 (3529/4064)
fim download do projeto 569
inicio download do projeto 568 (3530/4064)
fim download do projeto 568
progresso: 3530/4064 (86.9%) | tempo restante estimado: 01:58
pausa extra de 8.0 segundos apos 3530 projetos
inicio download do projeto 567 (3531/4064)
fim download do projeto 567
inicio download do projeto 566 (3532/4064)
fim download do projeto 566
inicio download do projeto 565 (3533/4064)
fim download do projeto 565
inicio download do projeto 564 (3534/4064)
fim download do projeto 564
inicio download do projeto 563 (3535/4064)
fim download do projeto 563
pausa extra de 8.0 segundos apos 3535 projetos
inicio download do projeto 562 (3536/4064)
fim download do projeto 562
inicio download do projeto 561 (3537/4064)
fim download do projeto 561
inicio download do projeto 560 (3538/4064)
fim download do projeto 560
inicio download do projeto 559 (3539/4064)
fim download do projeto 559
inicio download do projeto 558 (3540/4064)
fim download do projeto 558
progresso: 3540/4064 (87.1%) | tempo restante estimado: 02:02
pausa extra de 8.0 segundos apos 3540 projetos
inicio download do projeto 556 (3541/4064)
fim download do projeto 556
inicio download do projeto 555 (3542/4064)
fim download do projeto 555
inicio download do projeto 554 (3543/4064)
fim download do projeto 554
inicio download do projeto 551 (3544/4064)
fim download do projeto 551
inicio download do projeto 550 (3545/4064)
fim download do projeto 550
pausa extra de 8.0 segundos apos 3545 projetos
inicio download do projeto 549 (3546/4064)
fim download do projeto 549
inicio download do projeto 548 (3547/4064)
fim download do projeto 548
inicio download do projeto 547 (3548/4064)
fim download do projeto 547
inicio download do projeto 546 (3549/4064)
fim download do projeto 546
inicio download do projeto 545 (3550/4064)
fim download do projeto 545
progresso: 3550/4064 (87.4%) | tempo restante estimado: 02:06
pausa extra de 8.0 segundos apos 3550 projetos
inicio download do projeto 544 (3551/4064)
fim download do projeto 544
inicio download do projeto 543 (3552/4064)
fim download do projeto 543
inicio download do projeto 542 (3553/4064)
fim download do projeto 542
inicio download do projeto 541 (3554/4064)
fim download do projeto 541
inicio download do projeto 540 (3555/4064)
fim download do projeto 540
pausa extra de 8.0 segundos apos 3555 projetos
inicio download do projeto 539 (3556/4064)
fim download do projeto 539
inicio download do projeto 538 (3557/4064)
fim download do projeto 538
inicio download do projeto 537 (3558/4064)
fim download do projeto 537
inicio download do projeto 536 (3559/4064)
fim download do projeto 536
inicio download do projeto 535 (3560/4064)
fim download do projeto 535
progresso: 3560/4064 (87.6%) | tempo restante estimado: 02:09
pausa extra de 8.0 segundos apos 3560 projetos
inicio download do projeto 534 (3561/4064)
fim download do projeto 534
inicio download do projeto 533 (3562/4064)
fim download do projeto 533
inicio download do projeto 532 (3563/4064)
fim download do projeto 532
inicio download do projeto 531 (3564/4064)
fim download do projeto 531
inicio download do projeto 530 (3565/4064)
fim download do projeto 530
pausa extra de 8.0 segundos apos 3565 projetos
inicio download do projeto 529 (3566/4064)
fim download do projeto 529
inicio download do projeto 528 (3567/4064)
fim download do projeto 528
inicio download do projeto 527 (3568/4064)
fim download do projeto 527
inicio download do projeto 526 (3569/4064)
fim download do projeto 526
inicio download do projeto 525 (3570/4064)
fim download do projeto 525
progresso: 3570/4064 (87.8%) | tempo restante estimado: 02:12
pausa extra de 8.0 segundos apos 3570 projetos
inicio download do projeto 524 (3571/4064)
fim download do projeto 524
inicio download do projeto 523 (3572/4064)
fim download do projeto 523
inicio download do projeto 522 (3573/4064)
fim download do projeto 522
inicio download do projeto 521 (3574/4064)
fim download do projeto 521
inicio download do projeto 520 (3575/4064)
fim download do projeto 520
pausa extra de 8.0 segundos apos 3575 projetos
inicio download do projeto 519 (3576/4064)
fim download do projeto 519
inicio download do projeto 518 (3577/4064)
fim download do projeto 518
inicio download do projeto 517 (3578/4064)
fim download do projeto 517
inicio download do projeto 516 (3579/4064)
fim download do projeto 516
inicio download do projeto 515 (3580/4064)
fim download do projeto 515
progresso: 3580/4064 (88.1%) | tempo restante estimado: 02:15
pausa extra de 8.0 segundos apos 3580 projetos
inicio download do projeto 514 (3581/4064)
fim download do projeto 514
inicio download do projeto 513 (3582/4064)
fim download do projeto 513
inicio download do projeto 512 (3583/4064)
fim download do projeto 512
inicio download do projeto 511 (3584/4064)
fim download do projeto 511
inicio download do projeto 510 (3585/4064)
fim download do projeto 510
pausa extra de 8.0 segundos apos 3585 projetos
inicio download do projeto 509 (3586/4064)
fim download do projeto 509
inicio download do projeto 508 (3587/4064)
fim download do projeto 508
inicio download do projeto 507 (3588/4064)
fim download do projeto 507
inicio download do projeto 506 (3589/4064)
fim download do projeto 506
inicio download do projeto 505 (3590/4064)
fim download do projeto 505
progresso: 3590/4064 (88.3%) | tempo restante estimado: 02:17
pausa extra de 8.0 segundos apos 3590 projetos
inicio download do projeto 504 (3591/4064)
fim download do projeto 504
inicio download do projeto 503 (3592/4064)
fim download do projeto 503
inicio download do projeto 502 (3593/4064)
fim download do projeto 502
inicio download do projeto 501 (3594/4064)
fim download do projeto 501
inicio download do projeto 500 (3595/4064)
fim download do projeto 500
pausa extra de 8.0 segundos apos 3595 projetos
inicio download do projeto 499 (3596/4064)
fim download do projeto 499
inicio download do projeto 498 (3597/4064)
fim download do projeto 498
inicio download do projeto 497 (3598/4064)
fim download do projeto 497
inicio download do projeto 496 (3599/4064)
fim download do projeto 496
inicio download do projeto 495 (3600/4064)
fim download do projeto 495
progresso: 3600/4064 (88.6%) | tempo restante estimado: 02:19
pausa extra de 8.0 segundos apos 3600 projetos
inicio download do projeto 494 (3601/4064)
fim download do projeto 494
inicio download do projeto 493 (3602/4064)
fim download do projeto 493
inicio download do projeto 492 (3603/4064)
fim download do projeto 492
inicio download do projeto 491 (3604/4064)
fim download do projeto 491
inicio download do projeto 490 (3605/4064)
fim download do projeto 490
pausa extra de 8.0 segundos apos 3605 projetos
inicio download do projeto 489 (3606/4064)
fim download do projeto 489
inicio download do projeto 488 (3607/4064)
fim download do projeto 488
inicio download do projeto 487 (3608/4064)
fim download do projeto 487
inicio download do projeto 486 (3609/4064)
fim download do projeto 486
inicio download do projeto 485 (3610/4064)
fim download do projeto 485
progresso: 3610/4064 (88.8%) | tempo restante estimado: 02:21
pausa extra de 8.0 segundos apos 3610 projetos
inicio download do projeto 484 (3611/4064)
fim download do projeto 484
inicio download do projeto 483 (3612/4064)
fim download do projeto 483
inicio download do projeto 482 (3613/4064)
fim download do projeto 482
inicio download do projeto 481 (3614/4064)
fim download do projeto 481
inicio download do projeto 480 (3615/4064)
fim download do projeto 480
pausa extra de 8.0 segundos apos 3615 projetos
inicio download do projeto 479 (3616/4064)
fim download do projeto 479
inicio download do projeto 477 (3617/4064)
fim download do projeto 477
inicio download do projeto 476 (3618/4064)
fim download do projeto 476
inicio download do projeto 475 (3619/4064)
fim download do projeto 475
inicio download do projeto 474 (3620/4064)
fim download do projeto 474
progresso: 3620/4064 (89.1%) | tempo restante estimado: 02:23
pausa extra de 8.0 segundos apos 3620 projetos
inicio download do projeto 473 (3621/4064)
fim download do projeto 473
inicio download do projeto 472 (3622/4064)
fim download do projeto 472
inicio download do projeto 471 (3623/4064)
fim download do projeto 471
inicio download do projeto 470 (3624/4064)
fim download do projeto 470
inicio download do projeto 469 (3625/4064)
fim download do projeto 469
pausa extra de 8.0 segundos apos 3625 projetos
inicio download do projeto 468 (3626/4064)
fim download do projeto 468
inicio download do projeto 467 (3627/4064)
fim download do projeto 467
inicio download do projeto 466 (3628/4064)
fim download do projeto 466
inicio download do projeto 465 (3629/4064)
fim download do projeto 465
inicio download do projeto 464 (3630/4064)
fim download do projeto 464
progresso: 3630/4064 (89.3%) | tempo restante estimado: 02:25
pausa extra de 8.0 segundos apos 3630 projetos
inicio download do projeto 463 (3631/4064)
fim download do projeto 463
inicio download do projeto 462 (3632/4064)
fim download do projeto 462
inicio download do projeto 461 (3633/4064)
fim download do projeto 461
inicio download do projeto 460 (3634/4064)
fim download do projeto 460
inicio download do projeto 459 (3635/4064)
fim download do projeto 459
pausa extra de 8.0 segundos apos 3635 projetos
inicio download do projeto 458 (3636/4064)
fim download do projeto 458
inicio download do projeto 457 (3637/4064)
fim download do projeto 457
inicio download do projeto 456 (3638/4064)
fim download do projeto 456
inicio download do projeto 455 (3639/4064)
fim download do projeto 455
inicio download do projeto 454 (3640/4064)
fim download do projeto 454
progresso: 3640/4064 (89.6%) | tempo restante estimado: 02:26
pausa extra de 8.0 segundos apos 3640 projetos
inicio download do projeto 453 (3641/4064)
fim download do projeto 453
inicio download do projeto 452 (3642/4064)
fim download do projeto 452
inicio download do projeto 451 (3643/4064)
fim download do projeto 451
inicio download do projeto 450 (3644/4064)
fim download do projeto 450
inicio download do projeto 449 (3645/4064)
fim download do projeto 449
pausa extra de 8.0 segundos apos 3645 projetos
inicio download do projeto 448 (3646/4064)
fim download do projeto 448
inicio download do projeto 446 (3647/4064)
fim download do projeto 446
inicio download do projeto 445 (3648/4064)
fim download do projeto 445
inicio download do projeto 444 (3649/4064)
fim download do projeto 444
inicio download do projeto 443 (3650/4064)
fim download do projeto 443
progresso: 3650/4064 (89.8%) | tempo restante estimado: 02:27
pausa extra de 8.0 segundos apos 3650 projetos
inicio download do projeto 442 (3651/4064)
fim download do projeto 442
inicio download do projeto 441 (3652/4064)
fim download do projeto 441
inicio download do projeto 440 (3653/4064)
fim download do projeto 440
inicio download do projeto 439 (3654/4064)
fim download do projeto 439
inicio download do projeto 438 (3655/4064)
fim download do projeto 438
pausa extra de 8.0 segundos apos 3655 projetos
inicio download do projeto 437 (3656/4064)
fim download do projeto 437
inicio download do projeto 436 (3657/4064)
fim download do projeto 436
inicio download do projeto 435 (3658/4064)
fim download do projeto 435
inicio download do projeto 434 (3659/4064)
fim download do projeto 434
inicio download do projeto 433 (3660/4064)
fim download do projeto 433
progresso: 3660/4064 (90.1%) | tempo restante estimado: 02:28
pausa extra de 8.0 segundos apos 3660 projetos
inicio download do projeto 432 (3661/4064)
fim download do projeto 432
inicio download do projeto 431 (3662/4064)
fim download do projeto 431
inicio download do projeto 430 (3663/4064)
fim download do projeto 430
inicio download do projeto 429 (3664/4064)
fim download do projeto 429
inicio download do projeto 428 (3665/4064)
fim download do projeto 428
pausa extra de 8.0 segundos apos 3665 projetos
inicio download do projeto 427 (3666/4064)
fim download do projeto 427
inicio download do projeto 426 (3667/4064)
fim download do projeto 426
inicio download do projeto 425 (3668/4064)
fim download do projeto 425
inicio download do projeto 424 (3669/4064)
fim download do projeto 424
inicio download do projeto 423 (3670/4064)
fim download do projeto 423
progresso: 3670/4064 (90.3%) | tempo restante estimado: 02:28
pausa extra de 8.0 segundos apos 3670 projetos
inicio download do projeto 422 (3671/4064)
fim download do projeto 422
inicio download do projeto 421 (3672/4064)
fim download do projeto 421
inicio download do projeto 420 (3673/4064)
fim download do projeto 420
inicio download do projeto 419 (3674/4064)
fim download do projeto 419
inicio download do projeto 418 (3675/4064)
fim download do projeto 418
pausa extra de 8.0 segundos apos 3675 projetos
inicio download do projeto 417 (3676/4064)
fim download do projeto 417
inicio download do projeto 416 (3677/4064)
fim download do projeto 416
inicio download do projeto 415 (3678/4064)
fim download do projeto 415
inicio download do projeto 414 (3679/4064)
fim download do projeto 414
inicio download do projeto 413 (3680/4064)
fim download do projeto 413
progresso: 3680/4064 (90.6%) | tempo restante estimado: 02:28
pausa extra de 8.0 segundos apos 3680 projetos
inicio download do projeto 412 (3681/4064)
fim download do projeto 412
inicio download do projeto 411 (3682/4064)
fim download do projeto 411
inicio download do projeto 410 (3683/4064)
fim download do projeto 410
inicio download do projeto 409 (3684/4064)
fim download do projeto 409
inicio download do projeto 408 (3685/4064)
fim download do projeto 408
pausa extra de 8.0 segundos apos 3685 projetos
inicio download do projeto 407 (3686/4064)
fim download do projeto 407
inicio download do projeto 406 (3687/4064)
fim download do projeto 406
inicio download do projeto 405 (3688/4064)
fim download do projeto 405
inicio download do projeto 403 (3689/4064)
fim download do projeto 403
inicio download do projeto 402 (3690/4064)
fim download do projeto 402
progresso: 3690/4064 (90.8%) | tempo restante estimado: 02:28
pausa extra de 8.0 segundos apos 3690 projetos
inicio download do projeto 401 (3691/4064)
fim download do projeto 401
inicio download do projeto 400 (3692/4064)
fim download do projeto 400
inicio download do projeto 399 (3693/4064)
fim download do projeto 399
inicio download do projeto 398 (3694/4064)
fim download do projeto 398
inicio download do projeto 397 (3695/4064)
fim download do projeto 397
pausa extra de 8.0 segundos apos 3695 projetos
inicio download do projeto 396 (3696/4064)
fim download do projeto 396
inicio download do projeto 395 (3697/4064)
fim download do projeto 395
inicio download do projeto 394 (3698/4064)
fim download do projeto 394
inicio download do projeto 393 (3699/4064)
fim download do projeto 393
inicio download do projeto 392 (3700/4064)
fim download do projeto 392
progresso: 3700/4064 (91.0%) | tempo restante estimado: 02:28
pausa extra de 8.0 segundos apos 3700 projetos
inicio download do projeto 391 (3701/4064)
fim download do projeto 391
inicio download do projeto 390 (3702/4064)
fim download do projeto 390
inicio download do projeto 389 (3703/4064)
fim download do projeto 389
inicio download do projeto 385 (3704/4064)
fim download do projeto 385
inicio download do projeto 384 (3705/4064)
fim download do projeto 384
pausa extra de 8.0 segundos apos 3705 projetos
inicio download do projeto 383 (3706/4064)
fim download do projeto 383
inicio download do projeto 382 (3707/4064)
fim download do projeto 382
inicio download do projeto 381 (3708/4064)
fim download do projeto 381
inicio download do projeto 380 (3709/4064)
fim download do projeto 380
inicio download do projeto 379 (3710/4064)
fim download do projeto 379
progresso: 3710/4064 (91.3%) | tempo restante estimado: 02:28
pausa extra de 8.0 segundos apos 3710 projetos
inicio download do projeto 378 (3711/4064)
fim download do projeto 378
inicio download do projeto 377 (3712/4064)
fim download do projeto 377
inicio download do projeto 376 (3713/4064)
fim download do projeto 376
inicio download do projeto 375 (3714/4064)
fim download do projeto 375
inicio download do projeto 374 (3715/4064)
fim download do projeto 374
pausa extra de 8.0 segundos apos 3715 projetos
inicio download do projeto 373 (3716/4064)
fim download do projeto 373
inicio download do projeto 372 (3717/4064)
fim download do projeto 372
inicio download do projeto 371 (3718/4064)
fim download do projeto 371
inicio download do projeto 369 (3719/4064)
fim download do projeto 369
inicio download do projeto 368 (3720/4064)
fim download do projeto 368
progresso: 3720/4064 (91.5%) | tempo restante estimado: 02:27
pausa extra de 8.0 segundos apos 3720 projetos
inicio download do projeto 367 (3721/4064)
fim download do projeto 367
inicio download do projeto 366 (3722/4064)
fim download do projeto 366
inicio download do projeto 364 (3723/4064)
fim download do projeto 364
inicio download do projeto 363 (3724/4064)
fim download do projeto 363
inicio download do projeto 362 (3725/4064)
fim download do projeto 362
pausa extra de 8.0 segundos apos 3725 projetos
inicio download do projeto 361 (3726/4064)
fim download do projeto 361
inicio download do projeto 360 (3727/4064)
fim download do projeto 360
inicio download do projeto 359 (3728/4064)
fim download do projeto 359
inicio download do projeto 358 (3729/4064)
fim download do projeto 358
inicio download do projeto 357 (3730/4064)
fim download do projeto 357
progresso: 3730/4064 (91.8%) | tempo restante estimado: 02:26
pausa extra de 8.0 segundos apos 3730 projetos
inicio download do projeto 356 (3731/4064)
fim download do projeto 356
inicio download do projeto 355 (3732/4064)
fim download do projeto 355
inicio download do projeto 354 (3733/4064)
fim download do projeto 354
inicio download do projeto 353 (3734/4064)
fim download do projeto 353
inicio download do projeto 352 (3735/4064)
fim download do projeto 352
pausa extra de 8.0 segundos apos 3735 projetos
inicio download do projeto 351 (3736/4064)
fim download do projeto 351
inicio download do projeto 350 (3737/4064)
fim download do projeto 350
inicio download do projeto 349 (3738/4064)
fim download do projeto 349
inicio download do projeto 348 (3739/4064)
fim download do projeto 348
inicio download do projeto 347 (3740/4064)
fim download do projeto 347
progresso: 3740/4064 (92.0%) | tempo restante estimado: 02:25
pausa extra de 8.0 segundos apos 3740 projetos
inicio download do projeto 346 (3741/4064)
fim download do projeto 346
inicio download do projeto 344 (3742/4064)
fim download do projeto 344
inicio download do projeto 343 (3743/4064)
fim download do projeto 343
inicio download do projeto 341 (3744/4064)
fim download do projeto 341
inicio download do projeto 340 (3745/4064)
fim download do projeto 340
pausa extra de 8.0 segundos apos 3745 projetos
inicio download do projeto 339 (3746/4064)
fim download do projeto 339
inicio download do projeto 338 (3747/4064)
fim download do projeto 338
inicio download do projeto 337 (3748/4064)
fim download do projeto 337
inicio download do projeto 336 (3749/4064)
fim download do projeto 336
inicio download do projeto 335 (3750/4064)
fim download do projeto 335
progresso: 3750/4064 (92.3%) | tempo restante estimado: 02:24
pausa extra de 8.0 segundos apos 3750 projetos
inicio download do projeto 334 (3751/4064)
fim download do projeto 334
inicio download do projeto 333 (3752/4064)
fim download do projeto 333
inicio download do projeto 332 (3753/4064)
fim download do projeto 332
inicio download do projeto 331 (3754/4064)
fim download do projeto 331
inicio download do projeto 330 (3755/4064)
fim download do projeto 330
pausa extra de 8.0 segundos apos 3755 projetos
inicio download do projeto 329 (3756/4064)
fim download do projeto 329
inicio download do projeto 328 (3757/4064)
fim download do projeto 328
inicio download do projeto 327 (3758/4064)
fim download do projeto 327
inicio download do projeto 326 (3759/4064)
fim download do projeto 326
inicio download do projeto 325 (3760/4064)
fim download do projeto 325
progresso: 3760/4064 (92.5%) | tempo restante estimado: 02:22
pausa extra de 8.0 segundos apos 3760 projetos
inicio download do projeto 324 (3761/4064)
fim download do projeto 324
inicio download do projeto 323 (3762/4064)
fim download do projeto 323
inicio download do projeto 322 (3763/4064)
fim download do projeto 322
inicio download do projeto 321 (3764/4064)
fim download do projeto 321
inicio download do projeto 320 (3765/4064)
fim download do projeto 320
pausa extra de 8.0 segundos apos 3765 projetos
inicio download do projeto 319 (3766/4064)
fim download do projeto 319
inicio download do projeto 318 (3767/4064)
fim download do projeto 318
inicio download do projeto 317 (3768/4064)
fim download do projeto 317
inicio download do projeto 316 (3769/4064)
fim download do projeto 316
inicio download do projeto 315 (3770/4064)
fim download do projeto 315
progresso: 3770/4064 (92.8%) | tempo restante estimado: 02:21
pausa extra de 8.0 segundos apos 3770 projetos
inicio download do projeto 314 (3771/4064)
fim download do projeto 314
inicio download do projeto 313 (3772/4064)
fim download do projeto 313
inicio download do projeto 312 (3773/4064)
fim download do projeto 312
inicio download do projeto 311 (3774/4064)
fim download do projeto 311
inicio download do projeto 310 (3775/4064)
fim download do projeto 310
pausa extra de 8.0 segundos apos 3775 projetos
inicio download do projeto 309 (3776/4064)
fim download do projeto 309
inicio download do projeto 308 (3777/4064)
fim download do projeto 308
inicio download do projeto 307 (3778/4064)
fim download do projeto 307
inicio download do projeto 306 (3779/4064)
fim download do projeto 306
inicio download do projeto 305 (3780/4064)
fim download do projeto 305
progresso: 3780/4064 (93.0%) | tempo restante estimado: 02:19
pausa extra de 8.0 segundos apos 3780 projetos
inicio download do projeto 304 (3781/4064)
fim download do projeto 304
inicio download do projeto 303 (3782/4064)
fim download do projeto 303
inicio download do projeto 302 (3783/4064)
fim download do projeto 302
inicio download do projeto 301 (3784/4064)
fim download do projeto 301
inicio download do projeto 300 (3785/4064)
fim download do projeto 300
pausa extra de 8.0 segundos apos 3785 projetos
inicio download do projeto 299 (3786/4064)
fim download do projeto 299
inicio download do projeto 298 (3787/4064)
fim download do projeto 298
inicio download do projeto 297 (3788/4064)
fim download do projeto 297
inicio download do projeto 296 (3789/4064)
fim download do projeto 296
inicio download do projeto 295 (3790/4064)
fim download do projeto 295
progresso: 3790/4064 (93.3%) | tempo restante estimado: 02:17
pausa extra de 8.0 segundos apos 3790 projetos
inicio download do projeto 294 (3791/4064)
fim download do projeto 294
inicio download do projeto 293 (3792/4064)
fim download do projeto 293
inicio download do projeto 292 (3793/4064)
fim download do projeto 292
inicio download do projeto 291 (3794/4064)
fim download do projeto 291
inicio download do projeto 290 (3795/4064)
fim download do projeto 290
pausa extra de 8.0 segundos apos 3795 projetos
inicio download do projeto 289 (3796/4064)
fim download do projeto 289
inicio download do projeto 288 (3797/4064)
fim download do projeto 288
inicio download do projeto 287 (3798/4064)
fim download do projeto 287
inicio download do projeto 286 (3799/4064)
fim download do projeto 286
inicio download do projeto 285 (3800/4064)
fim download do projeto 285
progresso: 3800/4064 (93.5%) | tempo restante estimado: 02:14
pausa extra de 8.0 segundos apos 3800 projetos
inicio download do projeto 284 (3801/4064)
fim download do projeto 284
inicio download do projeto 283 (3802/4064)
fim download do projeto 283
inicio download do projeto 282 (3803/4064)
fim download do projeto 282
inicio download do projeto 281 (3804/4064)
fim download do projeto 281
inicio download do projeto 280 (3805/4064)
fim download do projeto 280
pausa extra de 8.0 segundos apos 3805 projetos
inicio download do projeto 279 (3806/4064)
fim download do projeto 279
inicio download do projeto 278 (3807/4064)
fim download do projeto 278
inicio download do projeto 277 (3808/4064)
fim download do projeto 277
inicio download do projeto 276 (3809/4064)
fim download do projeto 276
inicio download do projeto 275 (3810/4064)
fim download do projeto 275
progresso: 3810/4064 (93.8%) | tempo restante estimado: 02:12
pausa extra de 8.0 segundos apos 3810 projetos
inicio download do projeto 274 (3811/4064)
fim download do projeto 274
inicio download do projeto 273 (3812/4064)
fim download do projeto 273
inicio download do projeto 272 (3813/4064)
fim download do projeto 272
inicio download do projeto 271 (3814/4064)
fim download do projeto 271
inicio download do projeto 270 (3815/4064)
fim download do projeto 270
pausa extra de 8.0 segundos apos 3815 projetos
inicio download do projeto 269 (3816/4064)
fim download do projeto 269
inicio download do projeto 268 (3817/4064)
fim download do projeto 268
inicio download do projeto 267 (3818/4064)
fim download do projeto 267
inicio download do projeto 266 (3819/4064)
fim download do projeto 266
inicio download do projeto 265 (3820/4064)
fim download do projeto 265
progresso: 3820/4064 (94.0%) | tempo restante estimado: 02:09
pausa extra de 8.0 segundos apos 3820 projetos
inicio download do projeto 264 (3821/4064)
fim download do projeto 264
inicio download do projeto 263 (3822/4064)
fim download do projeto 263
inicio download do projeto 261 (3823/4064)
fim download do projeto 261
inicio download do projeto 260 (3824/4064)
fim download do projeto 260
inicio download do projeto 259 (3825/4064)
fim download do projeto 259
pausa extra de 8.0 segundos apos 3825 projetos
inicio download do projeto 258 (3826/4064)
fim download do projeto 258
inicio download do projeto 257 (3827/4064)
fim download do projeto 257
inicio download do projeto 256 (3828/4064)
fim download do projeto 256
inicio download do projeto 255 (3829/4064)
fim download do projeto 255
inicio download do projeto 254 (3830/4064)
fim download do projeto 254
progresso: 3830/4064 (94.2%) | tempo restante estimado: 02:06
pausa extra de 8.0 segundos apos 3830 projetos
inicio download do projeto 253 (3831/4064)
fim download do projeto 253
inicio download do projeto 252 (3832/4064)
fim download do projeto 252
inicio download do projeto 251 (3833/4064)
fim download do projeto 251
inicio download do projeto 250 (3834/4064)
fim download do projeto 250
inicio download do projeto 249 (3835/4064)
fim download do projeto 249
pausa extra de 8.0 segundos apos 3835 projetos
inicio download do projeto 248 (3836/4064)
fim download do projeto 248
inicio download do projeto 247 (3837/4064)
fim download do projeto 247
inicio download do projeto 246 (3838/4064)
fim download do projeto 246
inicio download do projeto 245 (3839/4064)
fim download do projeto 245
inicio download do projeto 244 (3840/4064)
fim download do projeto 244
progresso: 3840/4064 (94.5%) | tempo restante estimado: 02:03
pausa extra de 8.0 segundos apos 3840 projetos
inicio download do projeto 243 (3841/4064)
fim download do projeto 243
inicio download do projeto 242 (3842/4064)
fim download do projeto 242
inicio download do projeto 241 (3843/4064)
fim download do projeto 241
inicio download do projeto 240 (3844/4064)
fim download do projeto 240
inicio download do projeto 239 (3845/4064)
fim download do projeto 239
pausa extra de 8.0 segundos apos 3845 projetos
inicio download do projeto 238 (3846/4064)
fim download do projeto 238
inicio download do projeto 237 (3847/4064)
fim download do projeto 237
inicio download do projeto 236 (3848/4064)
fim download do projeto 236
inicio download do projeto 235 (3849/4064)
fim download do projeto 235
inicio download do projeto 234 (3850/4064)
fim download do projeto 234
progresso: 3850/4064 (94.7%) | tempo restante estimado: 01:59
pausa extra de 8.0 segundos apos 3850 projetos
inicio download do projeto 233 (3851/4064)
fim download do projeto 233
inicio download do projeto 230 (3852/4064)
fim download do projeto 230
inicio download do projeto 229 (3853/4064)
fim download do projeto 229
inicio download do projeto 228 (3854/4064)
fim download do projeto 228
inicio download do projeto 227 (3855/4064)
fim download do projeto 227
pausa extra de 8.0 segundos apos 3855 projetos
inicio download do projeto 226 (3856/4064)
fim download do projeto 226
inicio download do projeto 225 (3857/4064)
fim download do projeto 225
inicio download do projeto 224 (3858/4064)
fim download do projeto 224
inicio download do projeto 223 (3859/4064)
fim download do projeto 223
inicio download do projeto 222 (3860/4064)
fim download do projeto 222
progresso: 3860/4064 (95.0%) | tempo restante estimado: 01:56
pausa extra de 8.0 segundos apos 3860 projetos
inicio download do projeto 221 (3861/4064)
fim download do projeto 221
inicio download do projeto 220 (3862/4064)
fim download do projeto 220
inicio download do projeto 219 (3863/4064)
fim download do projeto 219
inicio download do projeto 218 (3864/4064)
fim download do projeto 218
inicio download do projeto 217 (3865/4064)
fim download do projeto 217
pausa extra de 8.0 segundos apos 3865 projetos
inicio download do projeto 216 (3866/4064)
fim download do projeto 216
inicio download do projeto 214 (3867/4064)
fim download do projeto 214
inicio download do projeto 213 (3868/4064)
fim download do projeto 213
inicio download do projeto 212 (3869/4064)
fim download do projeto 212
inicio download do projeto 211 (3870/4064)
fim download do projeto 211
progresso: 3870/4064 (95.2%) | tempo restante estimado: 01:52
pausa extra de 8.0 segundos apos 3870 projetos
inicio download do projeto 210 (3871/4064)
fim download do projeto 210
inicio download do projeto 209 (3872/4064)
fim download do projeto 209
inicio download do projeto 208 (3873/4064)
fim download do projeto 208
inicio download do projeto 206 (3874/4064)
fim download do projeto 206
inicio download do projeto 204 (3875/4064)
fim download do projeto 204
pausa extra de 8.0 segundos apos 3875 projetos
inicio download do projeto 203 (3876/4064)
fim download do projeto 203
inicio download do projeto 202 (3877/4064)
fim download do projeto 202
inicio download do projeto 201 (3878/4064)
fim download do projeto 201
inicio download do projeto 199 (3879/4064)
fim download do projeto 199
inicio download do projeto 198 (3880/4064)
fim download do projeto 198
progresso: 3880/4064 (95.5%) | tempo restante estimado: 01:48
pausa extra de 8.0 segundos apos 3880 projetos
inicio download do projeto 197 (3881/4064)
fim download do projeto 197
inicio download do projeto 196 (3882/4064)
fim download do projeto 196
inicio download do projeto 195 (3883/4064)
fim download do projeto 195
inicio download do projeto 194 (3884/4064)
fim download do projeto 194
inicio download do projeto 193 (3885/4064)
fim download do projeto 193
pausa extra de 8.0 segundos apos 3885 projetos
inicio download do projeto 192 (3886/4064)
fim download do projeto 192
inicio download do projeto 191 (3887/4064)
fim download do projeto 191
inicio download do projeto 190 (3888/4064)
fim download do projeto 190
inicio download do projeto 189 (3889/4064)
fim download do projeto 189
inicio download do projeto 188 (3890/4064)
fim download do projeto 188
progresso: 3890/4064 (95.7%) | tempo restante estimado: 01:44
pausa extra de 8.0 segundos apos 3890 projetos
inicio download do projeto 187 (3891/4064)
fim download do projeto 187
inicio download do projeto 186 (3892/4064)
fim download do projeto 186
inicio download do projeto 185 (3893/4064)
fim download do projeto 185
inicio download do projeto 184 (3894/4064)
fim download do projeto 184
inicio download do projeto 183 (3895/4064)
fim download do projeto 183
pausa extra de 8.0 segundos apos 3895 projetos
inicio download do projeto 182 (3896/4064)
fim download do projeto 182
inicio download do projeto 181 (3897/4064)
fim download do projeto 181
inicio download do projeto 180 (3898/4064)
fim download do projeto 180
inicio download do projeto 179 (3899/4064)
fim download do projeto 179
inicio download do projeto 178 (3900/4064)
fim download do projeto 178
progresso: 3900/4064 (96.0%) | tempo restante estimado: 01:39
pausa extra de 8.0 segundos apos 3900 projetos
inicio download do projeto 177 (3901/4064)
fim download do projeto 177
inicio download do projeto 176 (3902/4064)
fim download do projeto 176
inicio download do projeto 175 (3903/4064)
fim download do projeto 175
inicio download do projeto 174 (3904/4064)
fim download do projeto 174
inicio download do projeto 173 (3905/4064)
fim download do projeto 173
pausa extra de 8.0 segundos apos 3905 projetos
inicio download do projeto 172 (3906/4064)
fim download do projeto 172
inicio download do projeto 171 (3907/4064)
fim download do projeto 171
inicio download do projeto 170 (3908/4064)
fim download do projeto 170
inicio download do projeto 167 (3909/4064)
fim download do projeto 167
inicio download do projeto 166 (3910/4064)
fim download do projeto 166
progresso: 3910/4064 (96.2%) | tempo restante estimado: 01:34
pausa extra de 8.0 segundos apos 3910 projetos
inicio download do projeto 165 (3911/4064)
fim download do projeto 165
inicio download do projeto 163 (3912/4064)
fim download do projeto 163
inicio download do projeto 162 (3913/4064)
fim download do projeto 162
inicio download do projeto 161 (3914/4064)
fim download do projeto 161
inicio download do projeto 160 (3915/4064)
fim download do projeto 160
pausa extra de 8.0 segundos apos 3915 projetos
inicio download do projeto 159 (3916/4064)
fim download do projeto 159
inicio download do projeto 158 (3917/4064)
fim download do projeto 158
inicio download do projeto 157 (3918/4064)
fim download do projeto 157
inicio download do projeto 156 (3919/4064)
fim download do projeto 156
inicio download do projeto 155 (3920/4064)
fim download do projeto 155
progresso: 3920/4064 (96.5%) | tempo restante estimado: 01:30
pausa extra de 8.0 segundos apos 3920 projetos
inicio download do projeto 154 (3921/4064)
fim download do projeto 154
inicio download do projeto 153 (3922/4064)
fim download do projeto 153
inicio download do projeto 152 (3923/4064)
fim download do projeto 152
inicio download do projeto 151 (3924/4064)
fim download do projeto 151
inicio download do projeto 150 (3925/4064)
fim download do projeto 150
pausa extra de 8.0 segundos apos 3925 projetos
inicio download do projeto 149 (3926/4064)
fim download do projeto 149
inicio download do projeto 148 (3927/4064)
fim download do projeto 148
inicio download do projeto 147 (3928/4064)
fim download do projeto 147
inicio download do projeto 146 (3929/4064)
fim download do projeto 146
inicio download do projeto 145 (3930/4064)
fim download do projeto 145
progresso: 3930/4064 (96.7%) | tempo restante estimado: 01:25
pausa extra de 8.0 segundos apos 3930 projetos
inicio download do projeto 144 (3931/4064)
fim download do projeto 144
inicio download do projeto 143 (3932/4064)
fim download do projeto 143
inicio download do projeto 142 (3933/4064)
fim download do projeto 142
inicio download do projeto 141 (3934/4064)
fim download do projeto 141
inicio download do projeto 140 (3935/4064)
fim download do projeto 140
pausa extra de 8.0 segundos apos 3935 projetos
inicio download do projeto 139 (3936/4064)
fim download do projeto 139
inicio download do projeto 138 (3937/4064)
fim download do projeto 138
inicio download do projeto 137 (3938/4064)
fim download do projeto 137
inicio download do projeto 136 (3939/4064)
fim download do projeto 136
inicio download do projeto 135 (3940/4064)
fim download do projeto 135
progresso: 3940/4064 (96.9%) | tempo restante estimado: 01:20
pausa extra de 8.0 segundos apos 3940 projetos
inicio download do projeto 134 (3941/4064)
fim download do projeto 134
inicio download do projeto 133 (3942/4064)
fim download do projeto 133
inicio download do projeto 132 (3943/4064)
fim download do projeto 132
inicio download do projeto 131 (3944/4064)
fim download do projeto 131
inicio download do projeto 130 (3945/4064)
fim download do projeto 130
pausa extra de 8.0 segundos apos 3945 projetos
inicio download do projeto 129 (3946/4064)
fim download do projeto 129
inicio download do projeto 128 (3947/4064)
fim download do projeto 128
inicio download do projeto 127 (3948/4064)
fim download do projeto 127
inicio download do projeto 126 (3949/4064)
fim download do projeto 126
inicio download do projeto 125 (3950/4064)
fim download do projeto 125
progresso: 3950/4064 (97.2%) | tempo restante estimado: 01:14
pausa extra de 8.0 segundos apos 3950 projetos
inicio download do projeto 124 (3951/4064)
fim download do projeto 124
inicio download do projeto 123 (3952/4064)
fim download do projeto 123
inicio download do projeto 122 (3953/4064)
fim download do projeto 122
inicio download do projeto 121 (3954/4064)
fim download do projeto 121
inicio download do projeto 119 (3955/4064)
fim download do projeto 119
pausa extra de 8.0 segundos apos 3955 projetos
inicio download do projeto 118 (3956/4064)
fim download do projeto 118
inicio download do projeto 117 (3957/4064)
fim download do projeto 117
inicio download do projeto 116 (3958/4064)
fim download do projeto 116
inicio download do projeto 115 (3959/4064)
fim download do projeto 115
inicio download do projeto 114 (3960/4064)
fim download do projeto 114
progresso: 3960/4064 (97.4%) | tempo restante estimado: 01:09
pausa extra de 8.0 segundos apos 3960 projetos
inicio download do projeto 113 (3961/4064)
fim download do projeto 113
inicio download do projeto 112 (3962/4064)
fim download do projeto 112
inicio download do projeto 111 (3963/4064)
fim download do projeto 111
inicio download do projeto 110 (3964/4064)
fim download do projeto 110
inicio download do projeto 109 (3965/4064)
fim download do projeto 109
pausa extra de 8.0 segundos apos 3965 projetos
inicio download do projeto 108 (3966/4064)
fim download do projeto 108
inicio download do projeto 107 (3967/4064)
fim download do projeto 107
inicio download do projeto 106 (3968/4064)
fim download do projeto 106
inicio download do projeto 105 (3969/4064)
fim download do projeto 105
inicio download do projeto 104 (3970/4064)
fim download do projeto 104
progresso: 3970/4064 (97.7%) | tempo restante estimado: 01:03
pausa extra de 8.0 segundos apos 3970 projetos
inicio download do projeto 103 (3971/4064)
fim download do projeto 103
inicio download do projeto 102 (3972/4064)
fim download do projeto 102
inicio download do projeto 101 (3973/4064)
fim download do projeto 101
inicio download do projeto 100 (3974/4064)
fim download do projeto 100
inicio download do projeto 99 (3975/4064)
fim download do projeto 99
pausa extra de 8.0 segundos apos 3975 projetos
inicio download do projeto 98 (3976/4064)
fim download do projeto 98
inicio download do projeto 97 (3977/4064)
fim download do projeto 97
inicio download do projeto 96 (3978/4064)
fim download do projeto 96
inicio download do projeto 95 (3979/4064)
fim download do projeto 95
inicio download do projeto 94 (3980/4064)
fim download do projeto 94
progresso: 3980/4064 (97.9%) | tempo restante estimado: 00:57
pausa extra de 8.0 segundos apos 3980 projetos
inicio download do projeto 93 (3981/4064)
fim download do projeto 93
inicio download do projeto 92 (3982/4064)
fim download do projeto 92
inicio download do projeto 89 (3983/4064)
fim download do projeto 89
inicio download do projeto 88 (3984/4064)
fim download do projeto 88
inicio download do projeto 86 (3985/4064)
fim download do projeto 86
pausa extra de 8.0 segundos apos 3985 projetos
inicio download do projeto 85 (3986/4064)
fim download do projeto 85
inicio download do projeto 82 (3987/4064)
fim download do projeto 82
inicio download do projeto 81 (3988/4064)
fim download do projeto 81
inicio download do projeto 80 (3989/4064)
fim download do projeto 80
inicio download do projeto 79 (3990/4064)
fim download do projeto 79
progresso: 3990/4064 (98.2%) | tempo restante estimado: 00:51
pausa extra de 8.0 segundos apos 3990 projetos
inicio download do projeto 78 (3991/4064)
fim download do projeto 78
inicio download do projeto 77 (3992/4064)
fim download do projeto 77
inicio download do projeto 76 (3993/4064)
fim download do projeto 76
inicio download do projeto 75 (3994/4064)
fim download do projeto 75
inicio download do projeto 74 (3995/4064)
fim download do projeto 74
pausa extra de 8.0 segundos apos 3995 projetos
inicio download do projeto 73 (3996/4064)
fim download do projeto 73
inicio download do projeto 72 (3997/4064)
fim download do projeto 72
inicio download do projeto 71 (3998/4064)
fim download do projeto 71
inicio download do projeto 70 (3999/4064)
fim download do projeto 70
inicio download do projeto 69 (4000/4064)
fim download do projeto 69
progresso: 4000/4064 (98.4%) | tempo restante estimado: 00:45
pausa extra de 8.0 segundos apos 4000 projetos
inicio download do projeto 68 (4001/4064)
fim download do projeto 68
inicio download do projeto 67 (4002/4064)
fim download do projeto 67
inicio download do projeto 66 (4003/4064)
fim download do projeto 66
inicio download do projeto 65 (4004/4064)
fim download do projeto 65
inicio download do projeto 63 (4005/4064)
fim download do projeto 63
pausa extra de 8.0 segundos apos 4005 projetos
inicio download do projeto 61 (4006/4064)
fim download do projeto 61
inicio download do projeto 60 (4007/4064)
fim download do projeto 60
inicio download do projeto 59 (4008/4064)
fim download do projeto 59
inicio download do projeto 58 (4009/4064)
fim download do projeto 58
inicio download do projeto 57 (4010/4064)
fim download do projeto 57
progresso: 4010/4064 (98.7%) | tempo restante estimado: 00:38
pausa extra de 8.0 segundos apos 4010 projetos
inicio download do projeto 56 (4011/4064)
fim download do projeto 56
inicio download do projeto 55 (4012/4064)
fim download do projeto 55
inicio download do projeto 54 (4013/4064)
fim download do projeto 54
inicio download do projeto 53 (4014/4064)
fim download do projeto 53
inicio download do projeto 52 (4015/4064)
fim download do projeto 52
pausa extra de 8.0 segundos apos 4015 projetos
inicio download do projeto 51 (4016/4064)
fim download do projeto 51
inicio download do projeto 50 (4017/4064)
fim download do projeto 50
inicio download do projeto 49 (4018/4064)
fim download do projeto 49
inicio download do projeto 48 (4019/4064)
fim download do projeto 48
inicio download do projeto 47 (4020/4064)
fim download do projeto 47
progresso: 4020/4064 (98.9%) | tempo restante estimado: 00:31
pausa extra de 8.0 segundos apos 4020 projetos
inicio download do projeto 46 (4021/4064)
fim download do projeto 46
inicio download do projeto 44 (4022/4064)
fim download do projeto 44
inicio download do projeto 43 (4023/4064)
fim download do projeto 43
inicio download do projeto 42 (4024/4064)
fim download do projeto 42
inicio download do projeto 41 (4025/4064)
fim download do projeto 41
pausa extra de 8.0 segundos apos 4025 projetos
inicio download do projeto 40 (4026/4064)
fim download do projeto 40
inicio download do projeto 39 (4027/4064)
fim download do projeto 39
inicio download do projeto 38 (4028/4064)
fim download do projeto 38
inicio download do projeto 37 (4029/4064)
fim download do projeto 37
inicio download do projeto 36 (4030/4064)
fim download do projeto 36
progresso: 4030/4064 (99.2%) | tempo restante estimado: 00:25
pausa extra de 8.0 segundos apos 4030 projetos
inicio download do projeto 35 (4031/4064)
fim download do projeto 35
inicio download do projeto 34 (4032/4064)
fim download do projeto 34
inicio download do projeto 33 (4033/4064)
fim download do projeto 33
inicio download do projeto 32 (4034/4064)
fim download do projeto 32
inicio download do projeto 31 (4035/4064)
fim download do projeto 31
pausa extra de 8.0 segundos apos 4035 projetos
inicio download do projeto 30 (4036/4064)
fim download do projeto 30
inicio download do projeto 29 (4037/4064)
fim download do projeto 29
inicio download do projeto 28 (4038/4064)
fim download do projeto 28
inicio download do projeto 27 (4039/4064)
fim download do projeto 27
inicio download do projeto 26 (4040/4064)
fim download do projeto 26
progresso: 4040/4064 (99.4%) | tempo restante estimado: 00:18
pausa extra de 8.0 segundos apos 4040 projetos
inicio download do projeto 25 (4041/4064)
fim download do projeto 25
inicio download do projeto 24 (4042/4064)
fim download do projeto 24
inicio download do projeto 23 (4043/4064)
fim download do projeto 23
inicio download do projeto 22 (4044/4064)
fim download do projeto 22
inicio download do projeto 21 (4045/4064)
fim download do projeto 21
pausa extra de 8.0 segundos apos 4045 projetos
inicio download do projeto 20 (4046/4064)
fim download do projeto 20
inicio download do projeto 19 (4047/4064)
fim download do projeto 19
inicio download do projeto 18 (4048/4064)
fim download do projeto 18
inicio download do projeto 17 (4049/4064)
fim download do projeto 17
inicio download do projeto 16 (4050/4064)
fim download do projeto 16
progresso: 4050/4064 (99.7%) | tempo restante estimado: 00:10
pausa extra de 8.0 segundos apos 4050 projetos
inicio download do projeto 15 (4051/4064)
fim download do projeto 15
inicio download do projeto 14 (4052/4064)
fim download do projeto 14
inicio download do projeto 13 (4053/4064)
fim download do projeto 13
inicio download do projeto 12 (4054/4064)
fim download do projeto 12
inicio download do projeto 11 (4055/4064)
fim download do projeto 11
pausa extra de 8.0 segundos apos 4055 projetos
inicio download do projeto 10 (4056/4064)
fim download do projeto 10
inicio download do projeto 9 (4057/4064)
fim download do projeto 9
inicio download do projeto 8 (4058/4064)
fim download do projeto 8
inicio download do projeto 7 (4059/4064)
fim download do projeto 7
inicio download do projeto 5 (4060/4064)
fim download do projeto 5
progresso: 4060/4064 (99.9%) | tempo restante estimado: 00:03
pausa extra de 8.0 segundos apos 4060 projetos
inicio download do projeto 4 (4061/4064)
fim download do projeto 4
inicio download do projeto 3 (4062/4064)
fim download do projeto 3
inicio download do projeto 2 (4063/4064)
fim download do projeto 2
inicio download do projeto 1 (4064/4064)
fim download do projeto 1
progresso: 4064/4064 (100.0%) | tempo restante estimado: 00:00
resumo final:
projetos com sucesso: 719
projetos com falha: 0
projetos pulados: 3345
duracao total: 51:01
diretorio de saida: C:\Temp\Repositórios\registros-certificadoras\data\project_standards\01_bronze\gold_standard\20260422\projects
  [1/1] packing: data\project_standards\01_bronze\gold_standard\20260422
         4065 files, 36.2 MB
         -> data\project_standards\01_bronze\gold_standard\20260422.zip: 6.8 MB (81% reduction)
         done.
